student_id,course_id,chapter_id,time_spent_minutes,assessment_score,completed,total_chapters
STU0001,CRS01,1,124.5,86.92,0,10
STU0001,CRS01,2,81.98,100.0,0,10
STU0001,CRS01,3,38.31,84.25,0,10
STU0001,CRS01,4,154.98,100.0,0,10
STU0001,CRS02,1,158.54,64.99,0,9
STU0001,CRS02,2,65.94,66.69,0,9
STU0001,CRS02,3,125.1,92.22,0,9
STU0001,CRS02,4,166.14,78.74,0,9
STU0001,CRS02,5,45.47,56.75,0,9
STU0001,CRS02,6,290.5,86.81,0,9
STU0001,CRS02,7,257.45,76.38,0,9
STU0001,CRS02,8,158.88,74.69,0,9
STU0001,CRS02,9,177.64,87.04,1,9
STU0001,CRS03,1,177.35,67.83,0,12
STU0001,CRS03,2,175.31,81.52,0,12
STU0001,CRS03,3,35.73,73.69,0,12
STU0001,CRS03,4,28.94,53.61,0,12
STU0001,CRS03,5,164.67,60.94,0,12
STU0001,CRS03,6,71.16,55.61,0,12
STU0001,CRS03,7,35.51,64.2,0,12
STU0001,CRS03,8,162.06,80.83,0,12
STU0001,CRS03,9,164.27,83.61,0,12
STU0001,CRS04,1,101.42,41.55,0,8
STU0001,CRS04,2,62.5,39.85,0,8
STU0001,CRS04,3,108.39,44.82,0,8
STU0001,CRS04,4,121.92,56.18,0,8
STU0001,CRS04,5,102.08,43.05,0,8
STU0001,CRS04,6,84.02,56.5,0,8
STU0001,CRS05,1,40.59,44.23,0,8
STU0001,CRS05,2,50.66,35.64,0,8
STU0001,CRS05,3,34.28,30.94,0,8
STU0001,CRS05,4,104.56,35.07,0,8
STU0001,CRS05,5,76.9,38.4,0,8
STU0002,CRS01,1,56.06,70.44,0,9
STU0002,CRS01,2,239.19,89.53,0,9
STU0002,CRS02,1,72.61,41.83,0,10
STU0002,CRS02,2,33.42,54.96,0,10
STU0002,CRS02,3,89.55,53.78,0,10
STU0002,CRS02,4,69.25,52.63,0,10
STU0002,CRS02,5,59.16,34.47,0,10
STU0002,CRS03,1,83.35,82.33,0,12
STU0002,CRS03,2,103.23,80.14,0,12
STU0002,CRS03,3,131.43,69.66,0,12
STU0002,CRS03,4,172.67,68.54,0,12
STU0002,CRS03,5,209.43,89.84,0,12
STU0002,CRS03,6,52.9,58.56,0,12
STU0002,CRS03,7,159.86,68.48,0,12
STU0002,CRS03,8,165.27,81.26,0,12
STU0002,CRS03,9,95.0,69.44,0,12
STU0002,CRS03,10,162.92,46.76,0,12
STU0002,CRS03,11,68.95,80.28,0,12
STU0002,CRS03,12,62.78,64.4,1,12
STU0002,CRS04,1,35.5,34.05,0,8
STU0002,CRS04,2,141.88,70.25,0,8
STU0002,CRS04,3,172.77,66.85,0,8
STU0002,CRS04,4,50.07,59.83,0,8
STU0002,CRS04,5,130.67,56.71,0,8
STU0002,CRS04,6,141.88,43.17,0,8
STU0002,CRS04,7,156.2,48.51,0,8
STU0002,CRS04,8,147.61,43.11,1,8
STU0002,CRS05,1,117.76,62.14,0,11
STU0002,CRS05,2,208.76,90.21,0,11
STU0002,CRS05,3,198.42,62.94,0,11
STU0002,CRS05,4,155.41,68.98,0,11
STU0002,CRS05,5,70.71,96.28,0,11
STU0002,CRS05,6,34.12,63.93,0,11
STU0002,CRS05,7,122.38,78.59,0,11
STU0002,CRS05,8,225.34,76.25,0,11
STU0002,CRS05,9,143.92,76.95,0,11
STU0003,CRS01,1,55.88,46.8,0,8
STU0003,CRS01,2,88.31,50.52,0,8
STU0003,CRS01,3,29.46,46.0,0,8
STU0003,CRS01,4,151.3,54.17,0,8
STU0003,CRS01,5,120.15,38.29,0,8
STU0003,CRS01,6,117.39,34.92,0,8
STU0003,CRS01,7,135.54,40.38,0,8
STU0003,CRS01,8,153.69,55.97,1,8
STU0003,CRS02,1,186.63,100.0,0,11
STU0003,CRS02,2,132.17,100.0,0,11
STU0003,CRS02,3,53.51,69.07,0,11
STU0003,CRS02,4,187.36,84.54,0,11
STU0003,CRS03,1,80.9,75.77,0,12
STU0003,CRS03,2,43.3,58.25,0,12
STU0003,CRS03,3,84.73,71.36,0,12
STU0003,CRS03,4,99.99,49.97,0,12
STU0003,CRS03,5,52.72,66.86,0,12
STU0003,CRS03,6,27.52,67.03,0,12
STU0003,CRS03,7,40.95,71.48,0,12
STU0003,CRS04,1,91.78,75.15,0,8
STU0003,CRS04,2,65.21,84.49,0,8
STU0003,CRS04,3,58.96,64.23,0,8
STU0003,CRS05,1,93.44,85.72,0,8
STU0003,CRS05,2,28.09,59.74,0,8
STU0003,CRS05,3,134.44,77.16,0,8
STU0003,CRS05,4,181.77,85.31,0,8
STU0003,CRS05,5,121.46,72.12,0,8
STU0004,CRS01,1,108.39,92.34,0,11
STU0004,CRS01,2,95.83,81.5,0,11
STU0004,CRS01,3,32.57,74.97,0,11
STU0004,CRS01,4,183.6,100.0,0,11
STU0004,CRS01,5,227.78,100.0,0,11
STU0004,CRS01,6,69.86,89.25,0,11
STU0004,CRS01,7,218.79,95.21,0,11
STU0004,CRS01,8,215.06,96.05,0,11
STU0004,CRS01,9,255.88,92.15,0,11
STU0004,CRS01,10,216.5,100.0,0,11
STU0004,CRS01,11,256.83,100.0,1,11
STU0004,CRS02,1,245.41,73.02,0,11
STU0004,CRS02,2,110.64,64.36,0,11
STU0004,CRS02,3,144.98,68.89,0,11
STU0004,CRS02,4,51.71,67.58,0,11
STU0004,CRS02,5,259.95,92.06,0,11
STU0004,CRS02,6,58.83,59.21,0,11
STU0004,CRS02,7,274.24,86.29,0,11
STU0004,CRS02,8,245.11,69.54,0,11
STU0004,CRS02,9,89.97,58.04,0,11
STU0004,CRS02,10,267.34,68.34,0,11
STU0004,CRS02,11,188.54,54.44,1,11
STU0004,CRS03,1,161.59,72.87,0,8
STU0004,CRS03,2,116.14,44.77,0,8
STU0004,CRS03,3,88.35,43.54,0,8
STU0004,CRS03,4,128.25,35.27,0,8
STU0004,CRS03,5,214.23,66.93,0,8
STU0004,CRS03,6,203.84,65.06,0,8
STU0004,CRS03,7,135.71,44.05,0,8
STU0004,CRS03,8,148.13,52.56,1,8
STU0004,CRS04,1,40.45,75.34,0,12
STU0004,CRS04,2,71.1,58.81,0,12
STU0004,CRS04,3,104.08,86.64,0,12
STU0004,CRS04,4,273.14,74.34,0,12
STU0004,CRS04,5,132.99,71.08,0,12
STU0004,CRS04,6,200.62,72.99,0,12
STU0004,CRS04,7,93.51,61.23,0,12
STU0004,CRS04,8,154.85,61.47,0,12
STU0004,CRS04,9,109.99,87.14,0,12
STU0004,CRS04,10,71.17,50.55,0,12
STU0004,CRS04,11,297.93,94.71,0,12
STU0004,CRS04,12,58.91,45.95,1,12
STU0004,CRS05,1,152.34,57.78,0,8
STU0004,CRS05,2,151.21,53.37,0,8
STU0004,CRS05,3,168.9,47.59,0,8
STU0005,CRS01,1,90.23,40.4,0,11
STU0005,CRS01,2,109.83,55.88,0,11
STU0005,CRS01,3,97.11,42.02,0,11
STU0005,CRS01,4,58.34,20.79,0,11
STU0005,CRS01,5,76.6,41.11,0,11
STU0005,CRS01,6,25.0,32.47,0,11
STU0005,CRS01,7,68.72,54.35,0,11
STU0005,CRS01,8,73.26,44.05,0,11
STU0005,CRS01,9,28.48,30.42,0,11
STU0005,CRS02,1,189.06,87.79,0,9
STU0005,CRS02,2,152.26,89.14,0,9
STU0005,CRS02,3,144.2,82.15,0,9
STU0005,CRS02,4,124.71,72.48,0,9
STU0005,CRS02,5,93.46,92.29,0,9
STU0005,CRS02,6,131.7,78.66,0,9
STU0005,CRS02,7,205.42,67.32,0,9
STU0005,CRS02,8,165.04,90.45,0,9
STU0005,CRS02,9,158.04,100.0,1,9
STU0005,CRS03,1,90.67,38.31,0,11
STU0005,CRS03,2,117.45,41.6,0,11
STU0005,CRS03,3,33.1,47.52,0,11
STU0005,CRS03,4,81.92,45.74,0,11
STU0005,CRS03,5,100.99,37.82,0,11
STU0005,CRS03,6,171.11,47.65,0,11
STU0005,CRS03,7,223.07,59.13,0,11
STU0005,CRS04,1,87.74,86.63,0,8
STU0005,CRS04,2,44.94,84.52,0,8
STU0005,CRS04,3,83.61,81.95,0,8
STU0005,CRS04,4,33.65,80.01,0,8
STU0005,CRS04,5,129.26,83.97,0,8
STU0005,CRS04,6,31.33,86.02,0,8
STU0005,CRS04,7,42.79,89.3,0,8
STU0005,CRS05,1,118.31,57.56,0,12
STU0005,CRS05,2,152.97,49.55,0,12
STU0005,CRS05,3,121.04,54.56,0,12
STU0005,CRS05,4,96.15,47.73,0,12
STU0005,CRS05,5,135.24,48.33,0,12
STU0005,CRS05,6,85.7,49.84,0,12
STU0005,CRS05,7,41.01,45.87,0,12
STU0005,CRS05,8,68.08,42.98,0,12
STU0005,CRS05,9,55.57,40.91,0,12
STU0005,CRS05,10,38.77,17.84,0,12
STU0005,CRS05,11,45.42,49.88,0,12
STU0005,CRS05,12,212.68,60.37,1,12
STU0006,CRS01,1,87.07,80.81,0,8
STU0006,CRS01,2,63.62,70.67,0,8
STU0006,CRS01,3,90.5,81.86,0,8
STU0006,CRS01,4,95.41,95.13,0,8
STU0006,CRS01,5,24.05,71.43,0,8
STU0006,CRS01,6,122.42,86.68,0,8
STU0006,CRS01,7,68.55,54.87,0,8
STU0006,CRS01,8,81.44,78.53,1,8
STU0006,CRS02,1,70.41,26.33,0,8
STU0006,CRS02,2,53.73,39.81,0,8
STU0006,CRS02,3,111.7,37.05,0,8
STU0006,CRS03,1,100.0,97.59,0,11
STU0006,CRS03,2,183.0,100.0,0,11
STU0006,CRS03,3,179.84,100.0,0,11
STU0006,CRS03,4,75.37,96.41,0,11
STU0006,CRS03,5,219.48,100.0,0,11
STU0006,CRS03,6,124.64,78.42,0,11
STU0006,CRS03,7,224.99,100.0,0,11
STU0006,CRS03,8,156.74,100.0,0,11
STU0006,CRS03,9,117.07,85.63,0,11
STU0006,CRS03,10,153.74,96.77,0,11
STU0006,CRS03,11,107.01,100.0,1,11
STU0006,CRS04,1,204.65,90.03,0,10
STU0006,CRS04,2,99.74,76.8,0,10
STU0006,CRS04,3,161.76,65.54,0,10
STU0006,CRS04,4,237.6,87.7,0,10
STU0006,CRS04,5,234.67,71.63,0,10
STU0006,CRS04,6,128.46,64.53,0,10
STU0006,CRS04,7,212.11,79.3,0,10
STU0006,CRS04,8,195.17,78.58,0,10
STU0006,CRS04,9,121.98,85.29,0,10
STU0006,CRS04,10,272.35,55.94,1,10
STU0006,CRS05,1,62.07,59.87,0,12
STU0006,CRS05,2,91.0,53.74,0,12
STU0006,CRS05,3,253.32,73.35,0,12
STU0006,CRS05,4,36.5,52.9,0,12
STU0006,CRS05,5,48.56,48.28,0,12
STU0006,CRS05,6,58.29,38.74,0,12
STU0006,CRS05,7,80.36,39.03,0,12
STU0006,CRS05,8,119.76,36.63,0,12
STU0006,CRS05,9,134.05,40.81,0,12
STU0006,CRS05,10,89.15,47.87,0,12
STU0006,CRS05,11,147.57,61.65,0,12
STU0006,CRS05,12,290.68,37.64,1,12
STU0007,CRS01,1,46.27,8.15,0,10
STU0007,CRS01,2,110.62,49.88,0,10
STU0007,CRS01,3,127.62,41.36,0,10
STU0007,CRS01,4,25.45,21.94,0,10
STU0007,CRS01,5,51.36,39.27,0,10
STU0007,CRS01,6,40.2,32.4,0,10
STU0007,CRS01,7,37.36,33.09,0,10
STU0007,CRS01,8,66.29,32.65,0,10
STU0007,CRS01,9,32.53,31.37,0,10
STU0007,CRS01,10,141.25,53.98,1,10
STU0007,CRS02,1,43.54,40.79,0,11
STU0007,CRS02,2,154.66,63.88,0,11
STU0007,CRS02,3,78.42,62.01,0,11
STU0007,CRS03,1,53.23,61.56,0,12
STU0007,CRS03,2,64.0,81.77,0,12
STU0007,CRS03,3,47.89,85.87,0,12
STU0007,CRS03,4,88.63,81.55,0,12
STU0007,CRS03,5,118.52,94.81,0,12
STU0007,CRS03,6,115.56,85.72,0,12
STU0007,CRS04,1,19.79,34.05,0,9
STU0007,CRS04,2,138.08,79.56,0,9
STU0007,CRS04,3,57.52,66.35,0,9
STU0007,CRS04,4,114.43,40.68,0,9
STU0007,CRS04,5,105.52,39.12,0,9
STU0007,CRS04,6,141.27,54.12,0,9
STU0007,CRS05,1,136.19,89.13,0,8
STU0007,CRS05,2,120.7,70.69,0,8
STU0007,CRS05,3,180.38,64.59,0,8
STU0007,CRS05,4,195.64,73.59,0,8
STU0007,CRS05,5,232.29,88.96,0,8
STU0007,CRS05,6,48.16,60.83,0,8
STU0007,CRS05,7,159.37,64.32,0,8
STU0007,CRS05,8,101.63,66.55,1,8
STU0008,CRS01,1,156.63,41.8,0,12
STU0008,CRS01,2,34.65,34.71,0,12
STU0008,CRS01,3,176.71,63.08,0,12
STU0008,CRS01,4,106.98,46.19,0,12
STU0008,CRS01,5,101.55,42.94,0,12
STU0008,CRS01,6,128.93,65.47,0,12
STU0008,CRS01,7,231.22,52.96,0,12
STU0008,CRS02,1,115.0,83.61,0,10
STU0008,CRS02,2,33.76,63.08,0,10
STU0008,CRS02,3,58.63,92.75,0,10
STU0008,CRS02,4,104.03,64.26,0,10
STU0008,CRS03,1,34.46,56.02,0,10
STU0008,CRS03,2,42.99,20.05,0,10
STU0008,CRS03,3,89.98,35.08,0,10
STU0008,CRS03,4,85.58,49.16,0,10
STU0008,CRS03,5,35.06,41.27,0,10
STU0008,CRS03,6,32.98,38.02,0,10
STU0008,CRS04,1,105.73,59.09,0,9
STU0008,CRS04,2,171.9,63.03,0,9
STU0008,CRS04,3,155.28,54.73,0,9
STU0008,CRS04,4,100.87,46.7,0,9
STU0008,CRS04,5,137.73,85.7,0,9
STU0008,CRS04,6,113.52,68.53,0,9
STU0008,CRS04,7,171.96,63.55,0,9
STU0008,CRS04,8,143.74,66.98,0,9
STU0008,CRS04,9,133.24,53.2,1,9
STU0008,CRS05,1,78.36,60.53,0,9
STU0008,CRS05,2,45.51,37.51,0,9
STU0008,CRS05,3,76.74,29.98,0,9
STU0008,CRS05,4,28.54,23.73,0,9
STU0009,CRS01,1,112.61,42.04,0,11
STU0009,CRS01,2,23.2,54.83,0,11
STU0009,CRS01,3,71.68,46.28,0,11
STU0009,CRS01,4,156.29,68.7,0,11
STU0009,CRS01,5,104.18,53.95,0,11
STU0009,CRS01,6,140.51,58.56,0,11
STU0009,CRS01,7,141.74,53.43,0,11
STU0009,CRS01,8,143.36,56.17,0,11
STU0009,CRS01,9,115.56,54.85,0,11
STU0009,CRS01,10,101.08,36.89,0,11
STU0009,CRS02,1,45.33,57.73,0,8
STU0009,CRS02,2,110.21,75.32,0,8
STU0009,CRS02,3,120.18,63.11,0,8
STU0009,CRS02,4,188.48,71.44,0,8
STU0009,CRS02,5,166.7,78.98,0,8
STU0009,CRS03,1,121.69,84.03,0,10
STU0009,CRS03,2,30.13,61.12,0,10
STU0009,CRS03,3,145.51,54.5,0,10
STU0009,CRS03,4,91.97,71.21,0,10
STU0009,CRS03,5,124.21,65.21,0,10
STU0009,CRS03,6,61.74,57.34,0,10
STU0009,CRS03,7,156.39,66.86,0,10
STU0009,CRS03,8,135.94,66.18,0,10
STU0009,CRS03,9,123.39,67.87,0,10
STU0009,CRS03,10,47.86,47.44,1,10
STU0009,CRS04,1,63.66,76.61,0,12
STU0009,CRS05,1,84.39,71.87,0,8
STU0010,CRS01,1,189.37,47.22,0,10
STU0010,CRS01,2,237.09,68.6,0,10
STU0010,CRS01,3,50.53,26.55,0,10
STU0010,CRS01,4,183.96,51.84,0,10
STU0010,CRS01,5,44.34,35.09,0,10
STU0010,CRS01,6,110.51,40.36,0,10
STU0010,CRS01,7,262.4,54.78,0,10
STU0010,CRS01,8,212.6,56.58,0,10
STU0010,CRS02,1,29.16,46.47,0,10
STU0010,CRS03,1,55.39,50.81,0,11
STU0010,CRS03,2,83.74,63.62,0,11
STU0010,CRS03,3,21.59,69.85,0,11
STU0010,CRS03,4,113.91,80.43,0,11
STU0010,CRS03,5,60.01,60.24,0,11
STU0010,CRS03,6,57.21,66.89,0,11
STU0010,CRS03,7,123.39,75.61,0,11
STU0010,CRS04,1,92.81,38.33,0,8
STU0010,CRS04,2,67.52,24.96,0,8
STU0010,CRS04,3,25.05,33.67,0,8
STU0010,CRS04,4,68.62,32.03,0,8
STU0010,CRS04,5,50.84,33.43,0,8
STU0010,CRS04,6,135.44,39.3,0,8
STU0010,CRS05,1,97.54,62.23,0,11
STU0010,CRS05,2,110.24,77.65,0,11
STU0010,CRS05,3,167.84,74.78,0,11
STU0010,CRS05,4,107.38,70.47,0,11
STU0010,CRS05,5,78.42,47.31,0,11
STU0010,CRS05,6,188.49,72.35,0,11
STU0010,CRS05,7,216.19,82.14,0,11
STU0010,CRS05,8,123.29,89.44,0,11
STU0010,CRS05,9,27.06,73.01,0,11
STU0010,CRS05,10,131.04,71.62,0,11
STU0011,CRS01,1,96.02,55.93,0,9
STU0011,CRS01,2,72.81,63.28,0,9
STU0011,CRS01,3,92.81,62.42,0,9
STU0011,CRS01,4,68.8,42.69,0,9
STU0011,CRS01,5,101.52,69.25,0,9
STU0011,CRS01,6,87.72,55.23,0,9
STU0011,CRS01,7,66.75,79.96,0,9
STU0011,CRS01,8,91.2,51.81,0,9
STU0011,CRS02,1,55.2,78.22,0,11
STU0011,CRS02,2,150.5,77.13,0,11
STU0011,CRS02,3,120.4,78.6,0,11
STU0011,CRS02,4,106.33,72.61,0,11
STU0011,CRS02,5,174.79,95.77,0,11
STU0011,CRS02,6,52.44,70.44,0,11
STU0011,CRS03,1,99.88,69.36,0,12
STU0011,CRS03,2,65.58,51.06,0,12
STU0011,CRS03,3,19.99,43.61,0,12
STU0011,CRS03,4,86.54,81.25,0,12
STU0011,CRS03,5,124.7,63.14,0,12
STU0011,CRS03,6,69.34,68.21,0,12
STU0011,CRS03,7,43.21,42.81,0,12
STU0011,CRS03,8,98.85,57.39,0,12
STU0011,CRS03,9,137.1,70.93,0,12
STU0011,CRS04,1,111.43,82.42,0,12
STU0011,CRS04,2,65.95,93.37,0,12
STU0011,CRS04,3,56.9,80.92,0,12
STU0011,CRS04,4,130.64,100.0,0,12
STU0011,CRS04,5,94.77,100.0,0,12
STU0011,CRS05,1,241.72,69.55,0,10
STU0011,CRS05,2,111.39,86.68,0,10
STU0011,CRS05,3,143.05,63.83,0,10
STU0011,CRS05,4,272.39,67.41,0,10
STU0011,CRS05,5,188.79,60.06,0,10
STU0011,CRS05,6,173.27,78.03,0,10
STU0011,CRS05,7,264.93,82.73,0,10
STU0011,CRS05,8,181.2,67.33,0,10
STU0011,CRS05,9,212.07,67.32,0,10
STU0011,CRS05,10,85.99,76.98,1,10
STU0012,CRS01,1,69.91,85.2,0,9
STU0012,CRS01,2,112.4,82.54,0,9
STU0012,CRS01,3,107.0,63.11,0,9
STU0012,CRS01,4,42.83,65.45,0,9
STU0012,CRS01,5,145.13,87.39,0,9
STU0012,CRS01,6,62.19,72.35,0,9
STU0012,CRS01,7,168.58,83.08,0,9
STU0012,CRS01,8,160.62,83.87,0,9
STU0012,CRS01,9,132.89,75.85,1,9
STU0012,CRS02,1,50.07,84.33,0,8
STU0012,CRS02,2,153.25,81.32,0,8
STU0012,CRS02,3,227.52,70.92,0,8
STU0012,CRS02,4,216.42,77.68,0,8
STU0012,CRS02,5,218.96,99.17,0,8
STU0012,CRS02,6,162.38,79.14,0,8
STU0012,CRS03,1,65.02,80.11,0,12
STU0012,CRS03,2,74.45,69.55,0,12
STU0012,CRS04,1,154.25,86.28,0,9
STU0012,CRS04,2,173.25,56.43,0,9
STU0012,CRS04,3,170.86,38.89,0,9
STU0012,CRS04,4,96.49,48.8,0,9
STU0012,CRS04,5,165.29,55.1,0,9
STU0012,CRS04,6,107.49,65.06,0,9
STU0012,CRS04,7,38.7,40.6,0,9
STU0012,CRS04,8,64.74,45.05,0,9
STU0012,CRS04,9,65.43,44.55,1,9
STU0012,CRS05,1,124.82,86.61,0,11
STU0012,CRS05,2,140.66,88.86,0,11
STU0012,CRS05,3,48.05,98.35,0,11
STU0012,CRS05,4,159.61,100.0,0,11
STU0012,CRS05,5,46.69,74.38,0,11
STU0012,CRS05,6,78.11,90.12,0,11
STU0012,CRS05,7,140.49,100.0,0,11
STU0013,CRS01,1,183.01,97.87,0,12
STU0013,CRS01,2,98.8,89.34,0,12
STU0013,CRS01,3,191.97,92.34,0,12
STU0013,CRS01,4,76.07,85.76,0,12
STU0013,CRS01,5,106.03,88.45,0,12
STU0013,CRS01,6,113.17,98.19,0,12
STU0013,CRS01,7,58.36,95.76,0,12
STU0013,CRS01,8,44.62,91.68,0,12
STU0013,CRS02,1,65.48,86.97,0,10
STU0013,CRS02,2,208.14,68.37,0,10
STU0013,CRS02,3,156.35,65.9,0,10
STU0013,CRS02,4,158.78,60.77,0,10
STU0013,CRS02,5,50.13,71.47,0,10
STU0013,CRS02,6,80.4,65.52,0,10
STU0013,CRS03,1,46.37,73.32,0,10
STU0013,CRS03,2,50.98,75.33,0,10
STU0013,CRS03,3,72.76,91.09,0,10
STU0013,CRS03,4,66.97,81.93,0,10
STU0013,CRS03,5,33.81,70.46,0,10
STU0013,CRS04,1,118.33,61.12,0,10
STU0013,CRS04,2,26.11,58.77,0,10
STU0013,CRS04,3,117.13,62.45,0,10
STU0013,CRS04,4,96.77,57.94,0,10
STU0013,CRS04,5,70.48,46.79,0,10
STU0013,CRS04,6,139.77,51.23,0,10
STU0013,CRS04,7,162.6,60.67,0,10
STU0013,CRS04,8,152.09,85.38,0,10
STU0013,CRS05,1,183.67,59.42,0,11
STU0013,CRS05,2,33.22,29.19,0,11
STU0013,CRS05,3,44.6,31.59,0,11
STU0013,CRS05,4,144.82,41.48,0,11
STU0013,CRS05,5,157.43,34.67,0,11
STU0013,CRS05,6,230.37,56.9,0,11
STU0013,CRS05,7,74.77,41.31,0,11
STU0013,CRS05,8,54.99,34.41,0,11
STU0013,CRS05,9,229.82,64.42,0,11
STU0013,CRS05,10,215.07,47.14,0,11
STU0013,CRS05,11,71.25,36.42,1,11
STU0014,CRS01,1,126.05,100.0,0,9
STU0014,CRS01,2,120.95,100.0,0,9
STU0014,CRS01,3,87.12,84.6,0,9
STU0014,CRS01,4,27.38,85.56,0,9
STU0014,CRS02,1,86.95,98.36,0,11
STU0014,CRS02,2,98.26,86.83,0,11
STU0014,CRS02,3,97.52,79.34,0,11
STU0014,CRS02,4,70.04,100.0,0,11
STU0014,CRS02,5,34.79,100.0,0,11
STU0014,CRS02,6,44.36,87.96,0,11
STU0014,CRS02,7,31.57,79.43,0,11
STU0014,CRS02,8,80.61,85.88,0,11
STU0014,CRS02,9,39.0,79.45,0,11
STU0014,CRS03,1,47.62,77.96,0,9
STU0014,CRS03,2,109.36,85.41,0,9
STU0014,CRS03,3,185.08,85.68,0,9
STU0014,CRS03,4,177.39,95.65,0,9
STU0014,CRS03,5,29.18,78.72,0,9
STU0014,CRS03,6,182.77,96.25,0,9
STU0014,CRS03,7,28.86,67.91,0,9
STU0014,CRS03,8,236.19,85.61,0,9
STU0014,CRS03,9,126.65,87.24,1,9
STU0014,CRS04,1,89.16,74.99,0,11
STU0014,CRS04,2,67.77,52.6,0,11
STU0014,CRS04,3,48.27,65.4,0,11
STU0014,CRS04,4,88.64,58.67,0,11
STU0014,CRS05,1,109.73,96.06,0,11
STU0014,CRS05,2,70.89,100.0,0,11
STU0014,CRS05,3,127.23,100.0,0,11
STU0014,CRS05,4,142.04,96.54,0,11
STU0014,CRS05,5,22.42,96.26,0,11
STU0015,CRS01,1,46.78,70.28,0,9
STU0015,CRS01,2,89.24,57.34,0,9
STU0015,CRS01,3,79.48,48.68,0,9
STU0015,CRS02,1,149.37,42.51,0,11
STU0015,CRS02,2,117.66,52.73,0,11
STU0015,CRS03,1,90.56,48.12,0,8
STU0015,CRS03,2,111.45,55.67,0,8
STU0015,CRS03,3,136.49,71.6,0,8
STU0015,CRS03,4,118.41,72.48,0,8
STU0015,CRS03,5,32.72,50.73,0,8
STU0015,CRS03,6,65.7,45.61,0,8
STU0015,CRS03,7,76.21,53.81,0,8
STU0015,CRS04,1,73.01,49.88,0,8
STU0015,CRS04,2,91.3,47.81,0,8
STU0015,CRS04,3,58.17,48.24,0,8
STU0015,CRS04,4,86.76,54.15,0,8
STU0015,CRS05,1,28.01,100.0,0,11
STU0015,CRS05,2,43.52,100.0,0,11
STU0015,CRS05,3,108.81,100.0,0,11
STU0015,CRS05,4,150.51,100.0,0,11
STU0015,CRS05,5,75.4,100.0,0,11
STU0015,CRS05,6,147.65,100.0,0,11
STU0015,CRS05,7,52.56,99.52,0,11
STU0015,CRS05,8,25.17,95.52,0,11
STU0015,CRS05,9,42.67,79.17,0,11
STU0015,CRS05,10,178.82,100.0,0,11
STU0015,CRS05,11,145.44,83.62,1,11
STU0016,CRS01,1,87.05,87.5,0,11
STU0016,CRS01,2,18.57,80.16,0,11
STU0016,CRS01,3,122.73,98.93,0,11
STU0016,CRS01,4,84.11,91.1,0,11
STU0016,CRS01,5,35.88,93.53,0,11
STU0016,CRS01,6,49.99,66.25,0,11
STU0016,CRS02,1,28.73,28.55,0,12
STU0016,CRS02,2,99.93,34.99,0,12
STU0016,CRS02,3,122.3,35.47,0,12
STU0016,CRS02,4,161.96,47.34,0,12
STU0016,CRS02,5,121.51,55.82,0,12
STU0016,CRS03,1,23.61,85.58,0,10
STU0016,CRS03,2,119.34,88.4,0,10
STU0016,CRS03,3,75.56,80.77,0,10
STU0016,CRS03,4,61.73,63.53,0,10
STU0016,CRS03,5,100.33,73.87,0,10
STU0016,CRS03,6,158.67,82.35,0,10
STU0016,CRS03,7,109.43,80.7,0,10
STU0016,CRS03,8,35.6,78.42,0,10
STU0016,CRS03,9,103.7,70.12,0,10
STU0016,CRS03,10,46.84,52.76,1,10
STU0016,CRS04,1,63.62,74.02,0,12
STU0016,CRS04,2,71.34,80.2,0,12
STU0016,CRS04,3,48.39,70.23,0,12
STU0016,CRS04,4,86.19,95.61,0,12
STU0016,CRS05,1,30.29,100.0,0,8
STU0016,CRS05,2,82.32,88.55,0,8
STU0016,CRS05,3,143.68,86.69,0,8
STU0017,CRS01,1,48.76,45.87,0,11
STU0017,CRS01,2,61.45,30.8,0,11
STU0017,CRS01,3,122.21,36.08,0,11
STU0017,CRS01,4,21.99,27.85,0,11
STU0017,CRS01,5,89.56,25.77,0,11
STU0017,CRS01,6,28.02,21.25,0,11
STU0017,CRS01,7,115.51,29.78,0,11
STU0017,CRS01,8,70.97,36.79,0,11
STU0017,CRS01,9,126.92,39.41,0,11
STU0017,CRS01,10,38.13,54.59,0,11
STU0017,CRS01,11,45.34,18.51,1,11
STU0017,CRS02,1,66.4,36.14,0,8
STU0017,CRS02,2,92.58,50.74,0,8
STU0017,CRS02,3,60.45,56.26,0,8
STU0017,CRS02,4,218.71,59.75,0,8
STU0017,CRS02,5,54.54,39.01,0,8
STU0017,CRS02,6,164.43,57.29,0,8
STU0017,CRS02,7,147.91,59.56,0,8
STU0017,CRS02,8,188.67,54.06,1,8
STU0017,CRS03,1,49.89,30.08,0,8
STU0017,CRS03,2,45.37,47.77,0,8
STU0017,CRS03,3,52.89,28.47,0,8
STU0017,CRS03,4,164.82,42.99,0,8
STU0017,CRS03,5,186.25,53.11,0,8
STU0017,CRS03,6,26.1,30.62,0,8
STU0017,CRS03,7,116.32,32.14,0,8
STU0017,CRS03,8,41.25,41.63,1,8
STU0017,CRS04,1,133.54,100.0,0,11
STU0017,CRS04,2,192.44,100.0,0,11
STU0017,CRS04,3,111.14,100.0,0,11
STU0017,CRS04,4,142.8,100.0,0,11
STU0017,CRS04,5,97.49,86.43,0,11
STU0017,CRS04,6,231.36,100.0,0,11
STU0017,CRS04,7,232.38,100.0,0,11
STU0017,CRS04,8,64.21,100.0,0,11
STU0017,CRS04,9,237.15,92.28,0,11
STU0017,CRS04,10,150.67,96.68,0,11
STU0017,CRS04,11,192.49,100.0,1,11
STU0017,CRS05,1,29.26,85.57,0,10
STU0017,CRS05,2,87.71,87.82,0,10
STU0017,CRS05,3,21.64,75.23,0,10
STU0017,CRS05,4,101.84,96.66,0,10
STU0017,CRS05,5,91.77,86.06,0,10
STU0017,CRS05,6,65.36,66.3,0,10
STU0017,CRS05,7,70.51,80.78,0,10
STU0018,CRS01,1,71.66,95.9,0,8
STU0018,CRS01,2,95.16,100.0,0,8
STU0018,CRS01,3,153.65,89.45,0,8
STU0018,CRS01,4,203.71,100.0,0,8
STU0018,CRS01,5,54.17,80.98,0,8
STU0018,CRS01,6,99.19,80.33,0,8
STU0018,CRS01,7,220.81,96.32,0,8
STU0018,CRS01,8,221.21,100.0,1,8
STU0018,CRS02,1,25.43,36.9,0,12
STU0018,CRS02,2,127.15,67.27,0,12
STU0018,CRS02,3,63.97,59.89,0,12
STU0018,CRS02,4,134.21,50.08,0,12
STU0018,CRS02,5,100.27,57.35,0,12
STU0018,CRS02,6,116.83,59.53,0,12
STU0018,CRS03,1,159.5,47.17,0,9
STU0018,CRS03,2,124.36,52.06,0,9
STU0018,CRS03,3,113.83,46.86,0,9
STU0018,CRS03,4,117.28,63.58,0,9
STU0018,CRS03,5,54.56,39.96,0,9
STU0018,CRS04,1,11.76,27.37,0,8
STU0018,CRS04,2,37.01,45.04,0,8
STU0018,CRS04,3,77.91,55.62,0,8
STU0018,CRS04,4,93.42,61.13,0,8
STU0018,CRS05,1,35.86,30.95,0,8
STU0018,CRS05,2,62.52,44.16,0,8
STU0018,CRS05,3,34.58,44.95,0,8
STU0018,CRS05,4,60.99,32.25,0,8
STU0019,CRS01,1,33.54,31.31,0,8
STU0019,CRS01,2,134.87,48.28,0,8
STU0019,CRS01,3,109.12,39.05,0,8
STU0019,CRS01,4,136.69,41.0,0,8
STU0019,CRS01,5,187.45,40.76,0,8
STU0019,CRS01,6,228.49,53.27,0,8
STU0019,CRS01,7,99.27,36.48,0,8
STU0019,CRS01,8,103.02,20.68,1,8
STU0019,CRS02,1,134.71,40.94,0,12
STU0019,CRS02,2,168.61,25.36,0,12
STU0019,CRS02,3,77.31,34.36,0,12
STU0019,CRS03,1,45.41,36.27,0,11
STU0019,CRS03,2,63.54,32.54,0,11
STU0019,CRS04,1,90.27,73.85,0,8
STU0019,CRS04,2,58.59,94.12,0,8
STU0019,CRS04,3,105.54,87.52,0,8
STU0019,CRS04,4,33.48,72.27,0,8
STU0019,CRS04,5,71.56,67.27,0,8
STU0019,CRS04,6,114.51,70.14,0,8
STU0019,CRS04,7,150.61,97.76,0,8
STU0019,CRS04,8,18.02,69.97,1,8
STU0019,CRS05,1,31.99,70.23,0,9
STU0019,CRS05,2,79.25,66.12,0,9
STU0019,CRS05,3,59.0,72.8,0,9
STU0019,CRS05,4,47.26,79.63,0,9
STU0019,CRS05,5,70.26,61.8,0,9
STU0019,CRS05,6,94.15,72.2,0,9
STU0020,CRS01,1,79.19,72.05,0,10
STU0020,CRS01,2,97.71,48.41,0,10
STU0020,CRS01,3,13.25,31.34,0,10
STU0020,CRS01,4,41.48,67.79,0,10
STU0020,CRS02,1,81.13,66.03,0,8
STU0020,CRS02,2,94.44,65.0,0,8
STU0020,CRS02,3,39.88,83.01,0,8
STU0020,CRS02,4,93.16,83.76,0,8
STU0020,CRS02,5,102.43,67.51,0,8
STU0020,CRS02,6,59.25,72.88,0,8
STU0020,CRS02,7,79.06,48.69,0,8
STU0020,CRS02,8,90.45,55.65,1,8
STU0020,CRS03,1,105.4,89.09,0,8
STU0020,CRS03,2,64.71,100.0,0,8
STU0020,CRS03,3,23.34,78.51,0,8
STU0020,CRS03,4,69.25,90.05,0,8
STU0020,CRS03,5,24.86,93.72,0,8
STU0020,CRS04,1,157.66,41.2,0,10
STU0020,CRS04,2,66.58,34.66,0,10
STU0020,CRS04,3,63.61,44.13,0,10
STU0020,CRS04,4,152.22,67.24,0,10
STU0020,CRS04,5,289.85,52.09,0,10
STU0020,CRS04,6,72.89,48.35,0,10
STU0020,CRS04,7,293.92,85.84,0,10
STU0020,CRS04,8,101.51,31.0,0,10
STU0020,CRS04,9,133.6,57.1,0,10
STU0020,CRS04,10,178.58,64.05,1,10
STU0020,CRS05,1,53.61,73.93,0,11
STU0020,CRS05,2,86.8,89.82,0,11
STU0020,CRS05,3,61.93,95.41,0,11
STU0020,CRS05,4,39.03,100.0,0,11
STU0020,CRS05,5,20.0,100.0,0,11
STU0020,CRS05,6,134.66,75.0,0,11
STU0020,CRS05,7,106.47,97.53,0,11
STU0021,CRS01,1,169.15,54.63,0,8
STU0021,CRS01,2,34.29,30.32,0,8
STU0021,CRS01,3,135.83,49.11,0,8
STU0021,CRS01,4,138.87,75.11,0,8
STU0021,CRS01,5,168.37,60.14,0,8
STU0021,CRS01,6,114.76,49.83,0,8
STU0021,CRS01,7,136.8,48.99,0,8
STU0021,CRS01,8,176.07,48.03,1,8
STU0021,CRS02,1,81.69,51.51,0,8
STU0021,CRS02,2,16.14,28.95,0,8
STU0021,CRS02,3,66.25,44.6,0,8
STU0021,CRS02,4,13.0,48.06,0,8
STU0021,CRS02,5,75.41,31.57,0,8
STU0021,CRS03,1,57.31,58.7,0,9
STU0021,CRS03,2,142.49,81.7,0,9
STU0021,CRS03,3,146.06,62.89,0,9
STU0021,CRS03,4,25.84,47.88,0,9
STU0021,CRS04,1,209.56,100.0,0,8
STU0021,CRS04,2,147.58,100.0,0,8
STU0021,CRS04,3,131.35,83.45,0,8
STU0021,CRS04,4,59.56,80.83,0,8
STU0021,CRS04,5,276.87,76.63,0,8
STU0021,CRS04,6,165.07,93.46,0,8
STU0021,CRS04,7,224.32,77.99,0,8
STU0021,CRS04,8,111.78,76.87,1,8
STU0021,CRS05,1,34.21,68.63,0,10
STU0021,CRS05,2,81.67,64.07,0,10
STU0021,CRS05,3,82.12,75.53,0,10
STU0021,CRS05,4,208.12,67.12,0,10
STU0021,CRS05,5,145.27,68.03,0,10
STU0021,CRS05,6,166.39,80.24,0,10
STU0021,CRS05,7,93.53,48.61,0,10
STU0021,CRS05,8,64.82,45.83,0,10
STU0021,CRS05,9,227.63,57.68,0,10
STU0021,CRS05,10,259.71,65.06,1,10
STU0022,CRS01,1,15.09,48.64,0,8
STU0022,CRS01,2,102.75,63.08,0,8
STU0022,CRS02,1,230.73,48.03,0,12
STU0022,CRS02,2,218.25,50.73,0,12
STU0022,CRS02,3,230.86,47.61,0,12
STU0022,CRS02,4,241.14,54.64,0,12
STU0022,CRS02,5,55.62,34.07,0,12
STU0022,CRS02,6,227.1,41.68,0,12
STU0022,CRS02,7,62.82,38.51,0,12
STU0022,CRS02,8,97.39,32.37,0,12
STU0022,CRS02,9,196.24,67.76,0,12
STU0022,CRS02,10,57.11,26.84,0,12
STU0022,CRS02,11,128.58,36.86,0,12
STU0022,CRS02,12,194.12,54.76,1,12
STU0022,CRS03,1,39.9,88.3,0,12
STU0022,CRS03,2,58.6,89.4,0,12
STU0022,CRS03,3,76.5,94.39,0,12
STU0022,CRS03,4,32.5,72.07,0,12
STU0022,CRS04,1,203.18,95.15,0,11
STU0022,CRS04,2,132.44,83.07,0,11
STU0022,CRS04,3,32.15,85.92,0,11
STU0022,CRS04,4,130.2,90.33,0,11
STU0022,CRS04,5,160.96,90.6,0,11
STU0022,CRS04,6,167.94,86.01,0,11
STU0022,CRS04,7,32.0,65.11,0,11
STU0022,CRS04,8,81.42,90.05,0,11
STU0022,CRS04,9,211.73,88.32,0,11
STU0022,CRS04,10,124.38,76.41,0,11
STU0022,CRS04,11,75.09,68.19,1,11
STU0022,CRS05,1,63.49,48.11,0,12
STU0022,CRS05,2,48.14,54.28,0,12
STU0022,CRS05,3,110.69,69.66,0,12
STU0022,CRS05,4,143.31,58.43,0,12
STU0022,CRS05,5,105.96,68.44,0,12
STU0022,CRS05,6,48.87,45.91,0,12
STU0022,CRS05,7,89.39,47.84,0,12
STU0023,CRS01,1,68.99,92.35,0,8
STU0023,CRS01,2,133.19,81.08,0,8
STU0023,CRS01,3,65.57,76.92,0,8
STU0023,CRS01,4,197.67,96.18,0,8
STU0023,CRS01,5,83.43,69.74,0,8
STU0023,CRS01,6,61.4,70.35,0,8
STU0023,CRS01,7,203.03,78.17,0,8
STU0023,CRS01,8,147.24,77.82,1,8
STU0023,CRS02,1,25.52,64.94,0,9
STU0023,CRS02,2,212.55,100.0,0,9
STU0023,CRS02,3,73.54,97.0,0,9
STU0023,CRS02,4,81.79,76.99,0,9
STU0023,CRS02,5,122.08,58.16,0,9
STU0023,CRS03,1,103.97,81.92,0,11
STU0023,CRS03,2,27.11,58.45,0,11
STU0023,CRS03,3,82.56,65.2,0,11
STU0023,CRS03,4,81.57,36.8,0,11
STU0023,CRS03,5,70.53,60.57,0,11
STU0023,CRS03,6,64.67,51.7,0,11
STU0023,CRS03,7,58.55,71.94,0,11
STU0023,CRS03,8,124.9,75.36,0,11
STU0023,CRS03,9,50.54,53.7,0,11
STU0023,CRS04,1,104.68,86.74,0,11
STU0023,CRS05,1,26.47,69.15,0,11
STU0023,CRS05,2,26.44,61.8,0,11
STU0023,CRS05,3,17.09,46.97,0,11
STU0023,CRS05,4,12.16,71.45,0,11
STU0024,CRS01,1,132.76,64.08,0,10
STU0024,CRS01,2,79.94,83.23,0,10
STU0024,CRS01,3,20.14,51.01,0,10
STU0024,CRS02,1,137.17,63.57,0,8
STU0024,CRS02,2,120.36,41.27,0,8
STU0024,CRS02,3,49.91,34.01,0,8
STU0024,CRS03,1,64.19,46.59,0,9
STU0024,CRS03,2,45.36,48.63,0,9
STU0024,CRS03,3,37.58,59.29,0,9
STU0024,CRS03,4,22.85,48.92,0,9
STU0024,CRS03,5,45.61,40.22,0,9
STU0024,CRS03,6,83.87,46.03,0,9
STU0024,CRS04,1,89.03,65.93,0,11
STU0024,CRS04,2,50.04,50.56,0,11
STU0024,CRS04,3,115.31,67.98,0,11
STU0024,CRS05,1,188.44,65.36,0,9
STU0024,CRS05,2,84.13,95.99,0,9
STU0024,CRS05,3,107.0,100.0,0,9
STU0024,CRS05,4,39.38,100.0,0,9
STU0024,CRS05,5,182.91,85.57,0,9
STU0025,CRS01,1,161.75,92.71,0,11
STU0025,CRS01,2,118.83,100.0,0,11
STU0025,CRS01,3,65.66,92.52,0,11
STU0025,CRS01,4,130.73,89.21,0,11
STU0025,CRS01,5,163.0,100.0,0,11
STU0025,CRS01,6,179.1,91.63,0,11
STU0025,CRS01,7,128.92,100.0,0,11
STU0025,CRS02,1,65.7,61.05,0,10
STU0025,CRS02,2,103.18,83.01,0,10
STU0025,CRS02,3,186.14,80.13,0,10
STU0025,CRS02,4,159.91,89.45,0,10
STU0025,CRS02,5,53.42,74.42,0,10
STU0025,CRS02,6,55.88,79.03,0,10
STU0025,CRS03,1,180.69,50.5,0,9
STU0025,CRS03,2,69.23,49.68,0,9
STU0025,CRS03,3,101.7,56.07,0,9
STU0025,CRS03,4,241.64,64.03,0,9
STU0025,CRS03,5,116.26,50.16,0,9
STU0025,CRS03,6,119.49,39.92,0,9
STU0025,CRS04,1,161.28,46.69,0,9
STU0025,CRS04,2,146.64,73.25,0,9
STU0025,CRS04,3,125.98,39.48,0,9
STU0025,CRS04,4,251.94,28.53,0,9
STU0025,CRS04,5,254.94,51.56,0,9
STU0025,CRS04,6,193.6,43.02,0,9
STU0025,CRS04,7,108.66,36.95,0,9
STU0025,CRS04,8,109.82,49.86,0,9
STU0025,CRS04,9,249.33,44.96,1,9
STU0025,CRS05,1,41.74,45.86,0,11
STU0025,CRS05,2,49.21,29.82,0,11
STU0025,CRS05,3,55.48,56.25,0,11
STU0026,CRS01,1,169.19,58.99,0,8
STU0026,CRS01,2,228.71,64.01,0,8
STU0026,CRS01,3,174.39,50.48,0,8
STU0026,CRS01,4,196.24,68.98,0,8
STU0026,CRS01,5,92.31,47.56,0,8
STU0026,CRS01,6,45.09,30.47,0,8
STU0026,CRS01,7,72.84,64.32,0,8
STU0026,CRS01,8,133.87,48.4,1,8
STU0026,CRS02,1,91.06,61.72,0,9
STU0026,CRS02,2,118.12,69.98,0,9
STU0026,CRS02,3,106.65,53.36,0,9
STU0026,CRS02,4,88.12,44.77,0,9
STU0026,CRS03,1,83.84,59.73,0,10
STU0026,CRS03,2,121.56,100.0,0,10
STU0026,CRS03,3,65.49,71.91,0,10
STU0026,CRS03,4,60.23,62.05,0,10
STU0026,CRS03,5,23.9,73.86,0,10
STU0026,CRS03,6,32.42,81.14,0,10
STU0026,CRS03,7,96.03,74.6,0,10
STU0026,CRS03,8,66.11,77.54,0,10
STU0026,CRS03,9,144.49,69.23,0,10
STU0026,CRS03,10,123.34,81.81,1,10
STU0026,CRS04,1,134.16,80.27,0,12
STU0026,CRS04,2,111.3,89.14,0,12
STU0026,CRS05,1,139.49,70.42,0,8
STU0026,CRS05,2,169.41,88.74,0,8
STU0026,CRS05,3,190.57,82.86,0,8
STU0027,CRS01,1,50.6,86.71,0,10
STU0027,CRS01,2,64.65,84.14,0,10
STU0027,CRS01,3,86.77,93.94,0,10
STU0027,CRS01,4,86.98,91.73,0,10
STU0027,CRS01,5,69.32,96.03,0,10
STU0027,CRS01,6,82.11,81.65,0,10
STU0027,CRS01,7,101.29,90.98,0,10
STU0027,CRS01,8,65.37,78.55,0,10
STU0027,CRS01,9,79.35,73.39,0,10
STU0027,CRS01,10,59.07,71.19,1,10
STU0027,CRS02,1,39.45,66.88,0,11
STU0027,CRS02,2,81.15,78.57,0,11
STU0027,CRS02,3,49.46,59.87,0,11
STU0027,CRS02,4,82.18,57.86,0,11
STU0027,CRS02,5,63.71,59.89,0,11
STU0027,CRS02,6,21.77,62.83,0,11
STU0027,CRS03,1,127.57,87.82,0,11
STU0027,CRS03,2,154.52,84.61,0,11
STU0027,CRS03,3,72.79,86.13,0,11
STU0027,CRS03,4,109.0,64.46,0,11
STU0027,CRS03,5,165.15,96.31,0,11
STU0027,CRS03,6,76.21,70.08,0,11
STU0027,CRS03,7,190.8,78.82,0,11
STU0027,CRS03,8,41.38,87.61,0,11
STU0027,CRS03,9,58.91,56.77,0,11
STU0027,CRS03,10,150.46,88.53,0,11
STU0027,CRS03,11,107.49,83.59,1,11
STU0027,CRS04,1,85.19,76.22,0,12
STU0027,CRS04,2,88.5,54.17,0,12
STU0027,CRS04,3,68.24,68.98,0,12
STU0027,CRS04,4,49.63,83.01,0,12
STU0027,CRS04,5,91.9,88.3,0,12
STU0027,CRS05,1,50.56,71.46,0,10
STU0027,CRS05,2,77.99,54.87,0,10
STU0027,CRS05,3,113.65,60.45,0,10
STU0027,CRS05,4,62.39,44.93,0,10
STU0027,CRS05,5,79.5,60.09,0,10
STU0027,CRS05,6,17.73,48.16,0,10
STU0027,CRS05,7,129.79,60.45,0,10
STU0027,CRS05,8,137.97,47.48,0,10
STU0027,CRS05,9,102.07,53.79,0,10
STU0027,CRS05,10,138.99,61.93,1,10
STU0028,CRS01,1,141.79,81.51,0,12
STU0028,CRS01,2,72.35,73.17,0,12
STU0028,CRS01,3,188.2,73.13,0,12
STU0028,CRS01,4,90.55,59.15,0,12
STU0028,CRS01,5,196.52,85.94,0,12
STU0028,CRS01,6,120.4,61.68,0,12
STU0028,CRS01,7,212.24,64.01,0,12
STU0028,CRS01,8,40.27,51.76,0,12
STU0028,CRS01,9,232.68,79.39,0,12
STU0028,CRS02,1,118.06,38.08,0,9
STU0028,CRS02,2,138.58,46.04,0,9
STU0028,CRS02,3,96.39,37.56,0,9
STU0028,CRS02,4,207.69,50.48,0,9
STU0028,CRS02,5,192.25,46.44,0,9
STU0028,CRS02,6,45.18,45.48,0,9
STU0028,CRS03,1,58.24,76.98,0,8
STU0028,CRS03,2,54.13,76.66,0,8
STU0028,CRS03,3,68.62,83.51,0,8
STU0028,CRS03,4,28.22,71.66,0,8
STU0028,CRS03,5,78.92,70.98,0,8
STU0028,CRS03,6,71.84,70.66,0,8
STU0028,CRS03,7,66.3,55.92,0,8
STU0028,CRS03,8,80.95,70.94,1,8
STU0028,CRS04,1,36.62,60.5,0,12
STU0028,CRS04,2,34.27,49.69,0,12
STU0028,CRS04,3,91.38,68.03,0,12
STU0028,CRS04,4,104.14,53.03,0,12
STU0028,CRS04,5,93.84,56.7,0,12
STU0028,CRS04,6,52.4,50.54,0,12
STU0028,CRS04,7,37.39,38.94,0,12
STU0028,CRS04,8,46.8,56.52,0,12
STU0028,CRS04,9,114.56,62.91,0,12
STU0028,CRS05,1,24.37,81.42,0,11
STU0028,CRS05,2,53.01,70.53,0,11
STU0028,CRS05,3,86.94,63.36,0,11
STU0028,CRS05,4,91.59,75.36,0,11
STU0028,CRS05,5,60.56,89.47,0,11
STU0028,CRS05,6,54.08,67.38,0,11
STU0028,CRS05,7,91.8,80.05,0,11
STU0028,CRS05,8,108.66,100.0,0,11
STU0029,CRS01,1,62.11,81.52,0,10
STU0029,CRS01,2,90.17,100.0,0,10
STU0029,CRS01,3,18.53,74.6,0,10
STU0029,CRS01,4,101.44,99.28,0,10
STU0029,CRS01,5,103.44,100.0,0,10
STU0029,CRS01,6,100.02,95.52,0,10
STU0029,CRS01,7,81.12,91.82,0,10
STU0029,CRS01,8,74.83,95.35,0,10
STU0029,CRS01,9,156.03,83.88,0,10
STU0029,CRS01,10,98.25,97.75,1,10
STU0029,CRS02,1,40.34,69.51,0,9
STU0029,CRS02,2,19.88,59.96,0,9
STU0029,CRS03,1,125.23,100.0,0,9
STU0029,CRS03,2,176.06,91.37,0,9
STU0029,CRS03,3,135.48,96.11,0,9
STU0029,CRS03,4,210.73,100.0,0,9
STU0029,CRS04,1,111.45,63.81,0,11
STU0029,CRS04,2,64.09,51.5,0,11
STU0029,CRS04,3,42.73,56.73,0,11
STU0029,CRS04,4,76.58,45.3,0,11
STU0029,CRS05,1,58.01,71.58,0,8
STU0029,CRS05,2,81.84,50.78,0,8
STU0029,CRS05,3,84.06,67.78,0,8
STU0029,CRS05,4,73.36,68.69,0,8
STU0029,CRS05,5,13.49,46.68,0,8
STU0029,CRS05,6,66.49,57.21,0,8
STU0029,CRS05,7,17.03,56.4,0,8
STU0030,CRS01,1,67.79,91.3,0,8
STU0030,CRS01,2,79.94,100.0,0,8
STU0030,CRS01,3,26.24,82.11,0,8
STU0030,CRS01,4,18.3,86.97,0,8
STU0030,CRS01,5,61.34,86.79,0,8
STU0030,CRS01,6,33.0,82.48,0,8
STU0030,CRS02,1,171.55,64.75,0,11
STU0030,CRS02,2,216.28,74.17,0,11
STU0030,CRS02,3,46.2,35.74,0,11
STU0030,CRS02,4,210.1,68.25,0,11
STU0030,CRS02,5,162.34,53.79,0,11
STU0030,CRS02,6,93.23,58.17,0,11
STU0030,CRS02,7,49.27,34.19,0,11
STU0030,CRS02,8,43.96,48.03,0,11
STU0030,CRS02,9,143.16,66.76,0,11
STU0030,CRS02,10,224.8,82.89,0,11
STU0030,CRS02,11,111.06,69.28,1,11
STU0030,CRS03,1,146.31,67.69,0,10
STU0030,CRS03,2,179.87,87.5,0,10
STU0030,CRS03,3,56.81,62.04,0,10
STU0030,CRS03,4,59.37,48.69,0,10
STU0030,CRS03,5,250.48,86.19,0,10
STU0030,CRS03,6,233.84,85.98,0,10
STU0030,CRS03,7,251.08,68.83,0,10
STU0030,CRS03,8,281.33,68.44,0,10
STU0030,CRS03,9,67.06,55.3,0,10
STU0030,CRS03,10,77.14,53.7,1,10
STU0030,CRS04,1,208.84,97.21,0,8
STU0030,CRS04,2,249.93,81.68,0,8
STU0030,CRS04,3,167.93,88.16,0,8
STU0030,CRS04,4,274.05,100.0,0,8
STU0030,CRS04,5,220.66,100.0,0,8
STU0030,CRS04,6,186.61,78.92,0,8
STU0030,CRS04,7,102.62,65.92,0,8
STU0030,CRS04,8,87.12,58.95,1,8
STU0030,CRS05,1,85.45,66.71,0,10
STU0030,CRS05,2,142.3,95.54,0,10
STU0030,CRS05,3,149.73,77.71,0,10
STU0030,CRS05,4,179.87,93.9,0,10
STU0030,CRS05,5,39.45,63.89,0,10
STU0030,CRS05,6,120.26,99.12,0,10
STU0030,CRS05,7,166.97,81.31,0,10
STU0030,CRS05,8,46.9,67.05,0,10
STU0030,CRS05,9,262.48,76.08,0,10
STU0030,CRS05,10,41.52,49.22,1,10
STU0031,CRS01,1,62.38,39.17,0,8
STU0031,CRS01,2,166.93,39.35,0,8
STU0031,CRS01,3,144.42,53.51,0,8
STU0031,CRS01,4,71.56,52.13,0,8
STU0031,CRS01,5,229.36,54.73,0,8
STU0031,CRS01,6,98.71,37.75,0,8
STU0031,CRS02,1,56.01,75.61,0,8
STU0031,CRS02,2,20.89,67.79,0,8
STU0031,CRS02,3,40.77,73.97,0,8
STU0031,CRS02,4,97.89,63.51,0,8
STU0031,CRS02,5,139.55,90.66,0,8
STU0031,CRS02,6,79.8,63.3,0,8
STU0031,CRS02,7,78.73,77.22,0,8
STU0031,CRS02,8,57.81,50.61,1,8
STU0031,CRS03,1,94.51,90.0,0,8
STU0031,CRS03,2,45.42,81.59,0,8
STU0031,CRS03,3,53.44,95.58,0,8
STU0031,CRS03,4,35.55,100.0,0,8
STU0031,CRS03,5,85.97,90.63,0,8
STU0031,CRS03,6,102.93,100.0,0,8
STU0031,CRS04,1,27.85,52.02,0,12
STU0031,CRS04,2,74.17,61.87,0,12
STU0031,CRS04,3,32.56,37.43,0,12
STU0031,CRS04,4,44.09,46.63,0,12
STU0031,CRS04,5,78.31,48.85,0,12
STU0031,CRS04,6,24.01,31.85,0,12
STU0031,CRS04,7,87.81,47.65,0,12
STU0031,CRS05,1,103.11,73.39,0,8
STU0031,CRS05,2,28.74,68.0,0,8
STU0031,CRS05,3,48.47,71.2,0,8
STU0031,CRS05,4,115.11,87.21,0,8
STU0031,CRS05,5,234.57,82.38,0,8
STU0031,CRS05,6,50.25,65.39,0,8
STU0032,CRS01,1,47.41,41.68,0,12
STU0032,CRS01,2,101.77,47.37,0,12
STU0032,CRS01,3,48.51,41.81,0,12
STU0032,CRS01,4,97.17,47.02,0,12
STU0032,CRS01,5,78.88,33.94,0,12
STU0032,CRS01,6,35.15,43.62,0,12
STU0032,CRS02,1,120.18,59.47,0,12
STU0032,CRS02,2,156.79,42.3,0,12
STU0032,CRS02,3,101.17,38.84,0,12
STU0032,CRS02,4,77.32,34.86,0,12
STU0032,CRS02,5,36.34,29.04,0,12
STU0032,CRS02,6,60.92,17.87,0,12
STU0032,CRS02,7,166.73,52.15,0,12
STU0032,CRS02,8,77.64,58.4,0,12
STU0032,CRS02,9,44.82,44.98,0,12
STU0032,CRS02,10,29.42,45.53,0,12
STU0032,CRS02,11,100.84,52.22,0,12
STU0032,CRS02,12,131.91,40.46,1,12
STU0032,CRS03,1,76.53,62.88,0,10
STU0032,CRS03,2,30.96,55.16,0,10
STU0032,CRS03,3,94.28,61.52,0,10
STU0032,CRS03,4,92.37,58.97,0,10
STU0032,CRS03,5,52.27,59.37,0,10
STU0032,CRS03,6,37.7,71.65,0,10
STU0032,CRS04,1,126.53,71.1,0,11
STU0032,CRS04,2,104.19,67.33,0,11
STU0032,CRS04,3,56.2,76.3,0,11
STU0032,CRS05,1,115.15,58.83,0,12
STU0032,CRS05,2,136.05,85.28,0,12
STU0032,CRS05,3,134.95,68.28,0,12
STU0032,CRS05,4,43.45,56.64,0,12
STU0032,CRS05,5,90.43,71.87,0,12
STU0032,CRS05,6,171.67,73.49,0,12
STU0032,CRS05,7,107.09,55.25,0,12
STU0032,CRS05,8,118.71,58.39,0,12
STU0032,CRS05,9,22.67,49.69,0,12
STU0032,CRS05,10,190.95,81.95,0,12
STU0032,CRS05,11,141.36,54.49,0,12
STU0032,CRS05,12,192.99,79.54,1,12
STU0033,CRS01,1,76.73,33.93,0,11
STU0033,CRS01,2,137.35,34.56,0,11
STU0033,CRS01,3,254.42,43.67,0,11
STU0033,CRS01,4,159.03,47.14,0,11
STU0033,CRS01,5,239.82,38.27,0,11
STU0033,CRS01,6,215.58,59.11,0,11
STU0033,CRS01,7,76.48,29.71,0,11
STU0033,CRS01,8,55.1,39.06,0,11
STU0033,CRS01,9,119.16,33.45,0,11
STU0033,CRS01,10,114.07,35.92,0,11
STU0033,CRS01,11,244.9,45.29,1,11
STU0033,CRS02,1,148.26,66.43,0,9
STU0033,CRS02,2,84.99,55.24,0,9
STU0033,CRS02,3,85.99,53.0,0,9
STU0033,CRS02,4,38.87,57.84,0,9
STU0033,CRS02,5,216.27,59.58,0,9
STU0033,CRS02,6,217.13,71.37,0,9
STU0033,CRS02,7,51.77,29.48,0,9
STU0033,CRS02,8,49.93,42.38,0,9
STU0033,CRS02,9,214.08,62.71,1,9
STU0033,CRS03,1,37.37,50.29,0,11
STU0033,CRS03,2,123.6,58.88,0,11
STU0033,CRS03,3,53.15,61.91,0,11
STU0033,CRS03,4,73.35,54.93,0,11
STU0033,CRS04,1,52.06,78.12,0,12
STU0033,CRS04,2,66.92,64.88,0,12
STU0033,CRS04,3,34.18,62.81,0,12
STU0033,CRS04,4,147.05,80.15,0,12
STU0033,CRS04,5,34.43,76.32,0,12
STU0033,CRS05,1,29.8,66.88,0,9
STU0033,CRS05,2,55.98,36.84,0,9
STU0033,CRS05,3,172.39,100.0,0,9
STU0033,CRS05,4,177.24,78.33,0,9
STU0033,CRS05,5,115.73,85.75,0,9
STU0033,CRS05,6,159.03,85.07,0,9
STU0034,CRS01,1,100.18,46.63,0,10
STU0034,CRS01,2,56.68,44.43,0,10
STU0034,CRS01,3,34.82,57.42,0,10
STU0034,CRS01,4,124.8,61.33,0,10
STU0034,CRS01,5,115.48,62.64,0,10
STU0034,CRS01,6,64.74,67.43,0,10
STU0034,CRS01,7,57.74,37.81,0,10
STU0034,CRS01,8,145.85,64.1,0,10
STU0034,CRS02,1,81.97,42.44,0,8
STU0034,CRS02,2,39.38,19.15,0,8
STU0034,CRS02,3,12.24,34.98,0,8
STU0034,CRS03,1,153.98,67.22,0,11
STU0034,CRS03,2,139.96,64.29,0,11
STU0034,CRS03,3,134.64,79.99,0,11
STU0034,CRS03,4,28.59,63.43,0,11
STU0034,CRS03,5,49.05,36.69,0,11
STU0034,CRS03,6,195.13,73.16,0,11
STU0034,CRS03,7,170.99,67.54,0,11
STU0034,CRS03,8,228.33,55.3,0,11
STU0034,CRS03,9,153.23,74.74,0,11
STU0034,CRS03,10,79.68,55.75,0,11
STU0034,CRS03,11,96.33,60.66,1,11
STU0034,CRS04,1,66.82,45.34,0,11
STU0034,CRS04,2,39.36,54.81,0,11
STU0034,CRS04,3,147.59,47.99,0,11
STU0034,CRS04,4,82.72,45.1,0,11
STU0034,CRS04,5,144.43,35.1,0,11
STU0034,CRS04,6,22.38,45.07,0,11
STU0034,CRS04,7,161.01,45.63,0,11
STU0034,CRS04,8,35.21,37.25,0,11
STU0034,CRS04,9,85.98,20.62,0,11
STU0034,CRS04,10,38.04,45.93,0,11
STU0034,CRS04,11,38.92,44.63,1,11
STU0034,CRS05,1,109.14,50.25,0,8
STU0034,CRS05,2,111.37,86.07,0,8
STU0034,CRS05,3,210.81,82.36,0,8
STU0034,CRS05,4,227.26,74.07,0,8
STU0034,CRS05,5,102.75,74.94,0,8
STU0034,CRS05,6,151.59,82.42,0,8
STU0034,CRS05,7,121.6,82.84,0,8
STU0034,CRS05,8,264.57,71.57,1,8
STU0035,CRS01,1,65.73,45.69,0,10
STU0035,CRS01,2,129.24,51.15,0,10
STU0035,CRS01,3,71.33,51.82,0,10
STU0035,CRS01,4,111.98,48.99,0,10
STU0035,CRS01,5,136.88,42.37,0,10
STU0035,CRS01,6,197.43,52.04,0,10
STU0035,CRS01,7,36.4,47.73,0,10
STU0035,CRS01,8,208.11,72.24,0,10
STU0035,CRS01,9,201.32,69.03,0,10
STU0035,CRS01,10,164.58,52.24,1,10
STU0035,CRS02,1,97.5,100.0,0,9
STU0035,CRS02,2,69.69,93.65,0,9
STU0035,CRS02,3,95.22,83.57,0,9
STU0035,CRS02,4,89.75,79.64,0,9
STU0035,CRS02,5,221.46,100.0,0,9
STU0035,CRS02,6,96.52,82.21,0,9
STU0035,CRS02,7,110.74,89.85,0,9
STU0035,CRS02,8,164.07,100.0,0,9
STU0035,CRS03,1,230.94,97.89,0,8
STU0035,CRS03,2,132.01,100.0,0,8
STU0035,CRS03,3,103.9,100.0,0,8
STU0035,CRS03,4,118.63,100.0,0,8
STU0035,CRS03,5,43.1,79.71,0,8
STU0035,CRS03,6,172.86,100.0,0,8
STU0035,CRS03,7,227.58,100.0,0,8
STU0035,CRS03,8,51.16,94.16,1,8
STU0035,CRS04,1,69.29,46.33,0,10
STU0035,CRS04,2,26.04,52.04,0,10
STU0035,CRS04,3,77.69,47.75,0,10
STU0035,CRS04,4,125.43,41.68,0,10
STU0035,CRS04,5,33.4,47.93,0,10
STU0035,CRS04,6,149.48,55.55,0,10
STU0035,CRS05,1,19.3,54.27,0,12
STU0035,CRS05,2,39.69,69.23,0,12
STU0035,CRS05,3,146.95,86.99,0,12
STU0036,CRS01,1,63.22,57.19,0,12
STU0036,CRS01,2,82.41,86.55,0,12
STU0036,CRS01,3,58.74,65.45,0,12
STU0036,CRS02,1,83.54,72.77,0,9
STU0036,CRS02,2,42.32,58.14,0,9
STU0036,CRS03,1,62.45,72.58,0,11
STU0036,CRS04,1,112.98,43.47,0,12
STU0036,CRS04,2,124.62,58.61,0,12
STU0036,CRS04,3,90.68,34.95,0,12
STU0036,CRS04,4,83.16,33.44,0,12
STU0036,CRS05,1,142.82,66.1,0,10
STU0036,CRS05,2,19.11,55.2,0,10
STU0037,CRS01,1,168.76,82.97,0,10
STU0037,CRS01,2,38.26,64.54,0,10
STU0037,CRS01,3,54.25,85.89,0,10
STU0037,CRS02,1,47.86,90.53,0,8
STU0037,CRS02,2,61.09,85.66,0,8
STU0037,CRS02,3,119.94,79.67,0,8
STU0037,CRS02,4,205.58,100.0,0,8
STU0037,CRS02,5,33.56,59.08,0,8
STU0037,CRS02,6,203.64,93.01,0,8
STU0037,CRS02,7,40.43,53.29,0,8
STU0037,CRS02,8,83.71,98.2,1,8
STU0037,CRS03,1,24.9,52.6,0,8
STU0037,CRS03,2,48.24,38.19,0,8
STU0037,CRS03,3,134.55,57.53,0,8
STU0037,CRS03,4,114.31,62.55,0,8
STU0037,CRS03,5,126.15,57.33,0,8
STU0037,CRS03,6,135.78,76.36,0,8
STU0037,CRS03,7,119.59,49.14,0,8
STU0037,CRS04,1,58.11,95.9,0,11
STU0037,CRS04,2,107.6,91.13,0,11
STU0037,CRS04,3,90.23,83.51,0,11
STU0037,CRS04,4,59.29,71.68,0,11
STU0037,CRS04,5,128.13,92.7,0,11
STU0037,CRS04,6,29.97,70.07,0,11
STU0037,CRS05,1,262.76,96.46,0,12
STU0037,CRS05,2,145.62,84.6,0,12
STU0037,CRS05,3,117.35,100.0,0,12
STU0037,CRS05,4,147.34,100.0,0,12
STU0037,CRS05,5,174.36,100.0,0,12
STU0037,CRS05,6,122.18,83.87,0,12
STU0037,CRS05,7,178.07,100.0,0,12
STU0037,CRS05,8,241.68,88.0,0,12
STU0037,CRS05,9,195.69,86.73,0,12
STU0037,CRS05,10,146.94,92.11,0,12
STU0037,CRS05,11,174.95,76.37,0,12
STU0037,CRS05,12,41.37,80.59,1,12
STU0038,CRS01,1,43.64,35.33,0,10
STU0038,CRS01,2,183.62,54.34,0,10
STU0038,CRS01,3,151.15,56.06,0,10
STU0038,CRS01,4,186.93,46.97,0,10
STU0038,CRS01,5,186.51,45.81,0,10
STU0038,CRS01,6,74.66,35.71,0,10
STU0038,CRS01,7,240.27,45.05,0,10
STU0038,CRS01,8,190.81,34.56,0,10
STU0038,CRS01,9,259.79,60.67,0,10
STU0038,CRS01,10,231.98,46.36,1,10
STU0038,CRS02,1,58.7,67.63,0,11
STU0038,CRS02,2,11.2,57.69,0,11
STU0038,CRS02,3,79.39,80.96,0,11
STU0038,CRS02,4,64.22,41.07,0,11
STU0038,CRS02,5,91.13,48.27,0,11
STU0038,CRS02,6,14.39,59.86,0,11
STU0038,CRS03,1,233.63,46.64,0,10
STU0038,CRS03,2,38.29,37.41,0,10
STU0038,CRS03,3,190.2,64.37,0,10
STU0038,CRS03,4,50.22,54.37,0,10
STU0038,CRS03,5,122.26,50.15,0,10
STU0038,CRS03,6,76.71,40.41,0,10
STU0038,CRS03,7,140.48,69.11,0,10
STU0038,CRS03,8,70.34,55.72,0,10
STU0038,CRS03,9,115.2,39.05,0,10
STU0038,CRS04,1,81.18,100.0,0,8
STU0038,CRS04,2,171.62,97.56,0,8
STU0038,CRS04,3,86.25,95.37,0,8
STU0038,CRS04,4,32.97,75.69,0,8
STU0038,CRS04,5,79.52,89.14,0,8
STU0038,CRS04,6,184.01,100.0,0,8
STU0038,CRS04,7,167.18,92.45,0,8
STU0038,CRS05,1,86.6,96.39,0,12
STU0038,CRS05,2,71.59,88.83,0,12
STU0038,CRS05,3,37.24,80.61,0,12
STU0038,CRS05,4,72.31,90.84,0,12
STU0038,CRS05,5,202.88,100.0,0,12
STU0038,CRS05,6,229.84,96.66,0,12
STU0038,CRS05,7,43.44,100.0,0,12
STU0038,CRS05,8,92.06,100.0,0,12
STU0038,CRS05,9,234.43,100.0,0,12
STU0038,CRS05,10,207.36,100.0,0,12
STU0038,CRS05,11,169.28,100.0,0,12
STU0038,CRS05,12,135.84,75.85,1,12
STU0039,CRS01,1,232.85,100.0,0,10
STU0039,CRS01,2,247.38,100.0,0,10
STU0039,CRS01,3,59.65,99.45,0,10
STU0039,CRS01,4,277.9,100.0,0,10
STU0039,CRS01,5,197.06,93.49,0,10
STU0039,CRS01,6,112.28,85.21,0,10
STU0039,CRS01,7,139.9,99.98,0,10
STU0039,CRS01,8,132.48,94.79,0,10
STU0039,CRS01,9,180.42,100.0,0,10
STU0039,CRS01,10,179.84,96.35,1,10
STU0039,CRS02,1,140.05,59.14,0,8
STU0039,CRS02,2,133.37,67.75,0,8
STU0039,CRS02,3,259.99,67.06,0,8
STU0039,CRS02,4,104.81,61.26,0,8
STU0039,CRS02,5,281.63,73.45,0,8
STU0039,CRS02,6,264.66,68.46,0,8
STU0039,CRS02,7,35.28,54.41,0,8
STU0039,CRS02,8,280.84,39.55,1,8
STU0039,CRS03,1,49.4,68.27,0,9
STU0039,CRS03,2,42.08,65.33,0,9
STU0039,CRS03,3,83.42,81.41,0,9
STU0039,CRS03,4,42.34,47.6,0,9
STU0039,CRS04,1,76.94,49.93,0,9
STU0039,CRS04,2,116.41,49.73,0,9
STU0039,CRS04,3,204.14,73.35,0,9
STU0039,CRS04,4,35.12,45.09,0,9
STU0039,CRS04,5,155.58,56.09,0,9
STU0039,CRS04,6,238.29,62.93,0,9
STU0039,CRS04,7,183.25,60.51,0,9
STU0039,CRS04,8,37.16,36.72,0,9
STU0039,CRS04,9,103.2,43.03,1,9
STU0039,CRS05,1,19.36,59.95,0,8
STU0039,CRS05,2,23.46,42.54,0,8
STU0039,CRS05,3,37.85,48.89,0,8
STU0039,CRS05,4,87.44,60.34,0,8
STU0039,CRS05,5,78.27,60.49,0,8
STU0039,CRS05,6,69.14,59.97,0,8
STU0039,CRS05,7,71.41,54.95,0,8
STU0040,CRS01,1,40.85,36.47,0,9
STU0040,CRS01,2,143.11,57.26,0,9
STU0040,CRS01,3,133.19,45.14,0,9
STU0040,CRS02,1,101.33,83.23,0,9
STU0040,CRS03,1,86.07,88.43,0,12
STU0040,CRS03,2,143.15,87.53,0,12
STU0040,CRS03,3,177.33,99.96,0,12
STU0040,CRS03,4,203.36,97.87,0,12
STU0040,CRS03,5,172.71,100.0,0,12
STU0040,CRS03,6,114.33,85.32,0,12
STU0040,CRS03,7,38.08,87.81,0,12
STU0040,CRS04,1,86.95,65.6,0,8
STU0040,CRS04,2,102.28,86.06,0,8
STU0040,CRS04,3,66.19,59.51,0,8
STU0040,CRS04,4,84.62,51.16,0,8
STU0040,CRS04,5,100.0,80.79,0,8
STU0040,CRS04,6,96.45,77.58,0,8
STU0040,CRS04,7,89.27,64.03,0,8
STU0040,CRS04,8,99.7,41.8,1,8
STU0040,CRS05,1,183.71,90.4,0,10
STU0040,CRS05,2,200.31,99.17,0,10
STU0040,CRS05,3,147.71,77.81,0,10
STU0040,CRS05,4,77.31,87.76,0,10
STU0040,CRS05,5,210.31,75.39,0,10
STU0040,CRS05,6,47.49,56.66,0,10
STU0040,CRS05,7,54.98,76.68,0,10
STU0040,CRS05,8,115.1,76.11,0,10
STU0040,CRS05,9,119.77,73.89,0,10
STU0040,CRS05,10,80.7,74.73,1,10
STU0041,CRS01,1,144.08,92.35,0,9
STU0041,CRS01,2,124.89,75.31,0,9
STU0041,CRS01,3,22.69,60.75,0,9
STU0041,CRS01,4,127.28,65.91,0,9
STU0041,CRS01,5,114.49,71.29,0,9
STU0041,CRS01,6,186.64,76.47,0,9
STU0041,CRS01,7,73.77,56.05,0,9
STU0041,CRS01,8,185.55,57.19,0,9
STU0041,CRS01,9,86.6,69.56,1,9
STU0041,CRS02,1,191.98,81.99,0,11
STU0041,CRS02,2,35.42,92.92,0,11
STU0041,CRS02,3,123.9,100.0,0,11
STU0041,CRS02,4,164.28,76.1,0,11
STU0041,CRS02,5,176.6,91.5,0,11
STU0041,CRS02,6,139.15,88.15,0,11
STU0041,CRS03,1,116.27,46.57,0,11
STU0041,CRS03,2,144.1,55.17,0,11
STU0041,CRS03,3,119.29,43.2,0,11
STU0041,CRS03,4,48.26,22.9,0,11
STU0041,CRS04,1,62.99,96.25,0,12
STU0041,CRS04,2,69.29,100.0,0,12
STU0041,CRS04,3,70.66,75.6,0,12
STU0041,CRS04,4,16.22,96.9,0,12
STU0041,CRS04,5,20.81,98.3,0,12
STU0041,CRS04,6,44.84,84.62,0,12
STU0041,CRS04,7,85.97,100.0,0,12
STU0041,CRS05,1,82.44,84.8,0,10
STU0041,CRS05,2,182.14,94.5,0,10
STU0041,CRS05,3,88.32,90.44,0,10
STU0041,CRS05,4,190.93,100.0,0,10
STU0041,CRS05,5,192.4,100.0,0,10
STU0041,CRS05,6,88.47,76.62,0,10
STU0041,CRS05,7,151.72,97.88,0,10
STU0041,CRS05,8,53.18,87.17,0,10
STU0041,CRS05,9,43.56,85.24,0,10
STU0041,CRS05,10,202.28,100.0,1,10
STU0042,CRS01,1,68.03,46.43,0,9
STU0042,CRS01,2,76.78,57.25,0,9
STU0042,CRS01,3,64.74,58.16,0,9
STU0042,CRS01,4,65.14,46.66,0,9
STU0042,CRS01,5,21.66,30.64,0,9
STU0042,CRS01,6,82.43,24.64,0,9
STU0042,CRS01,7,50.64,32.97,0,9
STU0042,CRS01,8,114.57,22.76,0,9
STU0042,CRS01,9,18.02,33.37,1,9
STU0042,CRS02,1,22.94,80.88,0,9
STU0042,CRS02,2,107.07,96.3,0,9
STU0042,CRS02,3,41.75,83.98,0,9
STU0042,CRS02,4,127.05,77.61,0,9
STU0042,CRS02,5,83.07,97.38,0,9
STU0042,CRS02,6,161.1,91.99,0,9
STU0042,CRS02,7,136.16,79.76,0,9
STU0042,CRS02,8,127.75,73.9,0,9
STU0042,CRS02,9,164.81,91.55,1,9
STU0042,CRS03,1,124.24,90.97,0,12
STU0042,CRS03,2,79.94,85.88,0,12
STU0042,CRS03,3,164.4,88.43,0,12
STU0042,CRS03,4,205.12,100.0,0,12
STU0042,CRS03,5,78.04,97.11,0,12
STU0042,CRS03,6,112.16,100.0,0,12
STU0042,CRS03,7,86.88,85.7,0,12
STU0042,CRS03,8,36.07,89.99,0,12
STU0042,CRS03,9,135.59,90.4,0,12
STU0042,CRS03,10,95.94,88.17,0,12
STU0042,CRS03,11,46.67,92.26,0,12
STU0042,CRS04,1,48.75,61.55,0,11
STU0042,CRS04,2,60.87,59.56,0,11
STU0042,CRS04,3,219.86,80.6,0,11
STU0042,CRS04,4,256.99,68.07,0,11
STU0042,CRS04,5,65.4,46.51,0,11
STU0042,CRS04,6,229.69,63.02,0,11
STU0042,CRS04,7,112.31,65.75,0,11
STU0042,CRS04,8,93.98,50.61,0,11
STU0042,CRS04,9,45.0,48.58,0,11
STU0042,CRS04,10,306.74,47.09,0,11
STU0042,CRS04,11,71.67,60.12,1,11
STU0042,CRS05,1,22.9,25.82,0,8
STU0042,CRS05,2,74.84,37.31,0,8
STU0042,CRS05,3,136.35,37.07,0,8
STU0042,CRS05,4,45.14,26.5,0,8
STU0042,CRS05,5,42.12,2.8,0,8
STU0042,CRS05,6,144.7,46.84,0,8
STU0042,CRS05,7,220.25,33.48,0,8
STU0043,CRS01,1,58.11,44.12,0,12
STU0043,CRS01,2,88.52,45.58,0,12
STU0043,CRS01,3,129.06,72.15,0,12
STU0043,CRS01,4,118.37,53.52,0,12
STU0043,CRS01,5,129.66,52.32,0,12
STU0043,CRS01,6,63.67,41.04,0,12
STU0043,CRS01,7,70.97,43.81,0,12
STU0043,CRS02,1,30.43,68.33,0,9
STU0043,CRS02,2,126.62,87.75,0,9
STU0043,CRS03,1,108.46,96.01,0,11
STU0043,CRS03,2,84.14,82.24,0,11
STU0043,CRS03,3,150.12,92.1,0,11
STU0043,CRS03,4,86.72,86.79,0,11
STU0043,CRS03,5,129.81,92.83,0,11
STU0043,CRS03,6,83.22,59.22,0,11
STU0043,CRS03,7,119.5,80.72,0,11
STU0043,CRS04,1,52.52,60.2,0,8
STU0043,CRS04,2,42.65,65.8,0,8
STU0043,CRS04,3,101.79,67.48,0,8
STU0043,CRS04,4,185.17,48.86,0,8
STU0043,CRS04,5,73.39,80.72,0,8
STU0043,CRS04,6,81.45,63.6,0,8
STU0043,CRS05,1,40.5,55.84,0,9
STU0043,CRS05,2,89.84,63.27,0,9
STU0043,CRS05,3,75.37,60.87,0,9
STU0043,CRS05,4,28.51,47.64,0,9
STU0044,CRS01,1,24.34,84.91,0,8
STU0044,CRS01,2,32.99,76.94,0,8
STU0044,CRS01,3,19.27,88.48,0,8
STU0044,CRS01,4,92.53,100.0,0,8
STU0044,CRS01,5,54.03,78.75,0,8
STU0044,CRS01,6,93.14,82.18,0,8
STU0044,CRS02,1,253.75,54.72,0,8
STU0044,CRS02,2,96.89,30.32,0,8
STU0044,CRS02,3,275.93,51.89,0,8
STU0044,CRS02,4,70.23,30.79,0,8
STU0044,CRS02,5,163.29,37.04,0,8
STU0044,CRS02,6,112.48,28.52,0,8
STU0044,CRS02,7,287.09,55.76,0,8
STU0044,CRS02,8,35.96,12.03,1,8
STU0044,CRS03,1,256.74,51.61,0,9
STU0044,CRS03,2,138.91,48.28,0,9
STU0044,CRS03,3,211.75,73.36,0,9
STU0044,CRS03,4,74.1,63.03,0,9
STU0044,CRS03,5,251.46,77.26,0,9
STU0044,CRS03,6,175.34,48.61,0,9
STU0044,CRS03,7,171.12,60.79,0,9
STU0044,CRS03,8,138.82,37.93,0,9
STU0044,CRS03,9,154.56,44.09,1,9
STU0044,CRS04,1,142.78,79.36,0,11
STU0044,CRS04,2,153.22,59.19,0,11
STU0044,CRS04,3,54.68,50.24,0,11
STU0044,CRS04,4,175.66,68.16,0,11
STU0044,CRS04,5,183.74,61.6,0,11
STU0044,CRS04,6,107.7,60.18,0,11
STU0044,CRS04,7,48.81,57.34,0,11
STU0044,CRS04,8,136.59,53.33,0,11
STU0044,CRS04,9,132.69,62.65,0,11
STU0044,CRS04,10,162.66,56.49,0,11
STU0044,CRS04,11,57.88,59.54,1,11
STU0044,CRS05,1,20.98,37.45,0,12
STU0044,CRS05,2,53.19,36.25,0,12
STU0044,CRS05,3,54.67,35.15,0,12
STU0044,CRS05,4,66.8,32.19,0,12
STU0044,CRS05,5,88.78,55.14,0,12
STU0044,CRS05,6,27.44,46.65,0,12
STU0044,CRS05,7,24.67,51.23,0,12
STU0044,CRS05,8,127.97,52.03,0,12
STU0045,CRS01,1,231.73,69.45,0,10
STU0045,CRS01,2,135.29,73.47,0,10
STU0045,CRS01,3,85.87,54.48,0,10
STU0045,CRS01,4,195.63,84.12,0,10
STU0045,CRS02,1,159.85,39.46,0,11
STU0045,CRS02,2,137.4,29.96,0,11
STU0045,CRS02,3,65.25,34.68,0,11
STU0045,CRS02,4,23.25,37.08,0,11
STU0045,CRS02,5,52.91,47.39,0,11
STU0045,CRS02,6,157.72,38.11,0,11
STU0045,CRS02,7,53.46,38.24,0,11
STU0045,CRS03,1,188.12,100.0,0,11
STU0045,CRS03,2,249.99,100.0,0,11
STU0045,CRS03,3,237.85,85.79,0,11
STU0045,CRS03,4,203.96,80.17,0,11
STU0045,CRS03,5,108.53,92.12,0,11
STU0045,CRS03,6,243.88,100.0,0,11
STU0045,CRS03,7,43.06,89.7,0,11
STU0045,CRS03,8,153.26,80.52,0,11
STU0045,CRS03,9,113.0,79.75,0,11
STU0045,CRS03,10,150.94,92.65,0,11
STU0045,CRS03,11,234.43,100.0,1,11
STU0045,CRS04,1,33.51,55.59,0,11
STU0045,CRS04,2,194.08,55.13,0,11
STU0045,CRS04,3,201.08,36.24,0,11
STU0045,CRS04,4,120.09,46.59,0,11
STU0045,CRS04,5,75.72,43.6,0,11
STU0045,CRS04,6,144.71,39.1,0,11
STU0045,CRS04,7,88.85,40.57,0,11
STU0045,CRS04,8,199.67,60.93,0,11
STU0045,CRS04,9,103.08,29.35,0,11
STU0045,CRS04,10,243.33,56.97,0,11
STU0045,CRS04,11,123.41,47.81,1,11
STU0045,CRS05,1,108.9,61.26,0,9
STU0045,CRS05,2,92.78,92.65,0,9
STU0045,CRS05,3,200.39,97.85,0,9
STU0045,CRS05,4,239.34,100.0,0,9
STU0045,CRS05,5,196.93,100.0,0,9
STU0045,CRS05,6,268.66,92.08,0,9
STU0045,CRS05,7,251.36,96.11,0,9
STU0045,CRS05,8,157.35,90.85,0,9
STU0045,CRS05,9,289.05,89.15,1,9
STU0046,CRS01,1,59.05,77.06,0,8
STU0046,CRS01,2,107.66,76.09,0,8
STU0046,CRS01,3,24.34,74.58,0,8
STU0046,CRS02,1,43.19,30.1,0,12
STU0046,CRS02,2,15.44,48.88,0,12
STU0046,CRS02,3,42.45,46.42,0,12
STU0046,CRS02,4,79.1,47.4,0,12
STU0046,CRS02,5,18.19,21.91,0,12
STU0046,CRS02,6,76.97,40.95,0,12
STU0046,CRS02,7,55.49,52.22,0,12
STU0046,CRS03,1,63.5,82.25,0,11
STU0046,CRS03,2,35.91,70.41,0,11
STU0046,CRS03,3,198.32,71.57,0,11
STU0046,CRS03,4,85.27,57.96,0,11
STU0046,CRS04,1,167.35,90.45,0,11
STU0046,CRS04,2,82.83,77.93,0,11
STU0046,CRS04,3,88.83,81.06,0,11
STU0046,CRS04,4,133.78,92.32,0,11
STU0046,CRS04,5,96.74,58.12,0,11
STU0046,CRS04,6,42.46,77.93,0,11
STU0046,CRS04,7,205.9,83.39,0,11
STU0046,CRS04,8,95.17,93.3,0,11
STU0046,CRS05,1,103.59,47.04,0,12
STU0046,CRS05,2,53.84,28.19,0,12
STU0046,CRS05,3,157.85,41.66,0,12
STU0046,CRS05,4,96.48,35.89,0,12
STU0046,CRS05,5,42.54,21.37,0,12
STU0046,CRS05,6,128.57,48.59,0,12
STU0046,CRS05,7,142.04,37.61,0,12
STU0046,CRS05,8,181.73,27.56,0,12
STU0046,CRS05,9,69.8,43.15,0,12
STU0046,CRS05,10,175.47,24.97,0,12
STU0046,CRS05,11,174.64,46.88,0,12
STU0046,CRS05,12,50.96,23.65,1,12
STU0047,CRS01,1,97.38,88.19,0,11
STU0047,CRS01,2,70.7,92.16,0,11
STU0047,CRS01,3,99.91,85.29,0,11
STU0047,CRS01,4,91.72,94.06,0,11
STU0047,CRS01,5,155.9,91.06,0,11
STU0047,CRS01,6,47.62,89.16,0,11
STU0047,CRS02,1,109.76,40.32,0,11
STU0047,CRS02,2,80.31,58.34,0,11
STU0047,CRS02,3,97.75,56.91,0,11
STU0047,CRS02,4,158.21,48.62,0,11
STU0047,CRS02,5,118.18,60.28,0,11
STU0047,CRS03,1,156.3,93.32,0,11
STU0047,CRS03,2,118.49,100.0,0,11
STU0047,CRS03,3,228.33,95.24,0,11
STU0047,CRS03,4,217.88,93.57,0,11
STU0047,CRS03,5,87.1,99.11,0,11
STU0047,CRS03,6,170.83,88.83,0,11
STU0047,CRS03,7,35.07,93.03,0,11
STU0047,CRS03,8,174.94,100.0,0,11
STU0047,CRS03,9,183.75,95.03,0,11
STU0047,CRS03,10,173.12,94.03,0,11
STU0047,CRS03,11,274.1,100.0,1,11
STU0047,CRS04,1,42.93,74.5,0,11
STU0047,CRS04,2,134.49,80.62,0,11
STU0047,CRS04,3,22.95,72.03,0,11
STU0047,CRS04,4,113.36,96.21,0,11
STU0047,CRS04,5,49.03,69.94,0,11
STU0047,CRS04,6,82.67,66.64,0,11
STU0047,CRS04,7,135.47,92.13,0,11
STU0047,CRS04,8,49.22,79.1,0,11
STU0047,CRS04,9,82.48,74.7,0,11
STU0047,CRS04,10,66.91,64.77,0,11
STU0047,CRS04,11,87.42,74.76,1,11
STU0047,CRS05,1,37.15,61.14,0,12
STU0047,CRS05,2,81.66,81.18,0,12
STU0047,CRS05,3,84.54,83.68,0,12
STU0047,CRS05,4,62.37,73.04,0,12
STU0047,CRS05,5,48.42,68.11,0,12
STU0047,CRS05,6,25.48,76.59,0,12
STU0047,CRS05,7,27.56,70.21,0,12
STU0047,CRS05,8,69.58,74.35,0,12
STU0047,CRS05,9,50.12,70.01,0,12
STU0047,CRS05,10,29.46,74.37,0,12
STU0048,CRS01,1,67.96,60.75,0,9
STU0048,CRS01,2,129.57,59.08,0,9
STU0048,CRS01,3,202.28,56.98,0,9
STU0048,CRS01,4,159.24,60.56,0,9
STU0048,CRS01,5,252.85,60.26,0,9
STU0048,CRS01,6,157.32,47.24,0,9
STU0048,CRS01,7,252.11,59.8,0,9
STU0048,CRS01,8,32.51,59.87,0,9
STU0048,CRS01,9,54.44,52.38,1,9
STU0048,CRS02,1,76.72,93.94,0,9
STU0048,CRS02,2,59.66,100.0,0,9
STU0048,CRS02,3,91.0,100.0,0,9
STU0048,CRS02,4,35.96,78.0,0,9
STU0048,CRS02,5,133.27,83.48,0,9
STU0048,CRS02,6,27.04,95.26,0,9
STU0048,CRS02,7,104.31,92.19,0,9
STU0048,CRS03,1,259.48,43.67,0,12
STU0048,CRS03,2,146.36,45.36,0,12
STU0048,CRS03,3,36.81,40.75,0,12
STU0048,CRS03,4,86.38,48.64,0,12
STU0048,CRS03,5,246.33,58.09,0,12
STU0048,CRS03,6,42.92,33.78,0,12
STU0048,CRS03,7,111.03,45.39,0,12
STU0048,CRS03,8,298.15,53.75,0,12
STU0048,CRS03,9,208.82,66.63,0,12
STU0048,CRS03,10,42.78,42.88,0,12
STU0048,CRS03,11,207.56,46.13,0,12
STU0048,CRS03,12,67.68,40.48,1,12
STU0048,CRS04,1,82.82,43.11,0,8
STU0048,CRS04,2,87.2,46.96,0,8
STU0048,CRS04,3,78.23,45.89,0,8
STU0048,CRS04,4,35.64,36.67,0,8
STU0048,CRS04,5,67.78,26.09,0,8
STU0048,CRS05,1,33.25,42.48,0,8
STU0048,CRS05,2,232.18,52.29,0,8
STU0048,CRS05,3,167.32,46.35,0,8
STU0048,CRS05,4,207.76,17.97,0,8
STU0048,CRS05,5,233.67,37.04,0,8
STU0048,CRS05,6,79.8,35.66,0,8
STU0048,CRS05,7,202.37,39.52,0,8
STU0048,CRS05,8,105.9,37.61,1,8
STU0049,CRS01,1,123.46,95.04,0,12
STU0049,CRS01,2,145.24,100.0,0,12
STU0049,CRS01,3,119.38,100.0,0,12
STU0049,CRS01,4,188.73,100.0,0,12
STU0049,CRS01,5,169.71,100.0,0,12
STU0049,CRS01,6,176.02,97.44,0,12
STU0049,CRS01,7,196.1,100.0,0,12
STU0049,CRS01,8,131.13,100.0,0,12
STU0049,CRS01,9,198.75,100.0,0,12
STU0049,CRS01,10,229.54,100.0,0,12
STU0049,CRS01,11,158.21,99.56,0,12
STU0049,CRS01,12,244.54,100.0,1,12
STU0049,CRS02,1,148.38,56.6,0,8
STU0049,CRS02,2,110.84,59.22,0,8
STU0049,CRS02,3,149.45,51.21,0,8
STU0049,CRS02,4,60.55,60.77,0,8
STU0049,CRS02,5,73.2,61.49,0,8
STU0049,CRS02,6,27.86,45.07,0,8
STU0049,CRS02,7,118.94,45.56,0,8
STU0049,CRS02,8,197.97,80.61,1,8
STU0049,CRS03,1,104.1,61.04,0,10
STU0049,CRS04,1,123.72,78.87,0,8
STU0049,CRS04,2,155.79,79.97,0,8
STU0049,CRS04,3,123.72,100.0,0,8
STU0049,CRS04,4,148.15,75.3,0,8
STU0049,CRS04,5,62.87,76.1,0,8
STU0049,CRS04,6,58.84,93.67,0,8
STU0049,CRS04,7,26.71,79.55,0,8
STU0049,CRS05,1,256.45,87.7,0,10
STU0049,CRS05,2,56.01,52.15,0,10
STU0050,CRS01,1,208.25,99.76,0,11
STU0050,CRS01,2,80.98,75.67,0,11
STU0050,CRS01,3,80.96,94.38,0,11
STU0050,CRS01,4,212.16,80.82,0,11
STU0050,CRS01,5,255.04,74.86,0,11
STU0050,CRS01,6,230.26,100.0,0,11
STU0050,CRS01,7,238.41,99.51,0,11
STU0050,CRS01,8,233.53,84.0,0,11
STU0050,CRS01,9,224.72,99.73,0,11
STU0050,CRS01,10,224.17,84.82,0,11
STU0050,CRS01,11,301.76,78.02,1,11
STU0050,CRS02,1,74.7,52.64,0,10
STU0050,CRS02,2,53.6,54.16,0,10
STU0050,CRS02,3,162.82,72.48,0,10
STU0050,CRS02,4,122.08,55.47,0,10
STU0050,CRS02,5,28.03,39.14,0,10
STU0050,CRS02,6,43.58,44.99,0,10
STU0050,CRS02,7,66.9,48.3,0,10
STU0050,CRS02,8,26.72,36.47,0,10
STU0050,CRS02,9,46.73,51.12,0,10
STU0050,CRS02,10,159.95,41.01,1,10
STU0050,CRS03,1,212.71,79.92,0,9
STU0050,CRS03,2,241.07,67.03,0,9
STU0050,CRS03,3,55.82,70.6,0,9
STU0050,CRS03,4,159.96,69.41,0,9
STU0050,CRS03,5,123.1,68.4,0,9
STU0050,CRS03,6,241.1,70.1,0,9
STU0050,CRS03,7,284.38,73.04,0,9
STU0050,CRS03,8,128.7,29.47,0,9
STU0050,CRS04,1,154.58,85.37,0,9
STU0050,CRS04,2,126.55,80.99,0,9
STU0050,CRS04,3,121.91,66.27,0,9
STU0050,CRS04,4,156.88,61.56,0,9
STU0050,CRS04,5,51.89,57.27,0,9
STU0050,CRS04,6,25.33,62.52,0,9
STU0050,CRS04,7,142.32,40.68,0,9
STU0050,CRS04,8,62.63,53.99,0,9
STU0050,CRS04,9,41.68,63.49,1,9
STU0050,CRS05,1,145.02,77.11,0,8
STU0050,CRS05,2,169.38,64.7,0,8
STU0050,CRS05,3,140.99,64.24,0,8
STU0050,CRS05,4,124.97,72.27,0,8
STU0051,CRS01,1,31.57,50.8,0,12
STU0051,CRS01,2,122.66,68.66,0,12
STU0051,CRS01,3,120.81,77.35,0,12
STU0051,CRS01,4,72.33,49.79,0,12
STU0051,CRS02,1,175.11,38.13,0,10
STU0051,CRS02,2,97.36,18.98,0,10
STU0051,CRS02,3,188.2,52.22,0,10
STU0051,CRS02,4,81.0,14.8,0,10
STU0051,CRS02,5,221.37,53.95,0,10
STU0051,CRS02,6,32.86,47.35,0,10
STU0051,CRS02,7,137.53,19.86,0,10
STU0051,CRS03,1,86.07,100.0,0,10
STU0051,CRS03,2,39.39,89.21,0,10
STU0051,CRS03,3,60.53,93.73,0,10
STU0051,CRS04,1,97.21,56.75,0,11
STU0051,CRS04,2,73.38,64.16,0,11
STU0051,CRS04,3,93.31,60.16,0,11
STU0051,CRS04,4,39.28,66.91,0,11
STU0051,CRS04,5,30.51,52.31,0,11
STU0051,CRS04,6,111.54,77.66,0,11
STU0051,CRS04,7,45.79,60.4,0,11
STU0051,CRS04,8,71.1,53.63,0,11
STU0051,CRS04,9,41.38,59.31,0,11
STU0051,CRS04,10,20.37,63.32,0,11
STU0051,CRS04,11,82.74,61.43,1,11
STU0051,CRS05,1,155.28,75.72,0,12
STU0051,CRS05,2,168.13,96.06,0,12
STU0052,CRS01,1,129.23,93.84,0,10
STU0052,CRS01,2,113.04,86.54,0,10
STU0052,CRS01,3,91.24,55.62,0,10
STU0052,CRS01,4,69.58,73.69,0,10
STU0052,CRS01,5,130.24,69.63,0,10
STU0052,CRS01,6,85.6,66.3,0,10
STU0052,CRS01,7,101.56,76.95,0,10
STU0052,CRS01,8,19.55,38.01,0,10
STU0052,CRS01,9,44.61,49.45,0,10
STU0052,CRS02,1,107.31,55.0,0,9
STU0052,CRS02,2,42.78,49.12,0,9
STU0052,CRS02,3,29.05,47.78,0,9
STU0052,CRS03,1,78.47,42.72,0,8
STU0052,CRS03,2,173.01,84.47,0,8
STU0052,CRS03,3,141.82,66.02,0,8
STU0052,CRS03,4,53.78,38.28,0,8
STU0052,CRS04,1,130.62,46.73,0,12
STU0052,CRS04,2,121.77,43.97,0,12
STU0052,CRS04,3,227.86,43.31,0,12
STU0052,CRS04,4,91.88,25.22,0,12
STU0052,CRS04,5,98.97,56.39,0,12
STU0052,CRS04,6,172.58,38.54,0,12
STU0052,CRS04,7,192.54,48.38,0,12
STU0052,CRS04,8,208.03,50.43,0,12
STU0052,CRS04,9,233.5,48.23,0,12
STU0052,CRS04,10,54.63,21.68,0,12
STU0052,CRS04,11,139.06,41.17,0,12
STU0052,CRS04,12,31.35,28.69,1,12
STU0052,CRS05,1,56.22,46.29,0,8
STU0052,CRS05,2,119.05,59.99,0,8
STU0052,CRS05,3,149.07,54.3,0,8
STU0052,CRS05,4,40.56,62.01,0,8
STU0052,CRS05,5,170.14,69.01,0,8
STU0052,CRS05,6,25.26,40.72,0,8
STU0052,CRS05,7,64.83,66.18,0,8
STU0052,CRS05,8,171.62,70.16,1,8
STU0053,CRS01,1,77.39,85.75,0,12
STU0053,CRS01,2,59.7,93.69,0,12
STU0053,CRS01,3,99.4,100.0,0,12
STU0053,CRS01,4,96.13,98.15,0,12
STU0053,CRS02,1,139.31,100.0,0,8
STU0053,CRS02,2,18.64,80.62,0,8
STU0053,CRS02,3,144.21,91.56,0,8
STU0053,CRS02,4,106.6,94.34,0,8
STU0053,CRS02,5,58.62,78.32,0,8
STU0053,CRS02,6,32.14,81.59,0,8
STU0053,CRS03,1,90.52,87.78,0,12
STU0053,CRS03,2,57.99,61.13,0,12
STU0053,CRS03,3,112.55,56.23,0,12
STU0053,CRS03,4,125.04,65.46,0,12
STU0053,CRS03,5,123.75,55.15,0,12
STU0053,CRS03,6,140.38,41.61,0,12
STU0053,CRS03,7,124.43,79.33,0,12
STU0053,CRS03,8,157.58,60.18,0,12
STU0053,CRS03,9,105.64,50.34,0,12
STU0053,CRS03,10,177.06,62.8,0,12
STU0053,CRS03,11,80.43,63.38,0,12
STU0053,CRS03,12,72.31,43.89,1,12
STU0053,CRS04,1,169.12,70.28,0,8
STU0053,CRS04,2,48.07,72.92,0,8
STU0053,CRS04,3,133.63,76.53,0,8
STU0053,CRS04,4,101.97,75.22,0,8
STU0053,CRS04,5,53.96,82.5,0,8
STU0053,CRS04,6,230.46,90.07,0,8
STU0053,CRS04,7,82.7,66.05,0,8
STU0053,CRS05,1,45.33,95.34,0,8
STU0053,CRS05,2,49.72,77.32,0,8
STU0053,CRS05,3,63.78,73.55,0,8
STU0053,CRS05,4,80.17,82.88,0,8
STU0053,CRS05,5,82.66,67.67,0,8
STU0053,CRS05,6,66.58,73.3,0,8
STU0053,CRS05,7,48.48,75.11,0,8
STU0054,CRS01,1,109.42,94.1,0,10
STU0054,CRS01,2,33.07,60.21,0,10
STU0054,CRS01,3,49.2,78.32,0,10
STU0054,CRS01,4,88.6,79.05,0,10
STU0054,CRS01,5,89.91,67.75,0,10
STU0054,CRS01,6,106.8,86.81,0,10
STU0054,CRS01,7,157.02,100.0,0,10
STU0054,CRS01,8,157.65,81.76,0,10
STU0054,CRS01,9,90.47,76.94,0,10
STU0054,CRS01,10,71.57,85.29,1,10
STU0054,CRS02,1,81.34,75.34,0,12
STU0054,CRS02,2,142.65,65.55,0,12
STU0054,CRS02,3,96.48,79.42,0,12
STU0054,CRS02,4,31.84,50.76,0,12
STU0054,CRS02,5,45.32,53.68,0,12
STU0054,CRS02,6,79.77,79.53,0,12
STU0054,CRS02,7,204.55,86.78,0,12
STU0054,CRS02,8,115.21,65.75,0,12
STU0054,CRS02,9,211.75,88.88,0,12
STU0054,CRS02,10,105.58,83.06,0,12
STU0054,CRS02,11,167.74,73.86,0,12
STU0054,CRS02,12,261.03,76.19,1,12
STU0054,CRS03,1,60.16,83.56,0,8
STU0054,CRS03,2,81.44,100.0,0,8
STU0054,CRS03,3,229.3,90.83,0,8
STU0054,CRS03,4,37.06,96.13,0,8
STU0054,CRS04,1,21.6,86.75,0,11
STU0054,CRS05,1,99.34,59.58,0,12
STU0054,CRS05,2,164.27,56.83,0,12
STU0054,CRS05,3,29.68,45.52,0,12
STU0054,CRS05,4,32.03,23.03,0,12
STU0055,CRS01,1,169.54,86.44,0,9
STU0055,CRS01,2,44.54,73.57,0,9
STU0055,CRS01,3,144.44,97.01,0,9
STU0055,CRS01,4,38.21,78.31,0,9
STU0055,CRS01,5,124.76,86.83,0,9
STU0055,CRS01,6,144.09,78.58,0,9
STU0055,CRS01,7,189.96,92.96,0,9
STU0055,CRS01,8,109.14,80.92,0,9
STU0055,CRS01,9,151.23,93.41,1,9
STU0055,CRS02,1,50.02,56.01,0,8
STU0055,CRS02,2,85.15,51.53,0,8
STU0055,CRS02,3,159.68,58.65,0,8
STU0055,CRS02,4,113.65,71.2,0,8
STU0055,CRS02,5,256.75,66.26,0,8
STU0055,CRS02,6,167.19,62.0,0,8
STU0055,CRS02,7,156.92,54.46,0,8
STU0055,CRS03,1,137.91,100.0,0,10
STU0055,CRS03,2,183.73,80.82,0,10
STU0055,CRS03,3,160.71,94.55,0,10
STU0055,CRS03,4,92.71,86.82,0,10
STU0055,CRS03,5,38.13,95.38,0,10
STU0055,CRS03,6,51.07,87.88,0,10
STU0055,CRS03,7,137.39,82.38,0,10
STU0055,CRS03,8,36.96,63.26,0,10
STU0055,CRS03,9,201.91,100.0,0,10
STU0055,CRS04,1,134.61,81.88,0,8
STU0055,CRS04,2,26.24,69.42,0,8
STU0055,CRS04,3,70.66,64.37,0,8
STU0055,CRS04,4,98.17,74.53,0,8
STU0055,CRS05,1,100.56,65.79,0,10
STU0055,CRS05,2,57.91,47.36,0,10
STU0055,CRS05,3,61.79,63.55,0,10
STU0055,CRS05,4,112.34,53.54,0,10
STU0055,CRS05,5,123.05,47.93,0,10
STU0055,CRS05,6,202.38,65.04,0,10
STU0055,CRS05,7,205.09,72.77,0,10
STU0055,CRS05,8,26.29,40.53,0,10
STU0055,CRS05,9,67.47,34.02,0,10
STU0056,CRS01,1,73.67,47.41,0,8
STU0056,CRS01,2,36.81,60.08,0,8
STU0056,CRS01,3,203.66,51.15,0,8
STU0056,CRS01,4,157.95,73.78,0,8
STU0056,CRS01,5,45.36,49.53,0,8
STU0056,CRS01,6,202.03,63.8,0,8
STU0056,CRS01,7,142.71,43.11,0,8
STU0056,CRS01,8,183.04,73.52,1,8
STU0056,CRS02,1,47.18,64.38,0,9
STU0056,CRS02,2,169.32,82.89,0,9
STU0056,CRS02,3,84.4,70.07,0,9
STU0056,CRS02,4,34.06,63.93,0,9
STU0056,CRS02,5,179.52,71.58,0,9
STU0056,CRS02,6,29.91,54.68,0,9
STU0056,CRS02,7,125.85,66.78,0,9
STU0056,CRS02,8,103.86,65.55,0,9
STU0056,CRS02,9,175.11,73.03,1,9
STU0056,CRS03,1,60.19,92.94,0,9
STU0056,CRS03,2,140.62,100.0,0,9
STU0056,CRS03,3,48.08,77.94,0,9
STU0056,CRS03,4,28.14,99.45,0,9
STU0056,CRS03,5,135.08,74.94,0,9
STU0056,CRS03,6,141.34,100.0,0,9
STU0056,CRS03,7,155.58,98.73,0,9
STU0056,CRS03,8,90.87,78.78,0,9
STU0056,CRS04,1,49.12,47.71,0,10
STU0056,CRS04,2,169.36,66.56,0,10
STU0056,CRS04,3,182.85,63.52,0,10
STU0056,CRS04,4,77.81,54.87,0,10
STU0056,CRS04,5,127.55,60.46,0,10
STU0056,CRS04,6,32.41,36.62,0,10
STU0056,CRS04,7,245.23,53.63,0,10
STU0056,CRS04,8,84.84,59.31,0,10
STU0056,CRS04,9,55.5,44.72,0,10
STU0056,CRS04,10,241.98,71.6,1,10
STU0056,CRS05,1,41.99,72.03,0,12
STU0056,CRS05,2,157.28,74.88,0,12
STU0056,CRS05,3,124.78,85.01,0,12
STU0056,CRS05,4,228.03,80.08,0,12
STU0056,CRS05,5,140.2,84.18,0,12
STU0057,CRS01,1,199.34,64.58,0,10
STU0057,CRS01,2,250.9,53.14,0,10
STU0057,CRS01,3,149.2,49.92,0,10
STU0057,CRS01,4,253.08,49.66,0,10
STU0057,CRS01,5,268.76,71.88,0,10
STU0057,CRS01,6,65.58,39.96,0,10
STU0057,CRS01,7,41.53,22.48,0,10
STU0057,CRS01,8,130.01,42.81,0,10
STU0057,CRS01,9,201.91,49.37,0,10
STU0057,CRS01,10,191.83,39.85,1,10
STU0057,CRS02,1,94.0,100.0,0,11
STU0057,CRS02,2,133.63,84.23,0,11
STU0057,CRS02,3,75.91,82.5,0,11
STU0057,CRS02,4,85.54,85.69,0,11
STU0057,CRS02,5,173.46,74.48,0,11
STU0057,CRS03,1,42.2,55.27,0,12
STU0057,CRS03,2,82.73,39.25,0,12
STU0057,CRS03,3,83.24,47.72,0,12
STU0057,CRS03,4,15.62,50.84,0,12
STU0057,CRS03,5,20.57,61.91,0,12
STU0057,CRS03,6,84.79,45.05,0,12
STU0057,CRS04,1,106.25,33.96,0,10
STU0057,CRS04,2,83.86,72.49,0,10
STU0057,CRS05,1,58.26,48.55,0,8
STU0057,CRS05,2,61.17,39.06,0,8
STU0057,CRS05,3,205.45,68.25,0,8
STU0057,CRS05,4,85.6,68.25,0,8
STU0057,CRS05,5,58.26,33.84,0,8
STU0057,CRS05,6,264.07,65.21,0,8
STU0057,CRS05,7,155.95,46.6,0,8
STU0057,CRS05,8,191.61,48.93,1,8
STU0058,CRS01,1,144.8,100.0,0,10
STU0058,CRS01,2,173.66,93.7,0,10
STU0058,CRS01,3,94.66,77.64,0,10
STU0058,CRS01,4,98.51,74.2,0,10
STU0058,CRS01,5,93.73,99.63,0,10
STU0058,CRS01,6,55.12,73.03,0,10
STU0058,CRS01,7,128.82,61.51,0,10
STU0058,CRS01,8,59.33,77.13,0,10
STU0058,CRS02,1,135.51,86.43,0,10
STU0058,CRS02,2,184.66,83.21,0,10
STU0058,CRS02,3,50.18,75.25,0,10
STU0058,CRS02,4,66.4,74.05,0,10
STU0058,CRS02,5,201.56,77.51,0,10
STU0058,CRS02,6,66.0,79.14,0,10
STU0058,CRS02,7,167.33,70.52,0,10
STU0058,CRS02,8,194.08,86.06,0,10
STU0058,CRS02,9,257.93,82.6,0,10
STU0058,CRS02,10,56.19,74.02,1,10
STU0058,CRS03,1,151.87,53.33,0,8
STU0058,CRS03,2,41.15,26.7,0,8
STU0058,CRS03,3,171.94,52.78,0,8
STU0058,CRS03,4,23.73,48.3,0,8
STU0058,CRS03,5,29.8,40.25,0,8
STU0058,CRS03,6,111.12,34.32,0,8
STU0058,CRS03,7,164.74,34.56,0,8
STU0058,CRS03,8,132.29,25.45,1,8
STU0058,CRS04,1,92.68,87.8,0,8
STU0058,CRS04,2,197.95,100.0,0,8
STU0058,CRS04,3,113.63,70.56,0,8
STU0058,CRS04,4,199.97,100.0,0,8
STU0058,CRS04,5,113.77,89.3,0,8
STU0058,CRS04,6,240.92,100.0,0,8
STU0058,CRS04,7,73.98,100.0,0,8
STU0058,CRS04,8,94.71,100.0,1,8
STU0058,CRS05,1,255.62,100.0,0,12
STU0058,CRS05,2,45.24,95.02,0,12
STU0058,CRS05,3,189.02,100.0,0,12
STU0058,CRS05,4,269.27,100.0,0,12
STU0058,CRS05,5,124.94,100.0,0,12
STU0058,CRS05,6,50.13,91.26,0,12
STU0058,CRS05,7,136.24,80.78,0,12
STU0058,CRS05,8,148.62,83.85,0,12
STU0059,CRS01,1,106.96,100.0,0,9
STU0059,CRS01,2,71.42,78.59,0,9
STU0059,CRS01,3,37.95,100.0,0,9
STU0059,CRS01,4,68.15,84.66,0,9
STU0059,CRS01,5,69.68,98.0,0,9
STU0059,CRS01,6,222.92,82.51,0,9
STU0059,CRS01,7,37.22,90.15,0,9
STU0059,CRS01,8,169.15,100.0,0,9
STU0059,CRS01,9,181.11,100.0,1,9
STU0059,CRS02,1,120.67,68.35,0,8
STU0059,CRS02,2,127.96,64.3,0,8
STU0059,CRS03,1,90.07,100.0,0,8
STU0059,CRS03,2,60.32,91.24,0,8
STU0059,CRS03,3,103.98,74.2,0,8
STU0059,CRS03,4,76.87,90.17,0,8
STU0059,CRS04,1,96.21,62.42,0,11
STU0059,CRS04,2,66.81,69.47,0,11
STU0059,CRS04,3,88.56,89.13,0,11
STU0059,CRS04,4,216.34,99.7,0,11
STU0059,CRS04,5,171.72,70.19,0,11
STU0059,CRS04,6,36.96,78.93,0,11
STU0059,CRS04,7,213.21,100.0,0,11
STU0059,CRS04,8,239.88,100.0,0,11
STU0059,CRS04,9,37.26,58.07,0,11
STU0059,CRS04,10,72.73,82.96,0,11
STU0059,CRS04,11,168.7,85.38,1,11
STU0059,CRS05,1,73.06,67.12,0,9
STU0059,CRS05,2,85.65,52.36,0,9
STU0059,CRS05,3,57.83,26.78,0,9
STU0059,CRS05,4,33.59,24.84,0,9
STU0059,CRS05,5,110.58,62.95,0,9
STU0060,CRS01,1,73.07,80.82,0,11
STU0060,CRS01,2,100.13,82.83,0,11
STU0060,CRS01,3,58.4,59.26,0,11
STU0060,CRS01,4,44.71,56.94,0,11
STU0060,CRS01,5,36.05,66.11,0,11
STU0060,CRS01,6,152.54,64.5,0,11
STU0060,CRS01,7,70.92,56.73,0,11
STU0060,CRS01,8,106.32,71.11,0,11
STU0060,CRS01,9,140.07,55.94,0,11
STU0060,CRS01,10,74.56,80.35,0,11
STU0060,CRS01,11,97.54,63.11,1,11
STU0060,CRS02,1,102.86,97.04,0,10
STU0060,CRS02,2,133.79,67.4,0,10
STU0060,CRS02,3,114.6,92.99,0,10
STU0060,CRS03,1,40.01,56.21,0,9
STU0060,CRS03,2,85.46,66.13,0,9
STU0060,CRS03,3,218.57,65.86,0,9
STU0060,CRS03,4,80.32,67.41,0,9
STU0060,CRS03,5,152.56,70.44,0,9
STU0060,CRS03,6,99.32,37.05,0,9
STU0060,CRS03,7,88.4,49.69,0,9
STU0060,CRS03,8,176.6,77.44,0,9
STU0060,CRS03,9,91.57,65.61,1,9
STU0060,CRS04,1,57.35,55.26,0,9
STU0060,CRS04,2,29.18,52.88,0,9
STU0060,CRS04,3,140.25,39.15,0,9
STU0060,CRS04,4,123.73,72.42,0,9
STU0060,CRS04,5,65.8,75.82,0,9
STU0060,CRS05,1,54.56,42.82,0,10
STU0060,CRS05,2,91.1,51.29,0,10
STU0060,CRS05,3,40.72,49.0,0,10
STU0060,CRS05,4,86.82,54.24,0,10
STU0060,CRS05,5,59.12,37.67,0,10
STU0060,CRS05,6,64.49,48.61,0,10
STU0060,CRS05,7,68.8,54.45,0,10
STU0060,CRS05,8,38.23,30.93,0,10
STU0060,CRS05,9,102.8,49.14,0,10
STU0061,CRS01,1,129.14,63.03,0,10
STU0061,CRS01,2,119.17,63.18,0,10
STU0061,CRS01,3,35.08,51.48,0,10
STU0061,CRS01,4,17.45,55.83,0,10
STU0061,CRS01,5,138.84,52.42,0,10
STU0061,CRS01,6,108.13,61.71,0,10
STU0061,CRS01,7,74.93,46.48,0,10
STU0061,CRS01,8,90.92,62.83,0,10
STU0061,CRS01,9,34.68,59.16,0,10
STU0061,CRS01,10,48.62,61.8,1,10
STU0061,CRS02,1,167.29,88.07,0,9
STU0061,CRS02,2,158.7,100.0,0,9
STU0061,CRS02,3,76.08,92.24,0,9
STU0061,CRS02,4,178.2,93.76,0,9
STU0061,CRS02,5,33.07,83.88,0,9
STU0061,CRS02,6,208.72,100.0,0,9
STU0061,CRS03,1,99.02,49.98,0,9
STU0061,CRS03,2,107.92,62.19,0,9
STU0061,CRS03,3,135.38,52.84,0,9
STU0061,CRS03,4,203.99,77.62,0,9
STU0061,CRS03,5,37.02,52.57,0,9
STU0061,CRS03,6,74.51,61.34,0,9
STU0061,CRS03,7,136.81,72.72,0,9
STU0061,CRS03,8,207.15,78.57,0,9
STU0061,CRS03,9,73.51,55.09,1,9
STU0061,CRS04,1,83.27,58.55,0,12
STU0061,CRS04,2,169.97,43.24,0,12
STU0061,CRS04,3,109.56,42.35,0,12
STU0061,CRS04,4,226.52,62.67,0,12
STU0061,CRS04,5,133.43,50.62,0,12
STU0061,CRS04,6,83.28,52.17,0,12
STU0061,CRS04,7,64.16,56.95,0,12
STU0061,CRS04,8,136.67,70.06,0,12
STU0061,CRS04,9,65.4,56.0,0,12
STU0061,CRS04,10,194.58,61.88,0,12
STU0061,CRS04,11,230.3,43.76,0,12
STU0061,CRS04,12,224.81,55.62,1,12
STU0061,CRS05,1,103.7,69.18,0,12
STU0061,CRS05,2,18.78,86.92,0,12
STU0061,CRS05,3,108.47,94.24,0,12
STU0062,CRS01,1,26.96,47.59,0,9
STU0062,CRS01,2,48.6,46.4,0,9
STU0062,CRS01,3,96.78,59.63,0,9
STU0062,CRS01,4,18.96,47.44,0,9
STU0062,CRS01,5,32.83,46.63,0,9
STU0062,CRS01,6,160.32,72.72,0,9
STU0062,CRS02,1,76.24,100.0,0,12
STU0062,CRS02,2,58.9,85.3,0,12
STU0062,CRS02,3,65.21,76.32,0,12
STU0062,CRS02,4,45.27,69.4,0,12
STU0062,CRS02,5,33.42,83.0,0,12
STU0062,CRS02,6,22.48,70.24,0,12
STU0062,CRS02,7,29.98,81.96,0,12
STU0062,CRS02,8,31.64,82.4,0,12
STU0062,CRS03,1,156.42,75.37,0,8
STU0062,CRS03,2,132.07,88.86,0,8
STU0062,CRS03,3,88.12,89.37,0,8
STU0062,CRS03,4,64.19,83.24,0,8
STU0062,CRS03,5,87.16,91.19,0,8
STU0062,CRS03,6,120.02,89.34,0,8
STU0062,CRS03,7,67.77,60.51,0,8
STU0062,CRS03,8,161.6,100.0,1,8
STU0062,CRS04,1,92.39,95.88,0,9
STU0062,CRS04,2,15.27,79.74,0,9
STU0062,CRS05,1,41.77,84.15,0,12
STU0062,CRS05,2,106.84,99.29,0,12
STU0062,CRS05,3,35.44,74.7,0,12
STU0062,CRS05,4,73.16,66.31,0,12
STU0062,CRS05,5,71.45,80.73,0,12
STU0062,CRS05,6,79.34,96.03,0,12
STU0062,CRS05,7,68.92,86.31,0,12
STU0062,CRS05,8,71.6,89.74,0,12
STU0062,CRS05,9,56.51,77.32,0,12
STU0063,CRS01,1,60.1,60.04,0,12
STU0063,CRS01,2,109.56,32.71,0,12
STU0063,CRS01,3,151.92,38.57,0,12
STU0063,CRS01,4,210.52,49.13,0,12
STU0063,CRS01,5,216.39,39.25,0,12
STU0063,CRS02,1,52.67,76.44,0,11
STU0063,CRS02,2,69.58,63.44,0,11
STU0063,CRS02,3,41.71,69.65,0,11
STU0063,CRS03,1,56.52,24.15,0,11
STU0063,CRS03,2,121.06,37.02,0,11
STU0063,CRS03,3,80.46,44.24,0,11
STU0063,CRS03,4,83.11,44.75,0,11
STU0063,CRS03,5,16.13,14.75,0,11
STU0063,CRS03,6,63.17,30.17,0,11
STU0063,CRS03,7,25.97,57.32,0,11
STU0063,CRS03,8,103.34,42.01,0,11
STU0063,CRS03,9,131.09,65.58,0,11
STU0063,CRS03,10,49.8,23.22,0,11
STU0063,CRS04,1,214.99,63.64,0,12
STU0063,CRS04,2,88.68,49.14,0,12
STU0063,CRS04,3,177.2,69.13,0,12
STU0063,CRS04,4,84.98,65.19,0,12
STU0063,CRS04,5,43.96,66.68,0,12
STU0063,CRS04,6,117.01,78.16,0,12
STU0063,CRS04,7,156.48,68.12,0,12
STU0063,CRS04,8,166.29,86.82,0,12
STU0063,CRS04,9,123.22,55.36,0,12
STU0063,CRS04,10,51.41,47.8,0,12
STU0063,CRS04,11,49.71,61.1,0,12
STU0063,CRS04,12,252.55,68.28,1,12
STU0063,CRS05,1,105.99,43.02,0,12
STU0063,CRS05,2,116.18,25.35,0,12
STU0063,CRS05,3,44.53,29.71,0,12
STU0063,CRS05,4,133.68,44.84,0,12
STU0063,CRS05,5,64.22,34.71,0,12
STU0063,CRS05,6,105.72,45.76,0,12
STU0063,CRS05,7,156.78,45.34,0,12
STU0064,CRS01,1,23.16,75.13,0,12
STU0064,CRS01,2,113.54,74.24,0,12
STU0064,CRS02,1,83.72,89.05,0,8
STU0064,CRS02,2,70.19,81.23,0,8
STU0064,CRS02,3,68.22,95.87,0,8
STU0064,CRS02,4,48.38,93.43,0,8
STU0064,CRS02,5,80.51,95.84,0,8
STU0064,CRS02,6,69.97,79.85,0,8
STU0064,CRS03,1,54.23,42.15,0,10
STU0064,CRS03,2,21.87,56.96,0,10
STU0064,CRS03,3,101.74,66.04,0,10
STU0064,CRS03,4,48.36,40.72,0,10
STU0064,CRS03,5,16.6,53.62,0,10
STU0064,CRS03,6,58.82,36.28,0,10
STU0064,CRS03,7,93.72,57.64,0,10
STU0064,CRS03,8,78.94,59.06,0,10
STU0064,CRS03,9,104.53,50.38,0,10
STU0064,CRS03,10,58.88,41.36,1,10
STU0064,CRS04,1,53.8,52.12,0,10
STU0064,CRS04,2,42.49,66.29,0,10
STU0064,CRS04,3,46.32,61.94,0,10
STU0064,CRS04,4,56.13,60.36,0,10
STU0064,CRS05,1,51.24,54.52,0,11
STU0064,CRS05,2,59.47,37.04,0,11
STU0064,CRS05,3,105.19,41.51,0,11
STU0064,CRS05,4,73.6,64.85,0,11
STU0064,CRS05,5,79.56,26.72,0,11
STU0064,CRS05,6,62.4,14.07,0,11
STU0064,CRS05,7,149.68,40.67,0,11
STU0064,CRS05,8,118.02,48.29,0,11
STU0064,CRS05,9,83.28,46.54,0,11
STU0064,CRS05,10,160.2,39.97,0,11
STU0064,CRS05,11,61.12,8.97,1,11
STU0065,CRS01,1,98.44,100.0,0,10
STU0065,CRS01,2,61.34,62.06,0,10
STU0065,CRS01,3,19.79,68.6,0,10
STU0065,CRS01,4,91.21,64.33,0,10
STU0065,CRS01,5,50.72,60.39,0,10
STU0065,CRS01,6,87.16,80.49,0,10
STU0065,CRS01,7,63.89,63.47,0,10
STU0065,CRS02,1,183.5,79.41,0,8
STU0065,CRS02,2,164.5,51.99,0,8
STU0065,CRS02,3,201.87,59.19,0,8
STU0065,CRS03,1,97.28,69.21,0,12
STU0065,CRS03,2,122.0,78.44,0,12
STU0065,CRS03,3,88.56,69.14,0,12
STU0065,CRS03,4,27.41,74.76,0,12
STU0065,CRS03,5,143.95,72.47,0,12
STU0065,CRS03,6,86.07,62.8,0,12
STU0065,CRS03,7,141.89,75.59,0,12
STU0065,CRS04,1,99.41,68.58,0,9
STU0065,CRS04,2,180.91,70.44,0,9
STU0065,CRS04,3,99.3,41.72,0,9
STU0065,CRS04,4,168.31,60.68,0,9
STU0065,CRS04,5,196.54,73.48,0,9
STU0065,CRS04,6,91.52,51.29,0,9
STU0065,CRS04,7,188.53,83.18,0,9
STU0065,CRS05,1,11.43,24.09,0,8
STU0065,CRS05,2,59.87,23.28,0,8
STU0065,CRS05,3,43.46,36.61,0,8
STU0066,CRS01,1,46.69,47.54,0,12
STU0066,CRS01,2,21.85,48.42,0,12
STU0066,CRS01,3,58.41,42.69,0,12
STU0066,CRS01,4,44.91,45.04,0,12
STU0066,CRS01,5,106.29,54.34,0,12
STU0066,CRS02,1,39.0,59.22,0,11
STU0066,CRS02,2,49.48,58.26,0,11
STU0066,CRS02,3,81.59,62.24,0,11
STU0066,CRS02,4,157.58,54.36,0,11
STU0066,CRS02,5,23.41,55.18,0,11
STU0066,CRS02,6,43.38,34.29,0,11
STU0066,CRS02,7,70.66,67.87,0,11
STU0066,CRS02,8,109.76,46.68,0,11
STU0066,CRS02,9,93.51,54.42,0,11
STU0066,CRS02,10,179.36,66.27,0,11
STU0066,CRS02,11,167.27,56.99,1,11
STU0066,CRS03,1,41.46,36.62,0,8
STU0066,CRS03,2,58.43,54.5,0,8
STU0066,CRS04,1,62.74,70.97,0,11
STU0066,CRS04,2,106.99,67.79,0,11
STU0066,CRS04,3,94.67,70.57,0,11
STU0066,CRS04,4,116.97,48.28,0,11
STU0066,CRS04,5,20.77,68.54,0,11
STU0066,CRS04,6,153.54,74.2,0,11
STU0066,CRS04,7,137.82,83.83,0,11
STU0066,CRS04,8,20.59,63.69,0,11
STU0066,CRS04,9,119.72,64.84,0,11
STU0066,CRS05,1,100.96,86.41,0,11
STU0066,CRS05,2,15.63,78.09,0,11
STU0066,CRS05,3,69.92,76.67,0,11
STU0066,CRS05,4,99.03,80.56,0,11
STU0066,CRS05,5,100.03,88.55,0,11
STU0066,CRS05,6,88.08,94.41,0,11
STU0066,CRS05,7,125.31,83.19,0,11
STU0067,CRS01,1,26.29,42.16,0,11
STU0067,CRS01,2,34.61,28.77,0,11
STU0067,CRS01,3,26.69,33.62,0,11
STU0067,CRS01,4,107.05,58.7,0,11
STU0067,CRS01,5,102.13,38.63,0,11
STU0067,CRS01,6,101.9,47.43,0,11
STU0067,CRS01,7,66.82,35.82,0,11
STU0067,CRS01,8,109.37,27.18,0,11
STU0067,CRS01,9,128.31,43.68,0,11
STU0067,CRS01,10,111.61,38.91,0,11
STU0067,CRS01,11,115.61,34.01,1,11
STU0067,CRS02,1,210.0,90.12,0,11
STU0067,CRS02,2,145.6,73.37,0,11
STU0067,CRS02,3,219.75,95.85,0,11
STU0067,CRS02,4,252.3,89.74,0,11
STU0067,CRS02,5,134.72,73.25,0,11
STU0067,CRS02,6,174.89,69.84,0,11
STU0067,CRS02,7,144.06,63.12,0,11
STU0067,CRS02,8,70.4,55.98,0,11
STU0067,CRS02,9,112.44,62.35,0,11
STU0067,CRS02,10,174.83,76.32,0,11
STU0067,CRS02,11,213.86,74.29,1,11
STU0067,CRS03,1,172.19,86.38,0,10
STU0067,CRS03,2,173.15,92.03,0,10
STU0067,CRS03,3,230.27,100.0,0,10
STU0067,CRS03,4,229.13,100.0,0,10
STU0067,CRS03,5,73.84,100.0,0,10
STU0067,CRS04,1,65.85,55.67,0,10
STU0067,CRS04,2,105.42,68.5,0,10
STU0067,CRS04,3,105.69,71.68,0,10
STU0067,CRS04,4,42.92,51.12,0,10
STU0067,CRS05,1,78.82,28.79,0,10
STU0067,CRS05,2,44.8,50.89,0,10
STU0067,CRS05,3,79.05,55.72,0,10
STU0068,CRS01,1,135.29,56.76,0,11
STU0068,CRS01,2,166.38,63.72,0,11
STU0068,CRS01,3,41.31,44.65,0,11
STU0068,CRS01,4,99.19,40.65,0,11
STU0068,CRS01,5,81.01,66.34,0,11
STU0068,CRS01,6,185.81,69.24,0,11
STU0068,CRS01,7,69.48,42.43,0,11
STU0068,CRS01,8,120.62,46.1,0,11
STU0068,CRS01,9,56.24,37.08,0,11
STU0068,CRS01,10,160.08,58.57,0,11
STU0068,CRS01,11,211.76,52.95,1,11
STU0068,CRS02,1,97.85,92.22,0,11
STU0068,CRS02,2,42.0,90.52,0,11
STU0068,CRS02,3,112.1,94.29,0,11
STU0068,CRS02,4,37.9,76.16,0,11
STU0068,CRS02,5,138.77,84.31,0,11
STU0068,CRS02,6,69.26,91.43,0,11
STU0068,CRS02,7,51.97,94.79,0,11
STU0068,CRS02,8,40.43,87.14,0,11
STU0068,CRS02,9,110.77,80.66,0,11
STU0068,CRS03,1,114.02,100.0,0,11
STU0068,CRS03,2,148.04,100.0,0,11
STU0068,CRS03,3,150.25,100.0,0,11
STU0068,CRS03,4,163.4,100.0,0,11
STU0068,CRS03,5,55.8,74.19,0,11
STU0068,CRS03,6,137.14,84.47,0,11
STU0068,CRS03,7,107.6,94.86,0,11
STU0068,CRS03,8,228.89,100.0,0,11
STU0068,CRS03,9,266.41,100.0,0,11
STU0068,CRS03,10,126.54,97.66,0,11
STU0068,CRS03,11,67.13,91.39,1,11
STU0068,CRS04,1,128.65,80.38,0,8
STU0068,CRS04,2,176.0,58.71,0,8
STU0068,CRS04,3,238.98,77.32,0,8
STU0068,CRS04,4,171.12,68.88,0,8
STU0068,CRS04,5,268.9,50.59,0,8
STU0068,CRS04,6,137.52,56.77,0,8
STU0068,CRS04,7,107.85,47.44,0,8
STU0068,CRS04,8,52.21,55.85,1,8
STU0068,CRS05,1,191.62,100.0,0,8
STU0068,CRS05,2,139.98,90.73,0,8
STU0068,CRS05,3,58.37,93.1,0,8
STU0068,CRS05,4,29.57,98.03,0,8
STU0068,CRS05,5,43.28,71.26,0,8
STU0069,CRS01,1,159.67,73.46,0,9
STU0069,CRS01,2,122.73,85.87,0,9
STU0069,CRS01,3,82.05,73.06,0,9
STU0069,CRS01,4,92.89,90.61,0,9
STU0069,CRS01,5,191.13,92.52,0,9
STU0069,CRS01,6,112.18,74.7,0,9
STU0069,CRS01,7,127.11,86.0,0,9
STU0069,CRS01,8,139.46,88.17,0,9
STU0069,CRS01,9,71.77,81.24,1,9
STU0069,CRS02,1,24.45,30.14,0,12
STU0069,CRS02,2,143.91,50.82,0,12
STU0069,CRS02,3,115.59,66.15,0,12
STU0069,CRS02,4,64.28,52.56,0,12
STU0069,CRS02,5,107.8,31.95,0,12
STU0069,CRS03,1,175.54,42.17,0,10
STU0069,CRS03,2,125.18,52.66,0,10
STU0069,CRS03,3,208.78,51.29,0,10
STU0069,CRS03,4,224.45,65.04,0,10
STU0069,CRS04,1,31.48,88.2,0,9
STU0069,CRS04,2,181.38,100.0,0,9
STU0069,CRS04,3,37.88,72.4,0,9
STU0069,CRS04,4,151.69,87.48,0,9
STU0069,CRS04,5,255.06,100.0,0,9
STU0069,CRS04,6,281.09,99.3,0,9
STU0069,CRS04,7,139.56,100.0,0,9
STU0069,CRS04,8,114.1,97.34,0,9
STU0069,CRS05,1,134.3,67.7,0,11
STU0069,CRS05,2,230.94,41.69,0,11
STU0069,CRS05,3,227.44,73.69,0,11
STU0069,CRS05,4,98.44,30.5,0,11
STU0069,CRS05,5,194.2,38.69,0,11
STU0069,CRS05,6,43.8,40.32,0,11
STU0069,CRS05,7,182.22,51.33,0,11
STU0069,CRS05,8,237.95,47.24,0,11
STU0069,CRS05,9,240.35,57.9,0,11
STU0069,CRS05,10,106.09,28.02,0,11
STU0069,CRS05,11,243.53,51.82,1,11
STU0070,CRS01,1,58.48,53.58,0,9
STU0070,CRS01,2,84.59,42.68,0,9
STU0070,CRS01,3,165.13,50.11,0,9
STU0070,CRS01,4,108.99,49.23,0,9
STU0070,CRS01,5,84.49,41.67,0,9
STU0070,CRS01,6,99.8,47.9,0,9
STU0070,CRS02,1,67.03,37.28,0,10
STU0070,CRS02,2,100.73,38.67,0,10
STU0070,CRS02,3,33.71,28.21,0,10
STU0070,CRS02,4,13.97,30.0,0,10
STU0070,CRS02,5,63.77,46.51,0,10
STU0070,CRS03,1,137.24,59.39,0,12
STU0070,CRS03,2,23.27,60.0,0,12
STU0070,CRS03,3,34.44,45.33,0,12
STU0070,CRS03,4,132.89,62.47,0,12
STU0070,CRS03,5,43.44,36.82,0,12
STU0070,CRS03,6,88.24,45.21,0,12
STU0070,CRS03,7,169.08,52.94,0,12
STU0070,CRS03,8,118.52,34.3,0,12
STU0070,CRS04,1,95.97,56.75,0,9
STU0070,CRS04,2,62.47,66.4,0,9
STU0070,CRS04,3,160.86,73.01,0,9
STU0070,CRS04,4,151.72,67.23,0,9
STU0070,CRS04,5,81.72,50.84,0,9
STU0070,CRS04,6,147.56,51.83,0,9
STU0070,CRS04,7,84.26,73.61,0,9
STU0070,CRS05,1,132.23,57.04,0,9
STU0070,CRS05,2,176.68,31.05,0,9
STU0070,CRS05,3,198.78,43.09,0,9
STU0070,CRS05,4,240.07,65.79,0,9
STU0070,CRS05,5,126.64,52.28,0,9
STU0070,CRS05,6,56.2,21.39,0,9
STU0070,CRS05,7,85.65,44.01,0,9
STU0070,CRS05,8,52.4,37.6,0,9
STU0070,CRS05,9,178.13,50.67,1,9
STU0071,CRS01,1,167.34,52.27,0,10
STU0071,CRS01,2,134.13,64.1,0,10
STU0071,CRS01,3,87.72,23.74,0,10
STU0071,CRS01,4,48.7,35.99,0,10
STU0071,CRS01,5,64.99,33.07,0,10
STU0071,CRS01,6,110.76,43.54,0,10
STU0071,CRS01,7,161.73,47.68,0,10
STU0071,CRS01,8,166.27,41.8,0,10
STU0071,CRS01,9,196.6,47.57,0,10
STU0071,CRS01,10,129.32,51.07,1,10
STU0071,CRS02,1,108.62,44.49,0,12
STU0071,CRS02,2,116.36,73.32,0,12
STU0071,CRS02,3,57.25,57.04,0,12
STU0071,CRS02,4,135.99,61.02,0,12
STU0071,CRS02,5,181.99,69.91,0,12
STU0071,CRS02,6,59.7,56.08,0,12
STU0071,CRS02,7,161.44,65.83,0,12
STU0071,CRS02,8,34.2,62.43,0,12
STU0071,CRS02,9,61.83,56.54,0,12
STU0071,CRS02,10,229.13,65.25,0,12
STU0071,CRS02,11,251.45,64.19,0,12
STU0071,CRS02,12,224.47,79.05,1,12
STU0071,CRS03,1,91.74,50.67,0,12
STU0071,CRS03,2,99.55,62.43,0,12
STU0071,CRS03,3,90.93,41.23,0,12
STU0071,CRS04,1,25.76,38.07,0,11
STU0071,CRS04,2,157.38,68.11,0,11
STU0071,CRS04,3,134.34,66.01,0,11
STU0071,CRS04,4,166.25,66.11,0,11
STU0071,CRS04,5,56.76,67.83,0,11
STU0071,CRS04,6,135.62,38.79,0,11
STU0071,CRS04,7,73.43,59.05,0,11
STU0071,CRS04,8,155.3,52.66,0,11
STU0071,CRS04,9,75.23,60.66,0,11
STU0071,CRS04,10,145.34,66.74,0,11
STU0071,CRS04,11,165.61,65.92,1,11
STU0071,CRS05,1,103.61,87.32,0,12
STU0071,CRS05,2,34.13,80.99,0,12
STU0071,CRS05,3,26.02,49.49,0,12
STU0071,CRS05,4,129.53,81.42,0,12
STU0071,CRS05,5,85.15,86.0,0,12
STU0071,CRS05,6,39.9,89.91,0,12
STU0071,CRS05,7,35.8,63.29,0,12
STU0071,CRS05,8,125.31,61.14,0,12
STU0071,CRS05,9,157.67,87.38,0,12
STU0072,CRS01,1,83.58,34.04,0,10
STU0072,CRS01,2,92.55,45.76,0,10
STU0072,CRS01,3,143.1,59.2,0,10
STU0072,CRS01,4,147.43,44.08,0,10
STU0072,CRS01,5,172.66,41.94,0,10
STU0072,CRS01,6,79.89,47.34,0,10
STU0072,CRS01,7,70.36,34.13,0,10
STU0072,CRS01,8,130.55,43.89,0,10
STU0072,CRS01,9,122.4,44.85,0,10
STU0072,CRS02,1,61.82,83.06,0,8
STU0072,CRS02,2,109.67,80.68,0,8
STU0072,CRS02,3,125.81,58.01,0,8
STU0072,CRS02,4,118.45,77.62,0,8
STU0072,CRS02,5,148.32,71.41,0,8
STU0072,CRS02,6,141.17,75.23,0,8
STU0072,CRS03,1,169.99,79.11,0,9
STU0072,CRS03,2,161.92,88.98,0,9
STU0072,CRS03,3,88.92,76.04,0,9
STU0072,CRS03,4,90.49,83.67,0,9
STU0072,CRS03,5,71.31,73.66,0,9
STU0072,CRS03,6,115.66,87.51,0,9
STU0072,CRS03,7,134.89,81.17,0,9
STU0072,CRS03,8,89.17,95.61,0,9
STU0072,CRS03,9,98.62,65.11,1,9
STU0072,CRS04,1,89.8,52.81,0,8
STU0072,CRS04,2,82.51,26.08,0,8
STU0072,CRS04,3,37.07,50.13,0,8
STU0072,CRS04,4,54.94,45.57,0,8
STU0072,CRS04,5,72.02,44.97,0,8
STU0072,CRS04,6,109.53,39.39,0,8
STU0072,CRS04,7,113.34,59.84,0,8
STU0072,CRS04,8,120.99,69.78,1,8
STU0072,CRS05,1,62.19,90.39,0,11
STU0072,CRS05,2,154.08,89.6,0,11
STU0072,CRS05,3,181.62,100.0,0,11
STU0073,CRS01,1,19.38,77.58,0,8
STU0073,CRS01,2,96.08,80.92,0,8
STU0073,CRS01,3,82.83,62.68,0,8
STU0073,CRS01,4,86.44,67.06,0,8
STU0073,CRS01,5,77.18,61.5,0,8
STU0073,CRS02,1,254.45,72.44,0,8
STU0073,CRS02,2,95.12,60.91,0,8
STU0073,CRS02,3,97.38,55.62,0,8
STU0073,CRS02,4,89.81,52.47,0,8
STU0073,CRS02,5,177.12,63.86,0,8
STU0073,CRS02,6,62.87,51.03,0,8
STU0073,CRS02,7,222.35,74.44,0,8
STU0073,CRS03,1,33.26,90.99,0,11
STU0073,CRS03,2,225.01,100.0,0,11
STU0073,CRS03,3,139.1,100.0,0,11
STU0073,CRS03,4,149.82,100.0,0,11
STU0073,CRS03,5,179.39,94.18,0,11
STU0073,CRS03,6,274.85,94.11,0,11
STU0073,CRS03,7,118.97,80.37,0,11
STU0073,CRS03,8,275.56,96.32,0,11
STU0073,CRS03,9,105.78,76.18,0,11
STU0073,CRS03,10,288.86,100.0,0,11
STU0073,CRS03,11,240.2,90.59,1,11
STU0073,CRS04,1,81.17,92.38,0,10
STU0073,CRS04,2,59.82,90.23,0,10
STU0073,CRS04,3,45.12,99.29,0,10
STU0073,CRS04,4,61.75,100.0,0,10
STU0073,CRS04,5,62.56,75.05,0,10
STU0073,CRS04,6,17.35,81.51,0,10
STU0073,CRS04,7,39.43,95.71,0,10
STU0073,CRS04,8,39.44,77.38,0,10
STU0073,CRS05,1,129.89,60.49,0,12
STU0073,CRS05,2,35.46,54.69,0,12
STU0073,CRS05,3,86.0,40.38,0,12
STU0073,CRS05,4,139.5,42.17,0,12
STU0073,CRS05,5,110.85,37.09,0,12
STU0073,CRS05,6,148.16,62.03,0,12
STU0074,CRS01,1,73.5,68.95,0,12
STU0074,CRS01,2,46.69,73.45,0,12
STU0074,CRS01,3,57.12,77.12,0,12
STU0074,CRS01,4,97.81,85.58,0,12
STU0074,CRS01,5,92.59,59.12,0,12
STU0074,CRS01,6,91.27,56.57,0,12
STU0074,CRS01,7,83.26,55.78,0,12
STU0074,CRS01,8,28.04,47.87,0,12
STU0074,CRS01,9,38.29,67.65,0,12
STU0074,CRS01,10,67.78,47.31,0,12
STU0074,CRS02,1,101.64,68.26,0,10
STU0074,CRS02,2,240.14,57.0,0,10
STU0074,CRS02,3,43.79,43.12,0,10
STU0074,CRS02,4,146.63,49.35,0,10
STU0074,CRS02,5,112.63,52.4,0,10
STU0074,CRS02,6,190.4,73.12,0,10
STU0074,CRS02,7,193.47,66.6,0,10
STU0074,CRS02,8,90.43,66.62,0,10
STU0074,CRS02,9,245.73,57.14,0,10
STU0074,CRS02,10,170.56,46.94,1,10
STU0074,CRS03,1,195.07,63.58,0,12
STU0074,CRS03,2,176.26,67.51,0,12
STU0074,CRS03,3,210.76,53.16,0,12
STU0074,CRS03,4,141.25,56.41,0,12
STU0074,CRS03,5,211.84,69.05,0,12
STU0074,CRS03,6,73.22,65.71,0,12
STU0074,CRS03,7,234.33,63.14,0,12
STU0074,CRS03,8,127.28,54.62,0,12
STU0074,CRS03,9,102.21,34.71,0,12
STU0074,CRS03,10,245.55,74.54,0,12
STU0074,CRS03,11,97.22,74.85,0,12
STU0074,CRS03,12,283.33,44.1,1,12
STU0074,CRS04,1,176.95,58.86,0,8
STU0074,CRS04,2,106.15,62.95,0,8
STU0074,CRS04,3,201.7,67.81,0,8
STU0074,CRS04,4,45.24,53.01,0,8
STU0074,CRS04,5,38.8,51.25,0,8
STU0074,CRS04,6,171.1,61.77,0,8
STU0074,CRS04,7,60.8,58.71,0,8
STU0074,CRS04,8,258.4,53.84,1,8
STU0074,CRS05,1,45.22,74.71,0,9
STU0074,CRS05,2,196.99,83.95,0,9
STU0074,CRS05,3,99.25,92.68,0,9
STU0074,CRS05,4,71.45,78.61,0,9
STU0074,CRS05,5,136.08,74.15,0,9
STU0074,CRS05,6,37.85,68.96,0,9
STU0074,CRS05,7,190.52,84.53,0,9
STU0074,CRS05,8,158.97,80.04,0,9
STU0074,CRS05,9,56.84,76.86,1,9
STU0075,CRS01,1,35.25,42.6,0,9
STU0075,CRS01,2,152.36,26.0,0,9
STU0075,CRS01,3,207.18,54.51,0,9
STU0075,CRS01,4,86.16,34.91,0,9
STU0075,CRS01,5,110.23,39.12,0,9
STU0075,CRS01,6,251.04,53.06,0,9
STU0075,CRS01,7,85.74,46.54,0,9
STU0075,CRS01,8,137.08,36.9,0,9
STU0075,CRS01,9,87.0,37.27,1,9
STU0075,CRS02,1,30.53,84.9,0,9
STU0075,CRS02,2,168.5,68.28,0,9
STU0075,CRS02,3,107.27,61.88,0,9
STU0075,CRS02,4,43.6,62.72,0,9
STU0075,CRS02,5,157.92,65.14,0,9
STU0075,CRS02,6,68.18,54.84,0,9
STU0075,CRS02,7,65.72,66.92,0,9
STU0075,CRS02,8,72.36,61.52,0,9
STU0075,CRS02,9,106.11,77.66,1,9
STU0075,CRS03,1,54.4,40.2,0,10
STU0075,CRS03,2,77.5,37.69,0,10
STU0075,CRS03,3,49.21,50.48,0,10
STU0075,CRS03,4,48.67,45.78,0,10
STU0075,CRS03,5,25.99,38.07,0,10
STU0075,CRS03,6,94.36,63.38,0,10
STU0075,CRS03,7,25.95,55.2,0,10
STU0075,CRS03,8,93.6,60.04,0,10
STU0075,CRS04,1,89.24,73.45,0,10
STU0075,CRS04,2,198.69,93.85,0,10
STU0075,CRS04,3,45.32,64.62,0,10
STU0075,CRS04,4,35.81,47.9,0,10
STU0075,CRS04,5,179.5,65.71,0,10
STU0075,CRS05,1,30.01,43.73,0,10
STU0075,CRS05,2,54.56,55.6,0,10
STU0075,CRS05,3,73.49,55.79,0,10
STU0075,CRS05,4,45.73,42.73,0,10
STU0075,CRS05,5,74.77,38.8,0,10
STU0075,CRS05,6,17.62,37.24,0,10
STU0075,CRS05,7,36.82,47.19,0,10
STU0075,CRS05,8,118.87,49.84,0,10
STU0075,CRS05,9,42.55,54.21,0,10
STU0076,CRS01,1,223.69,66.09,0,8
STU0076,CRS01,2,97.62,28.07,0,8
STU0076,CRS01,3,250.86,48.29,0,8
STU0076,CRS01,4,169.26,46.97,0,8
STU0076,CRS01,5,281.83,65.88,0,8
STU0076,CRS01,6,249.23,40.49,0,8
STU0076,CRS01,7,105.32,51.89,0,8
STU0076,CRS01,8,280.14,62.91,1,8
STU0076,CRS02,1,27.46,76.45,0,9
STU0076,CRS02,2,86.98,79.07,0,9
STU0076,CRS02,3,36.28,86.65,0,9
STU0076,CRS02,4,32.63,62.64,0,9
STU0076,CRS02,5,79.81,67.4,0,9
STU0076,CRS02,6,37.95,80.89,0,9
STU0076,CRS02,7,45.87,74.92,0,9
STU0076,CRS03,1,13.86,56.17,0,9
STU0076,CRS03,2,47.64,42.07,0,9
STU0076,CRS03,3,43.0,47.27,0,9
STU0076,CRS03,4,91.83,43.63,0,9
STU0076,CRS04,1,23.82,61.07,0,12
STU0076,CRS04,2,93.52,52.56,0,12
STU0076,CRS04,3,69.85,66.26,0,12
STU0076,CRS04,4,94.54,53.34,0,12
STU0076,CRS04,5,165.5,78.98,0,12
STU0076,CRS04,6,150.22,40.4,0,12
STU0076,CRS04,7,164.0,55.91,0,12
STU0076,CRS04,8,164.85,68.85,0,12
STU0076,CRS04,9,53.82,50.58,0,12
STU0076,CRS04,10,124.73,56.8,0,12
STU0076,CRS05,1,134.0,43.2,0,9
STU0076,CRS05,2,66.62,50.73,0,9
STU0076,CRS05,3,206.63,81.44,0,9
STU0076,CRS05,4,62.04,45.84,0,9
STU0076,CRS05,5,227.49,56.52,0,9
STU0076,CRS05,6,64.6,42.64,0,9
STU0076,CRS05,7,148.72,62.71,0,9
STU0076,CRS05,8,206.82,68.22,0,9
STU0077,CRS01,1,73.76,87.87,0,11
STU0077,CRS01,2,61.12,73.97,0,11
STU0077,CRS01,3,100.66,63.3,0,11
STU0077,CRS01,4,93.42,87.89,0,11
STU0077,CRS01,5,50.54,76.02,0,11
STU0077,CRS02,1,95.24,80.01,0,9
STU0077,CRS02,2,34.37,63.34,0,9
STU0077,CRS02,3,196.03,96.0,0,9
STU0077,CRS02,4,65.51,76.93,0,9
STU0077,CRS02,5,82.26,93.96,0,9
STU0077,CRS03,1,74.19,47.04,0,12
STU0077,CRS03,2,130.1,50.07,0,12
STU0077,CRS03,3,49.74,35.83,0,12
STU0077,CRS03,4,96.57,44.07,0,12
STU0077,CRS04,1,124.58,62.2,0,11
STU0077,CRS04,2,109.8,88.72,0,11
STU0077,CRS04,3,31.42,68.76,0,11
STU0077,CRS04,4,107.9,88.29,0,11
STU0077,CRS04,5,141.18,62.22,0,11
STU0077,CRS04,6,48.67,63.31,0,11
STU0077,CRS04,7,142.04,79.2,0,11
STU0077,CRS04,8,65.28,79.34,0,11
STU0077,CRS04,9,103.16,74.31,0,11
STU0077,CRS05,1,110.88,99.26,0,9
STU0077,CRS05,2,79.22,91.38,0,9
STU0077,CRS05,3,28.94,93.78,0,9
STU0077,CRS05,4,154.29,81.76,0,9
STU0077,CRS05,5,157.1,86.72,0,9
STU0077,CRS05,6,166.58,100.0,0,9
STU0077,CRS05,7,37.56,83.11,0,9
STU0077,CRS05,8,24.06,91.71,0,9
STU0077,CRS05,9,199.86,93.49,1,9
STU0078,CRS01,1,151.71,72.36,0,12
STU0078,CRS01,2,129.49,62.48,0,12
STU0078,CRS02,1,60.43,40.36,0,12
STU0078,CRS02,2,104.78,57.74,0,12
STU0078,CRS02,3,58.41,19.3,0,12
STU0078,CRS02,4,131.89,51.82,0,12
STU0078,CRS02,5,147.65,59.16,0,12
STU0078,CRS02,6,132.8,52.81,0,12
STU0078,CRS02,7,64.9,46.98,0,12
STU0078,CRS02,8,53.05,30.15,0,12
STU0078,CRS02,9,153.34,60.5,0,12
STU0078,CRS02,10,117.21,55.17,0,12
STU0078,CRS03,1,110.69,86.79,0,8
STU0078,CRS03,2,117.6,73.33,0,8
STU0078,CRS03,3,29.2,81.65,0,8
STU0078,CRS03,4,174.47,86.31,0,8
STU0078,CRS03,5,259.44,88.05,0,8
STU0078,CRS04,1,21.43,44.7,0,12
STU0078,CRS04,2,114.09,61.45,0,12
STU0078,CRS04,3,123.53,42.8,0,12
STU0078,CRS04,4,67.44,54.71,0,12
STU0078,CRS04,5,169.17,61.55,0,12
STU0078,CRS04,6,145.35,50.98,0,12
STU0078,CRS04,7,129.79,58.22,0,12
STU0078,CRS04,8,33.62,44.52,0,12
STU0078,CRS05,1,147.33,63.7,0,8
STU0078,CRS05,2,121.26,61.98,0,8
STU0078,CRS05,3,210.12,70.85,0,8
STU0078,CRS05,4,196.43,79.65,0,8
STU0078,CRS05,5,154.56,55.47,0,8
STU0078,CRS05,6,159.95,86.8,0,8
STU0078,CRS05,7,231.74,78.16,0,8
STU0078,CRS05,8,51.85,56.51,1,8
STU0079,CRS01,1,75.0,79.82,0,10
STU0079,CRS01,2,69.78,66.64,0,10
STU0079,CRS01,3,25.78,86.89,0,10
STU0079,CRS01,4,95.41,83.63,0,10
STU0079,CRS01,5,42.16,60.93,0,10
STU0079,CRS01,6,175.83,92.47,0,10
STU0079,CRS01,7,87.28,90.09,0,10
STU0079,CRS01,8,53.64,75.13,0,10
STU0079,CRS01,9,28.46,100.0,0,10
STU0079,CRS01,10,163.6,94.63,1,10
STU0079,CRS02,1,174.23,69.78,0,10
STU0079,CRS02,2,162.39,69.8,0,10
STU0079,CRS02,3,211.17,67.43,0,10
STU0079,CRS02,4,176.36,54.64,0,10
STU0079,CRS02,5,82.04,64.83,0,10
STU0079,CRS02,6,160.69,63.12,0,10
STU0079,CRS02,7,281.69,68.58,0,10
STU0079,CRS02,8,115.3,61.61,0,10
STU0079,CRS02,9,300.68,68.18,0,10
STU0079,CRS03,1,92.88,74.33,0,10
STU0079,CRS03,2,68.05,86.6,0,10
STU0079,CRS03,3,78.08,88.35,0,10
STU0079,CRS03,4,58.36,67.98,0,10
STU0079,CRS03,5,21.9,52.14,0,10
STU0079,CRS04,1,160.45,90.87,0,12
STU0079,CRS04,2,177.27,85.08,0,12
STU0079,CRS04,3,123.75,75.35,0,12
STU0079,CRS04,4,136.41,86.46,0,12
STU0079,CRS05,1,72.45,77.31,0,8
STU0079,CRS05,2,48.22,70.87,0,8
STU0079,CRS05,3,136.33,79.92,0,8
STU0079,CRS05,4,72.88,93.4,0,8
STU0079,CRS05,5,43.03,80.14,0,8
STU0079,CRS05,6,111.41,69.9,0,8
STU0079,CRS05,7,97.64,84.88,0,8
STU0079,CRS05,8,45.81,70.99,1,8
STU0080,CRS01,1,22.55,56.7,0,10
STU0080,CRS01,2,15.26,41.07,0,10
STU0080,CRS01,3,21.16,33.52,0,10
STU0080,CRS01,4,67.31,43.67,0,10
STU0080,CRS01,5,124.07,56.52,0,10
STU0080,CRS01,6,84.59,35.43,0,10
STU0080,CRS02,1,38.85,71.68,0,9
STU0080,CRS02,2,95.43,70.82,0,9
STU0080,CRS02,3,99.46,74.97,0,9
STU0080,CRS02,4,97.21,62.81,0,9
STU0080,CRS02,5,63.36,71.14,0,9
STU0080,CRS02,6,69.23,64.44,0,9
STU0080,CRS02,7,27.24,53.54,0,9
STU0080,CRS02,8,101.4,70.52,0,9
STU0080,CRS02,9,17.52,76.7,1,9
STU0080,CRS03,1,92.38,65.63,0,8
STU0080,CRS03,2,45.46,48.34,0,8
STU0080,CRS03,3,133.57,87.09,0,8
STU0080,CRS03,4,123.84,55.08,0,8
STU0080,CRS03,5,80.77,75.9,0,8
STU0080,CRS03,6,156.81,54.76,0,8
STU0080,CRS03,7,48.61,59.77,0,8
STU0080,CRS03,8,24.12,43.58,1,8
STU0080,CRS04,1,124.36,85.93,0,12
STU0080,CRS04,2,82.26,100.0,0,12
STU0080,CRS04,3,112.86,100.0,0,12
STU0080,CRS04,4,90.39,91.99,0,12
STU0080,CRS04,5,71.95,100.0,0,12
STU0080,CRS04,6,123.83,95.32,0,12
STU0080,CRS04,7,135.45,96.02,0,12
STU0080,CRS05,1,165.55,82.51,0,9
STU0080,CRS05,2,76.68,54.17,0,9
STU0080,CRS05,3,186.01,60.47,0,9
STU0080,CRS05,4,80.23,32.13,0,9
STU0080,CRS05,5,126.74,58.38,0,9
STU0080,CRS05,6,152.35,51.76,0,9
STU0080,CRS05,7,87.96,63.01,0,9
STU0080,CRS05,8,76.06,29.92,0,9
STU0080,CRS05,9,249.63,58.82,1,9
STU0081,CRS01,1,172.07,100.0,0,9
STU0081,CRS01,2,152.09,100.0,0,9
STU0081,CRS01,3,217.54,100.0,0,9
STU0081,CRS01,4,176.63,98.34,0,9
STU0081,CRS01,5,215.19,100.0,0,9
STU0081,CRS01,6,100.74,89.28,0,9
STU0081,CRS01,7,120.19,99.97,0,9
STU0081,CRS01,8,251.95,100.0,0,9
STU0081,CRS01,9,183.54,96.91,1,9
STU0081,CRS02,1,126.11,74.97,0,8
STU0081,CRS02,2,165.05,59.42,0,8
STU0081,CRS02,3,119.99,67.35,0,8
STU0081,CRS03,1,89.0,96.57,0,11
STU0081,CRS03,2,52.83,93.12,0,11
STU0081,CRS03,3,166.16,91.76,0,11
STU0081,CRS03,4,39.66,93.38,0,11
STU0081,CRS03,5,25.59,72.47,0,11
STU0081,CRS03,6,210.01,100.0,0,11
STU0081,CRS03,7,105.8,88.65,0,11
STU0081,CRS03,8,42.92,89.57,0,11
STU0081,CRS03,9,116.31,83.34,0,11
STU0081,CRS03,10,196.57,100.0,0,11
STU0081,CRS03,11,40.43,75.14,1,11
STU0081,CRS04,1,26.27,78.16,0,12
STU0081,CRS04,2,36.36,62.56,0,12
STU0081,CRS04,3,60.28,79.22,0,12
STU0081,CRS04,4,32.4,56.96,0,12
STU0081,CRS04,5,134.73,79.81,0,12
STU0081,CRS04,6,81.42,72.34,0,12
STU0081,CRS04,7,94.82,80.67,0,12
STU0081,CRS04,8,31.73,63.42,0,12
STU0081,CRS05,1,180.05,82.83,0,11
STU0081,CRS05,2,38.61,49.86,0,11
STU0081,CRS05,3,123.33,76.44,0,11
STU0081,CRS05,4,101.42,57.94,0,11
STU0081,CRS05,5,151.37,67.19,0,11
STU0081,CRS05,6,57.99,72.66,0,11
STU0082,CRS01,1,105.36,99.65,0,9
STU0082,CRS01,2,44.69,77.73,0,9
STU0082,CRS01,3,119.54,85.09,0,9
STU0082,CRS01,4,124.25,100.0,0,9
STU0082,CRS01,5,22.09,82.58,0,9
STU0082,CRS01,6,80.6,82.18,0,9
STU0082,CRS01,7,38.69,99.01,0,9
STU0082,CRS02,1,52.5,49.06,0,9
STU0082,CRS02,2,31.1,56.36,0,9
STU0082,CRS02,3,72.41,37.8,0,9
STU0082,CRS02,4,54.57,38.39,0,9
STU0082,CRS03,1,133.29,85.9,0,10
STU0082,CRS03,2,83.97,62.62,0,10
STU0082,CRS03,3,43.61,62.19,0,10
STU0082,CRS03,4,149.05,77.17,0,10
STU0082,CRS03,5,204.49,65.29,0,10
STU0082,CRS03,6,117.11,61.36,0,10
STU0082,CRS03,7,167.99,80.63,0,10
STU0082,CRS03,8,81.77,69.86,0,10
STU0082,CRS03,9,110.28,65.08,0,10
STU0082,CRS03,10,184.42,94.72,1,10
STU0082,CRS04,1,126.76,89.13,0,9
STU0082,CRS04,2,143.89,83.73,0,9
STU0082,CRS04,3,147.23,92.8,0,9
STU0082,CRS04,4,112.23,82.17,0,9
STU0082,CRS04,5,153.08,100.0,0,9
STU0082,CRS04,6,61.88,88.65,0,9
STU0082,CRS04,7,137.47,91.36,0,9
STU0082,CRS04,8,120.12,89.99,0,9
STU0082,CRS04,9,208.79,90.67,1,9
STU0082,CRS05,1,206.1,57.86,0,9
STU0082,CRS05,2,59.66,51.0,0,9
STU0082,CRS05,3,145.23,50.61,0,9
STU0082,CRS05,4,137.29,54.85,0,9
STU0082,CRS05,5,45.52,36.43,0,9
STU0082,CRS05,6,45.51,38.88,0,9
STU0082,CRS05,7,189.59,54.3,0,9
STU0082,CRS05,8,95.57,30.23,0,9
STU0082,CRS05,9,233.11,48.84,1,9
STU0083,CRS01,1,44.81,68.79,0,11
STU0083,CRS01,2,28.06,71.37,0,11
STU0083,CRS01,3,126.59,72.86,0,11
STU0083,CRS01,4,134.31,85.63,0,11
STU0083,CRS02,1,30.84,69.38,0,9
STU0083,CRS02,2,37.88,100.0,0,9
STU0083,CRS02,3,108.52,92.48,0,9
STU0083,CRS02,4,163.64,86.4,0,9
STU0083,CRS02,5,100.02,79.62,0,9
STU0083,CRS02,6,100.57,82.34,0,9
STU0083,CRS02,7,137.87,90.99,0,9
STU0083,CRS03,1,53.67,69.92,0,9
STU0083,CRS03,2,48.78,60.01,0,9
STU0083,CRS03,3,242.95,71.2,0,9
STU0083,CRS03,4,177.74,58.92,0,9
STU0083,CRS03,5,247.65,73.36,0,9
STU0083,CRS03,6,269.88,61.2,0,9
STU0083,CRS03,7,149.21,70.99,0,9
STU0083,CRS03,8,166.72,54.66,0,9
STU0083,CRS03,9,240.67,60.38,1,9
STU0083,CRS04,1,157.93,78.93,0,10
STU0083,CRS04,2,65.05,72.82,0,10
STU0083,CRS04,3,39.0,55.52,0,10
STU0083,CRS04,4,100.72,78.34,0,10
STU0083,CRS04,5,233.52,89.43,0,10
STU0083,CRS05,1,33.38,71.84,0,10
STU0083,CRS05,2,66.07,83.19,0,10
STU0083,CRS05,3,33.97,71.77,0,10
STU0083,CRS05,4,64.36,82.28,0,10
STU0083,CRS05,5,147.67,66.66,0,10
STU0083,CRS05,6,133.19,65.11,0,10
STU0083,CRS05,7,95.72,76.6,0,10
STU0083,CRS05,8,49.39,55.95,0,10
STU0083,CRS05,9,82.89,59.15,0,10
STU0083,CRS05,10,129.76,81.9,1,10
STU0084,CRS01,1,64.28,76.45,0,11
STU0084,CRS01,2,93.67,98.41,0,11
STU0084,CRS01,3,78.02,92.58,0,11
STU0084,CRS01,4,166.09,100.0,0,11
STU0084,CRS01,5,110.3,94.18,0,11
STU0084,CRS01,6,144.09,100.0,0,11
STU0084,CRS01,7,109.11,100.0,0,11
STU0084,CRS01,8,95.25,79.16,0,11
STU0084,CRS02,1,49.3,69.88,0,8
STU0084,CRS02,2,45.53,63.63,0,8
STU0084,CRS02,3,62.39,71.13,0,8
STU0084,CRS02,4,167.96,79.81,0,8
STU0084,CRS02,5,67.29,51.63,0,8
STU0084,CRS02,6,31.92,50.03,0,8
STU0084,CRS02,7,32.14,63.08,0,8
STU0084,CRS02,8,53.99,58.68,1,8
STU0084,CRS03,1,40.27,78.87,0,8
STU0084,CRS04,1,78.26,65.02,0,12
STU0084,CRS04,2,65.14,42.29,0,12
STU0084,CRS04,3,73.82,44.53,0,12
STU0084,CRS04,4,60.31,37.29,0,12
STU0084,CRS04,5,93.56,46.07,0,12
STU0084,CRS04,6,34.73,43.51,0,12
STU0084,CRS04,7,26.07,46.77,0,12
STU0084,CRS04,8,61.74,65.39,0,12
STU0084,CRS05,1,86.74,53.22,0,9
STU0084,CRS05,2,63.36,36.9,0,9
STU0084,CRS05,3,53.73,35.04,0,9
STU0084,CRS05,4,108.89,54.16,0,9
STU0084,CRS05,5,193.14,53.26,0,9
STU0085,CRS01,1,124.75,89.01,0,9
STU0085,CRS01,2,131.64,72.06,0,9
STU0085,CRS01,3,162.34,80.59,0,9
STU0085,CRS01,4,135.26,68.75,0,9
STU0085,CRS01,5,38.72,58.14,0,9
STU0085,CRS01,6,56.95,68.06,0,9
STU0085,CRS01,7,21.11,64.34,0,9
STU0085,CRS01,8,66.83,78.22,0,9
STU0085,CRS02,1,93.86,74.11,0,9
STU0085,CRS02,2,127.13,66.69,0,9
STU0085,CRS02,3,20.89,62.04,0,9
STU0085,CRS02,4,74.8,58.1,0,9
STU0085,CRS02,5,41.58,71.74,0,9
STU0085,CRS02,6,77.27,45.91,0,9
STU0085,CRS02,7,37.53,48.16,0,9
STU0085,CRS02,8,165.85,62.06,0,9
STU0085,CRS02,9,126.6,51.86,1,9
STU0085,CRS03,1,168.27,62.81,0,12
STU0085,CRS03,2,67.27,44.67,0,12
STU0085,CRS03,3,129.52,52.43,0,12
STU0085,CRS03,4,32.02,30.94,0,12
STU0085,CRS03,5,210.87,39.04,0,12
STU0085,CRS03,6,107.05,46.17,0,12
STU0085,CRS03,7,140.56,48.39,0,12
STU0085,CRS03,8,175.22,55.31,0,12
STU0085,CRS03,9,224.48,63.53,0,12
STU0085,CRS03,10,59.0,37.13,0,12
STU0085,CRS03,11,167.98,48.39,0,12
STU0085,CRS03,12,179.54,42.3,1,12
STU0085,CRS04,1,108.5,100.0,0,8
STU0085,CRS04,2,73.22,74.72,0,8
STU0085,CRS04,3,102.19,84.27,0,8
STU0085,CRS04,4,43.25,61.98,0,8
STU0085,CRS04,5,130.15,90.23,0,8
STU0085,CRS04,6,152.8,72.04,0,8
STU0085,CRS04,7,121.03,77.0,0,8
STU0085,CRS04,8,155.4,67.85,1,8
STU0085,CRS05,1,94.43,69.07,0,11
STU0085,CRS05,2,142.11,77.86,0,11
STU0085,CRS05,3,150.15,89.46,0,11
STU0085,CRS05,4,29.78,48.36,0,11
STU0085,CRS05,5,40.06,66.14,0,11
STU0085,CRS05,6,147.35,55.1,0,11
STU0085,CRS05,7,120.12,64.14,0,11
STU0085,CRS05,8,160.88,50.13,0,11
STU0085,CRS05,9,22.09,49.32,0,11
STU0085,CRS05,10,168.89,80.55,0,11
STU0086,CRS01,1,70.56,70.86,0,9
STU0086,CRS01,2,12.68,59.29,0,9
STU0086,CRS01,3,51.71,56.88,0,9
STU0086,CRS01,4,15.37,65.36,0,9
STU0086,CRS01,5,70.86,67.85,0,9
STU0086,CRS02,1,25.35,82.75,0,11
STU0086,CRS02,2,139.71,83.26,0,11
STU0086,CRS02,3,145.5,82.73,0,11
STU0086,CRS02,4,193.77,100.0,0,11
STU0086,CRS02,5,38.48,76.46,0,11
STU0086,CRS02,6,186.97,100.0,0,11
STU0086,CRS02,7,188.91,88.87,0,11
STU0086,CRS02,8,127.32,67.84,0,11
STU0086,CRS02,9,58.0,80.18,0,11
STU0086,CRS03,1,45.84,59.34,0,9
STU0086,CRS03,2,184.84,69.06,0,9
STU0086,CRS04,1,131.86,100.0,0,11
STU0086,CRS04,2,231.09,100.0,0,11
STU0086,CRS04,3,99.54,100.0,0,11
STU0086,CRS04,4,232.17,100.0,0,11
STU0086,CRS04,5,241.24,100.0,0,11
STU0086,CRS04,6,94.17,87.13,0,11
STU0086,CRS04,7,164.79,98.33,0,11
STU0086,CRS04,8,45.13,72.7,0,11
STU0086,CRS04,9,198.15,100.0,0,11
STU0086,CRS04,10,167.43,100.0,0,11
STU0086,CRS04,11,289.32,100.0,1,11
STU0086,CRS05,1,29.45,84.54,0,9
STU0086,CRS05,2,33.85,82.49,0,9
STU0086,CRS05,3,31.31,89.11,0,9
STU0086,CRS05,4,118.8,97.84,0,9
STU0086,CRS05,5,64.82,83.62,0,9
STU0087,CRS01,1,154.74,35.68,0,12
STU0087,CRS01,2,132.31,53.75,0,12
STU0087,CRS01,3,122.55,47.94,0,12
STU0087,CRS01,4,127.13,49.94,0,12
STU0087,CRS02,1,20.78,59.42,0,8
STU0087,CRS02,2,160.04,60.08,0,8
STU0087,CRS02,3,106.62,72.41,0,8
STU0087,CRS03,1,171.0,100.0,0,12
STU0087,CRS03,2,46.32,72.35,0,12
STU0087,CRS03,3,109.75,80.98,0,12
STU0087,CRS03,4,251.6,100.0,0,12
STU0087,CRS04,1,157.45,87.17,0,12
STU0087,CRS04,2,77.04,96.08,0,12
STU0087,CRS04,3,89.05,67.18,0,12
STU0087,CRS04,4,119.85,100.0,0,12
STU0087,CRS04,5,163.41,81.5,0,12
STU0087,CRS05,1,141.2,70.2,0,10
STU0087,CRS05,2,148.61,72.17,0,10
STU0087,CRS05,3,23.18,61.21,0,10
STU0087,CRS05,4,73.84,62.45,0,10
STU0087,CRS05,5,20.97,57.8,0,10
STU0087,CRS05,6,141.12,78.27,0,10
STU0087,CRS05,7,79.92,66.29,0,10
STU0087,CRS05,8,157.26,64.73,0,10
STU0087,CRS05,9,36.18,55.2,0,10
STU0087,CRS05,10,24.5,59.02,1,10
STU0088,CRS01,1,104.88,82.71,0,11
STU0088,CRS01,2,83.66,81.18,0,11
STU0088,CRS01,3,130.48,75.07,0,11
STU0088,CRS01,4,156.83,73.32,0,11
STU0088,CRS01,5,174.95,79.74,0,11
STU0088,CRS01,6,196.89,100.0,0,11
STU0088,CRS01,7,29.85,51.86,0,11
STU0088,CRS01,8,197.09,97.15,0,11
STU0088,CRS01,9,223.44,88.91,0,11
STU0088,CRS01,10,80.15,60.92,0,11
STU0088,CRS01,11,207.07,75.12,1,11
STU0088,CRS02,1,81.53,61.49,0,9
STU0088,CRS02,2,91.93,53.99,0,9
STU0088,CRS02,3,63.71,48.48,0,9
STU0088,CRS02,4,68.8,64.37,0,9
STU0088,CRS02,5,19.74,49.8,0,9
STU0088,CRS02,6,38.12,54.76,0,9
STU0088,CRS03,1,34.32,86.16,0,8
STU0088,CRS03,2,96.89,68.54,0,8
STU0088,CRS03,3,85.59,83.55,0,8
STU0088,CRS03,4,104.07,58.66,0,8
STU0088,CRS04,1,191.49,100.0,0,11
STU0088,CRS04,2,39.42,87.73,0,11
STU0088,CRS04,3,188.25,100.0,0,11
STU0088,CRS04,4,136.76,99.87,0,11
STU0088,CRS04,5,255.47,100.0,0,11
STU0088,CRS04,6,136.98,100.0,0,11
STU0088,CRS04,7,143.43,100.0,0,11
STU0088,CRS04,8,189.46,100.0,0,11
STU0088,CRS04,9,166.41,93.13,0,11
STU0088,CRS04,10,266.39,86.74,0,11
STU0088,CRS04,11,269.96,100.0,1,11
STU0088,CRS05,1,64.56,46.18,0,12
STU0088,CRS05,2,106.9,54.0,0,12
STU0088,CRS05,3,167.01,58.0,0,12
STU0088,CRS05,4,146.1,62.79,0,12
STU0088,CRS05,5,24.73,43.06,0,12
STU0088,CRS05,6,59.35,57.19,0,12
STU0088,CRS05,7,53.39,54.08,0,12
STU0088,CRS05,8,107.03,33.72,0,12
STU0088,CRS05,9,146.6,39.49,0,12
STU0088,CRS05,10,94.0,53.32,0,12
STU0089,CRS01,1,44.8,72.37,0,9
STU0089,CRS01,2,84.18,63.51,0,9
STU0089,CRS01,3,81.89,81.89,0,9
STU0089,CRS01,4,97.21,80.24,0,9
STU0089,CRS01,5,70.1,81.83,0,9
STU0089,CRS02,1,83.0,26.87,0,9
STU0089,CRS02,2,47.43,42.81,0,9
STU0089,CRS02,3,14.86,40.64,0,9
STU0089,CRS02,4,79.59,47.08,0,9
STU0089,CRS03,1,129.55,100.0,0,8
STU0089,CRS03,2,32.36,76.61,0,8
STU0089,CRS03,3,46.24,82.18,0,8
STU0089,CRS03,4,30.14,74.35,0,8
STU0089,CRS03,5,172.62,91.69,0,8
STU0089,CRS03,6,142.61,76.71,0,8
STU0089,CRS03,7,111.48,76.76,0,8
STU0089,CRS03,8,63.52,86.21,1,8
STU0089,CRS04,1,71.85,90.21,0,8
STU0089,CRS04,2,126.06,100.0,0,8
STU0089,CRS04,3,58.71,94.62,0,8
STU0089,CRS04,4,223.47,100.0,0,8
STU0089,CRS04,5,230.45,100.0,0,8
STU0089,CRS04,6,98.42,86.49,0,8
STU0089,CRS04,7,129.27,100.0,0,8
STU0089,CRS04,8,294.37,100.0,1,8
STU0089,CRS05,1,136.55,63.69,0,10
STU0089,CRS05,2,76.28,78.68,0,10
STU0089,CRS05,3,195.04,70.26,0,10
STU0089,CRS05,4,148.11,69.23,0,10
STU0090,CRS01,1,58.27,75.49,0,12
STU0090,CRS01,2,26.15,61.63,0,12
STU0090,CRS01,3,106.41,87.52,0,12
STU0090,CRS01,4,58.93,76.86,0,12
STU0090,CRS01,5,110.53,87.95,0,12
STU0090,CRS01,6,46.66,69.25,0,12
STU0090,CRS01,7,89.85,75.77,0,12
STU0090,CRS02,1,168.18,99.66,0,10
STU0090,CRS02,2,207.22,86.39,0,10
STU0090,CRS02,3,189.32,74.16,0,10
STU0090,CRS02,4,26.78,62.47,0,10
STU0090,CRS02,5,65.29,70.08,0,10
STU0090,CRS02,6,197.14,81.4,0,10
STU0090,CRS02,7,132.18,66.94,0,10
STU0090,CRS02,8,75.58,77.28,0,10
STU0090,CRS02,9,134.25,70.03,0,10
STU0090,CRS02,10,67.07,65.04,1,10
STU0090,CRS03,1,37.96,55.48,0,11
STU0090,CRS03,2,21.13,39.44,0,11
STU0090,CRS03,3,35.7,40.74,0,11
STU0090,CRS03,4,66.07,51.01,0,11
STU0090,CRS03,5,64.01,54.56,0,11
STU0090,CRS03,6,23.61,63.99,0,11
STU0090,CRS03,7,57.14,51.21,0,11
STU0090,CRS03,8,79.3,43.64,0,11
STU0090,CRS03,9,21.29,35.5,0,11
STU0090,CRS04,1,78.09,85.05,0,9
STU0090,CRS04,2,150.94,100.0,0,9
STU0090,CRS04,3,94.06,90.48,0,9
STU0090,CRS04,4,119.17,86.09,0,9
STU0090,CRS04,5,71.71,87.87,0,9
STU0090,CRS04,6,80.1,90.77,0,9
STU0090,CRS04,7,125.99,98.72,0,9
STU0090,CRS04,8,193.69,92.82,0,9
STU0090,CRS04,9,32.69,70.95,1,9
STU0090,CRS05,1,65.66,70.99,0,11
STU0090,CRS05,2,237.04,66.96,0,11
STU0090,CRS05,3,189.56,84.31,0,11
STU0090,CRS05,4,114.0,62.45,0,11
STU0090,CRS05,5,88.78,63.94,0,11
STU0090,CRS05,6,52.67,55.7,0,11
STU0090,CRS05,7,220.71,57.08,0,11
STU0090,CRS05,8,190.25,61.03,0,11
STU0090,CRS05,9,217.92,62.02,0,11
STU0090,CRS05,10,50.47,32.47,0,11
STU0090,CRS05,11,110.37,53.16,1,11
STU0091,CRS01,1,208.8,84.41,0,8
STU0091,CRS01,2,167.04,90.14,0,8
STU0091,CRS01,3,57.78,69.47,0,8
STU0091,CRS01,4,128.88,79.59,0,8
STU0091,CRS01,5,228.23,76.42,0,8
STU0091,CRS01,6,32.23,53.24,0,8
STU0091,CRS01,7,102.43,68.86,0,8
STU0091,CRS01,8,55.3,72.91,1,8
STU0091,CRS02,1,79.23,85.3,0,11
STU0091,CRS02,2,117.36,95.34,0,11
STU0091,CRS02,3,121.03,94.35,0,11
STU0091,CRS02,4,89.2,92.57,0,11
STU0091,CRS02,5,214.2,100.0,0,11
STU0091,CRS02,6,121.17,99.75,0,11
STU0091,CRS02,7,56.25,93.91,0,11
STU0091,CRS02,8,79.21,84.94,0,11
STU0091,CRS02,9,213.72,98.64,0,11
STU0091,CRS02,10,226.98,100.0,0,11
STU0091,CRS02,11,200.38,100.0,1,11
STU0091,CRS03,1,91.48,100.0,0,9
STU0091,CRS03,2,103.86,89.09,0,9
STU0091,CRS03,3,80.81,74.33,0,9
STU0091,CRS03,4,67.96,86.59,0,9
STU0091,CRS03,5,49.03,91.67,0,9
STU0091,CRS03,6,118.21,100.0,0,9
STU0091,CRS04,1,216.86,79.0,0,10
STU0091,CRS04,2,175.6,73.88,0,10
STU0091,CRS04,3,84.02,67.07,0,10
STU0091,CRS04,4,201.36,53.9,0,10
STU0091,CRS04,5,41.47,59.75,0,10
STU0091,CRS04,6,119.04,56.01,0,10
STU0091,CRS04,7,243.62,75.39,0,10
STU0091,CRS04,8,262.36,73.86,0,10
STU0091,CRS04,9,38.06,61.93,0,10
STU0091,CRS04,10,131.6,72.46,1,10
STU0091,CRS05,1,67.87,37.58,0,10
STU0091,CRS05,2,65.88,37.67,0,10
STU0091,CRS05,3,114.77,39.67,0,10
STU0091,CRS05,4,49.48,38.93,0,10
STU0091,CRS05,5,44.93,53.13,0,10
STU0091,CRS05,6,43.66,41.53,0,10
STU0091,CRS05,7,67.81,29.74,0,10
STU0091,CRS05,8,32.01,35.24,0,10
STU0091,CRS05,9,127.99,54.93,0,10
STU0092,CRS01,1,75.81,64.3,0,8
STU0092,CRS01,2,51.21,73.87,0,8
STU0092,CRS01,3,177.35,71.11,0,8
STU0092,CRS01,4,38.21,60.31,0,8
STU0092,CRS01,5,82.31,54.29,0,8
STU0092,CRS01,6,134.3,79.91,0,8
STU0092,CRS01,7,205.32,61.62,0,8
STU0092,CRS01,8,226.3,83.97,1,8
STU0092,CRS02,1,36.56,90.2,0,8
STU0092,CRS02,2,24.19,93.98,0,8
STU0092,CRS03,1,77.45,88.36,0,8
STU0092,CRS03,2,141.53,100.0,0,8
STU0092,CRS03,3,106.95,84.64,0,8
STU0092,CRS03,4,88.26,67.66,0,8
STU0092,CRS04,1,69.21,45.16,0,12
STU0092,CRS04,2,21.04,28.72,0,12
STU0092,CRS04,3,33.3,22.27,0,12
STU0092,CRS04,4,65.22,30.57,0,12
STU0092,CRS04,5,69.03,38.5,0,12
STU0092,CRS04,6,28.66,42.63,0,12
STU0092,CRS04,7,70.61,32.35,0,12
STU0092,CRS04,8,48.01,24.97,0,12
STU0092,CRS05,1,159.27,100.0,0,12
STU0092,CRS05,2,29.52,80.85,0,12
STU0092,CRS05,3,134.28,89.35,0,12
STU0092,CRS05,4,173.12,100.0,0,12
STU0092,CRS05,5,111.95,90.17,0,12
STU0092,CRS05,6,190.94,90.13,0,12
STU0092,CRS05,7,59.56,73.51,0,12
STU0093,CRS01,1,170.39,99.42,0,9
STU0093,CRS01,2,117.55,95.53,0,9
STU0093,CRS01,3,61.07,84.51,0,9
STU0093,CRS01,4,89.04,76.21,0,9
STU0093,CRS01,5,80.13,79.51,0,9
STU0093,CRS01,6,176.41,92.59,0,9
STU0093,CRS01,7,83.96,87.91,0,9
STU0093,CRS01,8,159.84,89.15,0,9
STU0093,CRS01,9,122.66,77.63,1,9
STU0093,CRS02,1,152.29,95.83,0,12
STU0093,CRS02,2,158.58,94.29,0,12
STU0093,CRS02,3,186.49,98.4,0,12
STU0093,CRS02,4,134.91,78.79,0,12
STU0093,CRS02,5,63.93,75.99,0,12
STU0093,CRS02,6,92.87,68.4,0,12
STU0093,CRS02,7,255.39,88.17,0,12
STU0093,CRS02,8,135.64,93.63,0,12
STU0093,CRS02,9,138.14,98.6,0,12
STU0093,CRS03,1,40.15,51.09,0,12
STU0093,CRS03,2,40.39,53.94,0,12
STU0093,CRS03,3,174.1,77.22,0,12
STU0093,CRS03,4,198.54,55.4,0,12
STU0093,CRS03,5,123.64,41.44,0,12
STU0093,CRS03,6,235.28,65.93,0,12
STU0093,CRS03,7,229.46,64.33,0,12
STU0093,CRS03,8,52.08,49.24,0,12
STU0093,CRS03,9,99.58,49.62,0,12
STU0093,CRS03,10,195.53,54.99,0,12
STU0093,CRS03,11,49.28,40.2,0,12
STU0093,CRS03,12,226.38,47.36,1,12
STU0093,CRS04,1,22.67,66.37,0,11
STU0093,CRS04,2,86.46,62.57,0,11
STU0093,CRS04,3,36.76,78.44,0,11
STU0093,CRS04,4,24.14,63.13,0,11
STU0093,CRS05,1,87.25,90.68,0,11
STU0093,CRS05,2,33.33,77.02,0,11
STU0093,CRS05,3,52.17,92.32,0,11
STU0093,CRS05,4,135.9,93.31,0,11
STU0093,CRS05,5,153.05,76.72,0,11
STU0093,CRS05,6,208.86,93.17,0,11
STU0093,CRS05,7,205.55,76.55,0,11
STU0094,CRS01,1,51.3,69.37,0,11
STU0094,CRS02,1,90.92,42.08,0,12
STU0094,CRS02,2,135.06,48.4,0,12
STU0094,CRS02,3,141.12,44.9,0,12
STU0094,CRS02,4,191.33,52.73,0,12
STU0094,CRS02,5,34.21,47.04,0,12
STU0094,CRS02,6,150.02,49.44,0,12
STU0094,CRS03,1,91.41,49.93,0,9
STU0094,CRS03,2,42.64,40.17,0,9
STU0094,CRS03,3,93.26,50.34,0,9
STU0094,CRS04,1,173.99,44.71,0,9
STU0094,CRS04,2,93.58,69.35,0,9
STU0094,CRS04,3,113.76,51.11,0,9
STU0094,CRS04,4,87.4,45.86,0,9
STU0094,CRS04,5,207.24,55.64,0,9
STU0094,CRS04,6,77.52,38.01,0,9
STU0094,CRS04,7,36.63,60.6,0,9
STU0094,CRS04,8,214.22,51.39,0,9
STU0094,CRS04,9,165.34,48.44,1,9
STU0094,CRS05,1,104.79,56.5,0,10
STU0094,CRS05,2,50.54,68.07,0,10
STU0094,CRS05,3,32.25,52.59,0,10
STU0094,CRS05,4,159.7,90.81,0,10
STU0094,CRS05,5,41.26,46.64,0,10
STU0094,CRS05,6,227.24,72.12,0,10
STU0094,CRS05,7,174.1,92.87,0,10
STU0095,CRS01,1,56.9,61.7,0,9
STU0095,CRS01,2,31.85,64.05,0,9
STU0095,CRS01,3,158.3,69.63,0,9
STU0095,CRS01,4,166.62,88.86,0,9
STU0095,CRS01,5,89.08,60.32,0,9
STU0095,CRS01,6,198.04,77.59,0,9
STU0095,CRS02,1,33.54,35.12,0,9
STU0095,CRS02,2,70.97,36.3,0,9
STU0095,CRS02,3,19.35,19.47,0,9
STU0095,CRS02,4,32.85,36.88,0,9
STU0095,CRS02,5,78.06,33.15,0,9
STU0095,CRS02,6,41.29,59.33,0,9
STU0095,CRS02,7,40.2,25.22,0,9
STU0095,CRS02,8,35.7,57.81,0,9
STU0095,CRS03,1,115.69,40.44,0,10
STU0095,CRS03,2,19.72,42.23,0,10
STU0095,CRS03,3,89.15,56.17,0,10
STU0095,CRS03,4,114.7,43.57,0,10
STU0095,CRS03,5,140.58,33.51,0,10
STU0095,CRS03,6,113.94,37.55,0,10
STU0095,CRS03,7,26.64,52.79,0,10
STU0095,CRS03,8,46.6,38.91,0,10
STU0095,CRS03,9,134.23,24.58,0,10
STU0095,CRS03,10,74.81,42.88,1,10
STU0095,CRS04,1,36.18,72.14,0,9
STU0095,CRS04,2,12.39,55.08,0,9
STU0095,CRS04,3,46.98,60.13,0,9
STU0095,CRS05,1,88.24,100.0,0,10
STU0095,CRS05,2,94.32,89.19,0,10
STU0095,CRS05,3,23.15,92.01,0,10
STU0095,CRS05,4,80.45,88.67,0,10
STU0095,CRS05,5,102.31,92.9,0,10
STU0095,CRS05,6,51.81,88.21,0,10
STU0095,CRS05,7,87.47,87.71,0,10
STU0096,CRS01,1,34.04,84.69,0,8
STU0096,CRS01,2,45.25,70.8,0,8
STU0096,CRS01,3,46.24,65.97,0,8
STU0096,CRS01,4,30.61,66.72,0,8
STU0096,CRS01,5,24.65,79.13,0,8
STU0096,CRS01,6,16.13,68.7,0,8
STU0096,CRS01,7,56.02,66.96,0,8
STU0096,CRS01,8,14.35,57.85,1,8
STU0096,CRS02,1,21.69,40.28,0,8
STU0096,CRS02,2,128.51,40.83,0,8
STU0096,CRS03,1,126.41,48.93,0,11
STU0096,CRS03,2,216.25,82.79,0,11
STU0096,CRS03,3,179.3,60.75,0,11
STU0096,CRS03,4,33.25,63.36,0,11
STU0096,CRS03,5,215.76,50.74,0,11
STU0096,CRS03,6,220.61,56.06,0,11
STU0096,CRS03,7,184.01,76.14,0,11
STU0096,CRS03,8,172.05,59.52,0,11
STU0096,CRS03,9,74.36,27.53,0,11
STU0096,CRS03,10,92.88,60.79,0,11
STU0096,CRS03,11,46.7,55.66,1,11
STU0096,CRS04,1,148.29,68.58,0,12
STU0096,CRS04,2,160.4,88.7,0,12
STU0096,CRS04,3,65.94,48.64,0,12
STU0096,CRS04,4,170.91,59.63,0,12
STU0096,CRS04,5,70.57,77.27,0,12
STU0096,CRS05,1,125.2,86.57,0,12
STU0096,CRS05,2,113.68,100.0,0,12
STU0096,CRS05,3,240.34,100.0,0,12
STU0096,CRS05,4,29.81,77.89,0,12
STU0096,CRS05,5,159.84,98.2,0,12
STU0096,CRS05,6,179.91,100.0,0,12
STU0096,CRS05,7,125.05,82.45,0,12
STU0096,CRS05,8,77.27,86.01,0,12
STU0096,CRS05,9,258.23,99.89,0,12
STU0096,CRS05,10,47.01,74.13,0,12
STU0097,CRS01,1,80.66,95.74,0,10
STU0097,CRS01,2,37.95,72.96,0,10
STU0097,CRS01,3,76.87,92.74,0,10
STU0097,CRS01,4,51.32,80.88,0,10
STU0097,CRS01,5,15.55,95.05,0,10
STU0097,CRS01,6,25.1,79.3,0,10
STU0097,CRS01,7,88.86,100.0,0,10
STU0097,CRS02,1,41.25,59.69,0,8
STU0097,CRS02,2,20.34,60.48,0,8
STU0097,CRS02,3,32.27,56.71,0,8
STU0097,CRS02,4,21.47,34.86,0,8
STU0097,CRS02,5,156.55,68.48,0,8
STU0097,CRS02,6,39.05,70.98,0,8
STU0097,CRS02,7,41.27,64.09,0,8
STU0097,CRS02,8,21.41,30.36,1,8
STU0097,CRS03,1,71.39,54.78,0,8
STU0097,CRS03,2,119.64,74.21,0,8
STU0097,CRS03,3,42.85,65.77,0,8
STU0097,CRS03,4,92.44,58.03,0,8
STU0097,CRS03,5,55.47,73.64,0,8
STU0097,CRS03,6,154.27,84.04,0,8
STU0097,CRS03,7,150.89,76.67,0,8
STU0097,CRS03,8,132.81,53.09,1,8
STU0097,CRS04,1,41.57,69.83,0,9
STU0097,CRS04,2,111.37,78.48,0,9
STU0097,CRS04,3,254.77,76.35,0,9
STU0097,CRS04,4,149.78,72.43,0,9
STU0097,CRS04,5,178.14,86.15,0,9
STU0097,CRS04,6,41.06,57.71,0,9
STU0097,CRS04,7,146.46,77.48,0,9
STU0097,CRS04,8,233.38,98.32,0,9
STU0097,CRS04,9,125.43,77.91,1,9
STU0097,CRS05,1,267.26,100.0,0,10
STU0097,CRS05,2,102.86,86.93,0,10
STU0097,CRS05,3,168.45,93.64,0,10
STU0097,CRS05,4,210.76,91.52,0,10
STU0097,CRS05,5,208.46,100.0,0,10
STU0097,CRS05,6,88.85,76.73,0,10
STU0097,CRS05,7,255.85,93.59,0,10
STU0097,CRS05,8,93.97,91.0,0,10
STU0097,CRS05,9,143.74,93.09,0,10
STU0097,CRS05,10,99.05,95.42,1,10
STU0098,CRS01,1,146.09,57.81,0,11
STU0098,CRS01,2,88.79,51.9,0,11
STU0098,CRS01,3,19.17,43.06,0,11
STU0098,CRS01,4,107.45,47.77,0,11
STU0098,CRS01,5,151.54,50.18,0,11
STU0098,CRS01,6,140.87,49.45,0,11
STU0098,CRS01,7,80.74,30.03,0,11
STU0098,CRS01,8,163.5,69.0,0,11
STU0098,CRS02,1,86.29,63.41,0,12
STU0098,CRS02,2,210.35,80.53,0,12
STU0098,CRS02,3,102.68,66.16,0,12
STU0098,CRS02,4,120.39,66.44,0,12
STU0098,CRS02,5,225.36,82.16,0,12
STU0098,CRS02,6,238.18,96.85,0,12
STU0098,CRS02,7,100.43,90.97,0,12
STU0098,CRS02,8,223.64,81.93,0,12
STU0098,CRS03,1,82.26,43.66,0,12
STU0098,CRS03,2,148.91,88.59,0,12
STU0098,CRS03,3,206.3,76.89,0,12
STU0098,CRS03,4,188.18,79.93,0,12
STU0098,CRS03,5,108.02,52.01,0,12
STU0098,CRS03,6,182.5,71.52,0,12
STU0098,CRS03,7,238.14,65.04,0,12
STU0098,CRS03,8,51.94,58.67,0,12
STU0098,CRS03,9,35.9,44.47,0,12
STU0098,CRS03,10,116.81,63.38,0,12
STU0098,CRS03,11,78.9,60.1,0,12
STU0098,CRS03,12,78.14,63.16,1,12
STU0098,CRS04,1,86.94,67.14,0,9
STU0098,CRS04,2,85.74,69.43,0,9
STU0098,CRS04,3,86.7,68.28,0,9
STU0098,CRS04,4,76.15,57.58,0,9
STU0098,CRS04,5,110.29,53.74,0,9
STU0098,CRS04,6,140.23,62.58,0,9
STU0098,CRS05,1,155.56,83.99,0,8
STU0098,CRS05,2,53.59,80.15,0,8
STU0098,CRS05,3,207.48,79.77,0,8
STU0098,CRS05,4,70.44,65.7,0,8
STU0098,CRS05,5,229.26,80.77,0,8
STU0098,CRS05,6,194.58,82.46,0,8
STU0099,CRS01,1,140.57,86.42,0,9
STU0099,CRS01,2,91.05,75.11,0,9
STU0099,CRS01,3,153.97,100.0,0,9
STU0099,CRS01,4,83.17,67.05,0,9
STU0099,CRS01,5,147.65,81.44,0,9
STU0099,CRS01,6,95.62,73.01,0,9
STU0099,CRS01,7,77.99,67.79,0,9
STU0099,CRS01,8,164.65,84.44,0,9
STU0099,CRS01,9,76.23,72.51,1,9
STU0099,CRS02,1,198.09,88.03,0,12
STU0099,CRS02,2,138.69,69.81,0,12
STU0099,CRS02,3,97.77,81.45,0,12
STU0099,CRS02,4,54.21,81.52,0,12
STU0099,CRS02,5,58.33,68.24,0,12
STU0099,CRS02,6,205.39,83.03,0,12
STU0099,CRS02,7,102.69,79.68,0,12
STU0099,CRS02,8,70.84,82.98,0,12
STU0099,CRS02,9,74.76,72.61,0,12
STU0099,CRS02,10,52.36,72.22,0,12
STU0099,CRS02,11,57.76,54.4,0,12
STU0099,CRS02,12,51.71,60.75,1,12
STU0099,CRS03,1,81.44,54.71,0,10
STU0099,CRS03,2,37.56,39.26,0,10
STU0099,CRS03,3,24.71,48.98,0,10
STU0099,CRS03,4,20.45,61.62,0,10
STU0099,CRS04,1,193.74,79.97,0,9
STU0099,CRS04,2,32.21,78.55,0,9
STU0099,CRS04,3,180.54,85.85,0,9
STU0099,CRS04,4,73.58,73.44,0,9
STU0099,CRS04,5,149.82,85.06,0,9
STU0099,CRS04,6,155.16,84.51,0,9
STU0099,CRS04,7,244.86,88.66,0,9
STU0099,CRS04,8,114.15,74.25,0,9
STU0099,CRS04,9,151.58,79.06,1,9
STU0099,CRS05,1,27.69,74.35,0,8
STU0099,CRS05,2,74.36,80.61,0,8
STU0099,CRS05,3,32.95,90.49,0,8
STU0099,CRS05,4,27.48,66.13,0,8
STU0099,CRS05,5,90.37,100.0,0,8
STU0099,CRS05,6,78.42,80.33,0,8
STU0099,CRS05,7,89.71,86.16,0,8
STU0099,CRS05,8,33.0,70.14,1,8
STU0100,CRS01,1,27.99,65.17,0,12
STU0100,CRS01,2,79.31,100.0,0,12
STU0100,CRS01,3,59.42,80.87,0,12
STU0100,CRS01,4,70.26,88.3,0,12
STU0100,CRS01,5,96.64,100.0,0,12
STU0100,CRS01,6,56.83,74.67,0,12
STU0100,CRS01,7,68.12,82.18,0,12
STU0100,CRS01,8,102.84,94.83,0,12
STU0100,CRS01,9,27.41,72.36,0,12
STU0100,CRS01,10,104.12,82.55,0,12
STU0100,CRS01,11,76.27,89.92,0,12
STU0100,CRS01,12,37.14,82.87,1,12
STU0100,CRS02,1,60.43,73.34,0,8
STU0100,CRS02,2,167.08,73.44,0,8
STU0100,CRS02,3,110.41,71.18,0,8
STU0100,CRS02,4,166.9,82.56,0,8
STU0100,CRS02,5,108.56,67.1,0,8
STU0100,CRS02,6,132.38,75.07,0,8
STU0100,CRS02,7,60.68,73.29,0,8
STU0100,CRS02,8,186.22,81.65,1,8
STU0100,CRS03,1,63.93,79.18,0,11
STU0100,CRS03,2,54.33,63.82,0,11
STU0100,CRS03,3,34.35,71.06,0,11
STU0100,CRS03,4,78.67,49.46,0,11
STU0100,CRS03,5,115.8,65.87,0,11
STU0100,CRS03,6,57.05,76.34,0,11
STU0100,CRS03,7,33.5,59.41,0,11
STU0100,CRS03,8,88.57,69.6,0,11
STU0100,CRS03,9,22.81,59.65,0,11
STU0100,CRS03,10,64.76,74.82,0,11
STU0100,CRS03,11,38.78,67.77,1,11
STU0100,CRS04,1,229.29,81.07,0,11
STU0100,CRS04,2,187.97,78.01,0,11
STU0100,CRS04,3,49.1,46.13,0,11
STU0100,CRS04,4,135.92,88.75,0,11
STU0100,CRS04,5,124.33,70.13,0,11
STU0100,CRS04,6,106.43,80.32,0,11
STU0100,CRS04,7,230.04,84.8,0,11
STU0100,CRS04,8,167.66,72.63,0,11
STU0100,CRS04,9,108.61,52.09,0,11
STU0100,CRS04,10,217.68,83.82,0,11
STU0100,CRS04,11,239.45,83.03,1,11
STU0100,CRS05,1,104.52,56.1,0,12
STU0100,CRS05,2,106.65,69.99,0,12
STU0100,CRS05,3,148.2,62.02,0,12
STU0100,CRS05,4,114.77,79.63,0,12
STU0100,CRS05,5,158.15,95.37,0,12
STU0100,CRS05,6,140.09,69.76,0,12
STU0100,CRS05,7,29.85,58.36,0,12
STU0100,CRS05,8,82.48,75.83,0,12
STU0100,CRS05,9,216.45,64.88,0,12
STU0101,CRS01,1,65.14,76.79,0,12
STU0101,CRS01,2,128.95,91.35,0,12
STU0101,CRS01,3,101.44,93.74,0,12
STU0101,CRS02,1,37.89,71.56,0,9
STU0101,CRS02,2,91.45,63.34,0,9
STU0101,CRS02,3,114.76,84.64,0,9
STU0101,CRS02,4,49.95,76.46,0,9
STU0101,CRS02,5,72.38,65.07,0,9
STU0101,CRS03,1,236.55,66.54,0,11
STU0101,CRS03,2,157.0,58.09,0,11
STU0101,CRS03,3,56.56,54.56,0,11
STU0101,CRS03,4,180.19,69.29,0,11
STU0101,CRS03,5,231.73,61.88,0,11
STU0101,CRS03,6,237.49,60.36,0,11
STU0101,CRS03,7,286.15,58.32,0,11
STU0101,CRS03,8,140.16,67.32,0,11
STU0101,CRS03,9,117.77,48.13,0,11
STU0101,CRS03,10,250.96,56.9,0,11
STU0101,CRS03,11,186.34,50.1,1,11
STU0101,CRS04,1,94.78,98.51,0,8
STU0101,CRS04,2,72.46,78.35,0,8
STU0101,CRS04,3,108.42,79.78,0,8
STU0101,CRS04,4,107.6,100.0,0,8
STU0101,CRS04,5,142.3,74.06,0,8
STU0101,CRS04,6,43.96,80.35,0,8
STU0101,CRS04,7,37.2,84.03,0,8
STU0101,CRS04,8,95.14,77.96,1,8
STU0101,CRS05,1,183.73,66.78,0,10
STU0101,CRS05,2,182.52,61.2,0,10
STU0101,CRS05,3,98.24,54.92,0,10
STU0101,CRS05,4,151.17,74.13,0,10
STU0101,CRS05,5,110.76,62.39,0,10
STU0101,CRS05,6,65.28,62.3,0,10
STU0101,CRS05,7,204.51,69.51,0,10
STU0101,CRS05,8,213.04,67.92,0,10
STU0101,CRS05,9,136.85,62.12,0,10
STU0101,CRS05,10,80.49,42.55,1,10
STU0102,CRS01,1,25.86,34.42,0,12
STU0102,CRS01,2,35.27,29.73,0,12
STU0102,CRS01,3,94.08,25.28,0,12
STU0102,CRS01,4,74.05,35.13,0,12
STU0102,CRS01,5,92.98,40.67,0,12
STU0102,CRS01,6,35.55,50.03,0,12
STU0102,CRS01,7,30.51,46.9,0,12
STU0102,CRS01,8,118.09,21.51,0,12
STU0102,CRS02,1,72.56,60.62,0,11
STU0102,CRS02,2,69.35,45.8,0,11
STU0102,CRS02,3,257.04,89.67,0,11
STU0102,CRS02,4,30.18,46.75,0,11
STU0102,CRS02,5,202.21,68.69,0,11
STU0102,CRS02,6,177.58,77.75,0,11
STU0102,CRS02,7,41.76,61.93,0,11
STU0102,CRS03,1,79.65,34.69,0,9
STU0102,CRS03,2,113.26,56.67,0,9
STU0102,CRS03,3,123.36,56.96,0,9
STU0102,CRS03,4,94.37,37.02,0,9
STU0102,CRS03,5,26.69,58.02,0,9
STU0102,CRS03,6,142.19,75.01,0,9
STU0102,CRS03,7,138.46,45.59,0,9
STU0102,CRS03,8,104.61,34.46,0,9
STU0102,CRS03,9,48.99,52.63,1,9
STU0102,CRS04,1,247.9,50.52,0,8
STU0102,CRS04,2,259.64,64.45,0,8
STU0102,CRS04,3,170.15,75.38,0,8
STU0102,CRS04,4,244.66,67.19,0,8
STU0102,CRS04,5,79.79,56.17,0,8
STU0102,CRS05,1,101.06,75.1,0,8
STU0102,CRS05,2,128.21,59.21,0,8
STU0102,CRS05,3,35.65,69.87,0,8
STU0102,CRS05,4,35.3,59.57,0,8
STU0102,CRS05,5,59.33,73.34,0,8
STU0102,CRS05,6,44.13,73.67,0,8
STU0102,CRS05,7,24.23,45.58,0,8
STU0102,CRS05,8,70.99,56.92,1,8
STU0103,CRS01,1,209.14,96.07,0,9
STU0103,CRS01,2,103.44,84.64,0,9
STU0103,CRS01,3,161.71,97.97,0,9
STU0103,CRS01,4,108.45,73.11,0,9
STU0103,CRS01,5,80.31,66.44,0,9
STU0103,CRS01,6,39.33,63.55,0,9
STU0103,CRS01,7,216.39,93.33,0,9
STU0103,CRS01,8,178.66,66.47,0,9
STU0103,CRS01,9,37.75,62.19,1,9
STU0103,CRS02,1,100.66,77.41,0,9
STU0103,CRS02,2,76.59,67.63,0,9
STU0103,CRS02,3,61.64,59.68,0,9
STU0103,CRS02,4,101.94,89.44,0,9
STU0103,CRS02,5,120.04,78.9,0,9
STU0103,CRS02,6,87.33,72.63,0,9
STU0103,CRS02,7,58.86,62.09,0,9
STU0103,CRS02,8,52.11,85.04,0,9
STU0103,CRS02,9,122.08,81.3,1,9
STU0103,CRS03,1,69.92,89.95,0,9
STU0103,CRS03,2,42.76,83.41,0,9
STU0103,CRS03,3,69.14,75.42,0,9
STU0103,CRS03,4,102.18,69.42,0,9
STU0103,CRS03,5,103.02,77.13,0,9
STU0103,CRS03,6,91.62,83.25,0,9
STU0103,CRS03,7,104.17,76.45,0,9
STU0103,CRS03,8,106.21,90.11,0,9
STU0103,CRS04,1,102.58,84.42,0,12
STU0103,CRS04,2,101.76,76.93,0,12
STU0103,CRS05,1,120.12,64.22,0,9
STU0103,CRS05,2,63.24,80.56,0,9
STU0103,CRS05,3,75.55,65.21,0,9
STU0103,CRS05,4,96.58,85.03,0,9
STU0103,CRS05,5,83.05,85.66,0,9
STU0104,CRS01,1,213.21,85.96,0,9
STU0104,CRS01,2,227.22,79.98,0,9
STU0104,CRS01,3,243.11,100.0,0,9
STU0104,CRS01,4,184.0,82.84,0,9
STU0104,CRS01,5,212.17,87.07,0,9
STU0104,CRS01,6,143.98,88.4,0,9
STU0104,CRS01,7,193.33,67.96,0,9
STU0104,CRS01,8,49.48,57.36,0,9
STU0104,CRS01,9,48.05,60.75,1,9
STU0104,CRS02,1,22.26,55.47,0,8
STU0104,CRS02,2,81.0,43.29,0,8
STU0104,CRS02,3,177.88,78.39,0,8
STU0104,CRS02,4,61.4,58.3,0,8
STU0104,CRS03,1,83.24,100.0,0,9
STU0104,CRS03,2,43.68,89.11,0,9
STU0104,CRS03,3,87.29,100.0,0,9
STU0104,CRS03,4,93.32,81.73,0,9
STU0104,CRS04,1,25.34,71.4,0,9
STU0104,CRS04,2,57.4,78.95,0,9
STU0104,CRS04,3,52.23,79.4,0,9
STU0104,CRS04,4,58.32,78.26,0,9
STU0104,CRS04,5,122.74,72.2,0,9
STU0104,CRS04,6,61.83,80.71,0,9
STU0104,CRS04,7,117.64,83.81,0,9
STU0104,CRS04,8,127.66,72.5,0,9
STU0104,CRS05,1,34.52,95.82,0,10
STU0104,CRS05,2,104.78,82.11,0,10
STU0104,CRS05,3,146.46,89.5,0,10
STU0104,CRS05,4,111.09,73.39,0,10
STU0104,CRS05,5,72.01,79.57,0,10
STU0105,CRS01,1,175.4,72.4,0,10
STU0105,CRS01,2,215.67,76.84,0,10
STU0105,CRS01,3,67.53,71.23,0,10
STU0105,CRS01,4,74.02,67.6,0,10
STU0105,CRS01,5,162.0,68.9,0,10
STU0105,CRS01,6,208.99,71.24,0,10
STU0105,CRS01,7,200.61,67.18,0,10
STU0105,CRS01,8,179.79,69.28,0,10
STU0105,CRS02,1,125.0,58.68,0,9
STU0105,CRS02,2,86.37,69.15,0,9
STU0105,CRS02,3,168.17,100.0,0,9
STU0105,CRS02,4,33.71,47.82,0,9
STU0105,CRS02,5,76.76,91.89,0,9
STU0105,CRS02,6,109.83,64.96,0,9
STU0105,CRS02,7,142.66,69.2,0,9
STU0105,CRS02,8,203.47,81.77,0,9
STU0105,CRS03,1,251.54,56.16,0,11
STU0105,CRS03,2,73.01,57.46,0,11
STU0105,CRS03,3,92.3,71.84,0,11
STU0105,CRS03,4,95.18,69.34,0,11
STU0105,CRS03,5,63.12,61.08,0,11
STU0105,CRS03,6,256.62,63.05,0,11
STU0105,CRS03,7,217.18,67.34,0,11
STU0105,CRS03,8,45.94,57.37,0,11
STU0105,CRS03,9,41.67,43.0,0,11
STU0105,CRS03,10,189.21,59.0,0,11
STU0105,CRS03,11,254.4,79.54,1,11
STU0105,CRS04,1,58.81,58.18,0,10
STU0105,CRS04,2,89.63,67.95,0,10
STU0105,CRS04,3,84.18,68.64,0,10
STU0105,CRS04,4,65.55,37.21,0,10
STU0105,CRS04,5,133.55,43.95,0,10
STU0105,CRS04,6,35.29,27.86,0,10
STU0105,CRS05,1,239.16,97.58,0,11
STU0105,CRS05,2,158.35,100.0,0,11
STU0105,CRS05,3,41.98,80.57,0,11
STU0105,CRS05,4,34.57,66.47,0,11
STU0105,CRS05,5,123.33,78.14,0,11
STU0105,CRS05,6,170.04,100.0,0,11
STU0105,CRS05,7,114.25,86.58,0,11
STU0105,CRS05,8,60.45,69.84,0,11
STU0105,CRS05,9,37.33,77.93,0,11
STU0105,CRS05,10,257.61,88.6,0,11
STU0105,CRS05,11,156.1,88.13,1,11
STU0106,CRS01,1,55.83,68.73,0,8
STU0106,CRS01,2,183.21,100.0,0,8
STU0106,CRS01,3,137.14,100.0,0,8
STU0106,CRS01,4,198.59,76.57,0,8
STU0106,CRS01,5,170.44,100.0,0,8
STU0106,CRS01,6,188.37,100.0,0,8
STU0106,CRS01,7,210.44,100.0,0,8
STU0106,CRS01,8,97.68,97.57,1,8
STU0106,CRS02,1,137.85,56.04,0,10
STU0106,CRS02,2,43.88,73.56,0,10
STU0106,CRS02,3,28.9,56.8,0,10
STU0106,CRS02,4,131.8,43.32,0,10
STU0106,CRS02,5,27.51,44.83,0,10
STU0106,CRS02,6,93.94,45.22,0,10
STU0106,CRS02,7,67.16,45.81,0,10
STU0106,CRS02,8,82.51,56.85,0,10
STU0106,CRS02,9,79.68,44.26,0,10
STU0106,CRS02,10,115.47,42.66,1,10
STU0106,CRS03,1,26.05,21.76,0,11
STU0106,CRS03,2,74.36,74.67,0,11
STU0106,CRS03,3,138.37,70.28,0,11
STU0106,CRS03,4,85.85,56.59,0,11
STU0106,CRS03,5,49.78,62.21,0,11
STU0106,CRS03,6,48.52,52.06,0,11
STU0106,CRS03,7,92.61,69.08,0,11
STU0106,CRS03,8,50.95,62.42,0,11
STU0106,CRS04,1,76.86,84.62,0,10
STU0106,CRS04,2,130.02,72.89,0,10
STU0106,CRS04,3,188.5,70.06,0,10
STU0106,CRS04,4,165.7,81.96,0,10
STU0106,CRS04,5,122.39,74.51,0,10
STU0106,CRS04,6,251.07,76.07,0,10
STU0106,CRS04,7,207.81,71.17,0,10
STU0106,CRS04,8,116.94,83.79,0,10
STU0106,CRS04,9,285.24,77.9,0,10
STU0106,CRS04,10,136.68,78.25,1,10
STU0106,CRS05,1,53.92,73.1,0,12
STU0106,CRS05,2,70.62,81.22,0,12
STU0106,CRS05,3,42.62,77.38,0,12
STU0106,CRS05,4,74.73,68.23,0,12
STU0106,CRS05,5,69.14,67.94,0,12
STU0107,CRS01,1,193.38,93.14,0,9
STU0107,CRS01,2,79.57,68.76,0,9
STU0107,CRS01,3,231.23,100.0,0,9
STU0107,CRS02,1,20.2,70.03,0,8
STU0107,CRS02,2,32.53,60.79,0,8
STU0107,CRS02,3,11.28,60.94,0,8
STU0107,CRS02,4,25.74,50.23,0,8
STU0107,CRS02,5,53.93,72.93,0,8
STU0107,CRS02,6,22.14,58.09,0,8
STU0107,CRS02,7,47.95,58.38,0,8
STU0107,CRS02,8,34.38,55.24,1,8
STU0107,CRS03,1,99.19,62.91,0,8
STU0107,CRS03,2,126.12,55.24,0,8
STU0107,CRS03,3,142.5,64.17,0,8
STU0107,CRS03,4,25.39,50.69,0,8
STU0107,CRS03,5,162.13,65.67,0,8
STU0107,CRS04,1,68.25,92.53,0,12
STU0107,CRS04,2,98.0,84.15,0,12
STU0107,CRS04,3,53.06,71.97,0,12
STU0107,CRS04,4,102.07,77.06,0,12
STU0107,CRS04,5,81.58,78.54,0,12
STU0107,CRS04,6,60.98,90.36,0,12
STU0107,CRS04,7,45.95,88.87,0,12
STU0107,CRS04,8,20.58,80.55,0,12
STU0107,CRS04,9,51.32,83.46,0,12
STU0107,CRS04,10,65.36,82.2,0,12
STU0107,CRS04,11,25.62,79.29,0,12
STU0107,CRS04,12,15.74,73.21,1,12
STU0107,CRS05,1,154.71,95.95,0,8
STU0107,CRS05,2,33.96,80.81,0,8
STU0107,CRS05,3,79.89,70.66,0,8
STU0107,CRS05,4,132.68,82.47,0,8
STU0107,CRS05,5,173.7,100.0,0,8
STU0107,CRS05,6,175.34,61.72,0,8
STU0108,CRS01,1,137.13,77.46,0,12
STU0108,CRS01,2,183.74,92.3,0,12
STU0108,CRS01,3,210.93,70.76,0,12
STU0108,CRS01,4,75.78,68.45,0,12
STU0108,CRS01,5,141.51,59.07,0,12
STU0108,CRS01,6,41.07,77.33,0,12
STU0108,CRS01,7,158.32,82.82,0,12
STU0108,CRS01,8,120.16,63.13,0,12
STU0108,CRS01,9,60.65,61.61,0,12
STU0108,CRS01,10,81.16,65.39,0,12
STU0108,CRS01,11,45.97,75.08,0,12
STU0108,CRS01,12,257.68,54.17,1,12
STU0108,CRS02,1,47.75,83.42,0,12
STU0108,CRS02,2,118.53,91.39,0,12
STU0108,CRS02,3,119.96,74.08,0,12
STU0108,CRS02,4,195.2,100.0,0,12
STU0108,CRS02,5,206.34,100.0,0,12
STU0108,CRS02,6,200.56,86.15,0,12
STU0108,CRS02,7,192.53,90.8,0,12
STU0108,CRS02,8,256.33,84.79,0,12
STU0108,CRS02,9,220.6,100.0,0,12
STU0108,CRS02,10,215.23,96.99,0,12
STU0108,CRS02,11,43.37,69.58,0,12
STU0108,CRS02,12,135.33,76.43,1,12
STU0108,CRS03,1,173.89,41.96,0,11
STU0108,CRS03,2,55.84,47.4,0,11
STU0108,CRS03,3,25.38,44.78,0,11
STU0108,CRS03,4,81.72,50.85,0,11
STU0108,CRS03,5,125.72,58.33,0,11
STU0108,CRS03,6,149.23,55.32,0,11
STU0108,CRS03,7,56.11,54.6,0,11
STU0108,CRS03,8,120.61,73.62,0,11
STU0108,CRS03,9,112.94,46.6,0,11
STU0108,CRS03,10,39.48,65.96,0,11
STU0108,CRS04,1,53.41,66.34,0,8
STU0108,CRS04,2,19.96,30.66,0,8
STU0108,CRS04,3,101.78,57.17,0,8
STU0108,CRS04,4,143.54,64.24,0,8
STU0108,CRS05,1,124.5,51.39,0,12
STU0108,CRS05,2,51.04,81.54,0,12
STU0108,CRS05,3,51.77,55.5,0,12
STU0108,CRS05,4,198.08,80.52,0,12
STU0108,CRS05,5,60.42,40.85,0,12
STU0108,CRS05,6,80.03,54.72,0,12
STU0108,CRS05,7,148.65,52.23,0,12
STU0108,CRS05,8,155.59,53.1,0,12
STU0108,CRS05,9,157.54,55.15,0,12
STU0108,CRS05,10,148.46,71.34,0,12
STU0109,CRS01,1,56.96,42.3,0,8
STU0109,CRS01,2,87.11,56.73,0,8
STU0109,CRS01,3,90.34,30.22,0,8
STU0109,CRS01,4,101.81,49.81,0,8
STU0109,CRS01,5,78.87,43.85,0,8
STU0109,CRS02,1,49.71,64.87,0,11
STU0109,CRS02,2,37.08,67.24,0,11
STU0109,CRS02,3,66.95,72.12,0,11
STU0109,CRS02,4,56.88,79.14,0,11
STU0109,CRS02,5,254.63,54.56,0,11
STU0109,CRS02,6,136.85,76.25,0,11
STU0109,CRS02,7,153.93,62.69,0,11
STU0109,CRS02,8,90.39,66.14,0,11
STU0109,CRS02,9,68.0,71.24,0,11
STU0109,CRS02,10,69.36,70.95,0,11
STU0109,CRS02,11,88.62,74.54,1,11
STU0109,CRS03,1,67.35,70.48,0,10
STU0109,CRS03,2,165.53,79.65,0,10
STU0109,CRS03,3,49.79,75.22,0,10
STU0109,CRS03,4,126.07,80.73,0,10
STU0109,CRS03,5,24.64,61.27,0,10
STU0109,CRS03,6,106.77,74.29,0,10
STU0109,CRS03,7,180.99,74.66,0,10
STU0109,CRS03,8,28.76,53.09,0,10
STU0109,CRS03,9,177.18,86.0,0,10
STU0109,CRS04,1,129.86,30.78,0,10
STU0109,CRS04,2,69.92,49.13,0,10
STU0109,CRS04,3,128.94,53.38,0,10
STU0109,CRS04,4,17.84,34.92,0,10
STU0109,CRS04,5,105.72,32.32,0,10
STU0109,CRS05,1,156.93,69.72,0,8
STU0109,CRS05,2,168.85,100.0,0,8
STU0109,CRS05,3,181.89,76.71,0,8
STU0109,CRS05,4,208.49,100.0,0,8
STU0110,CRS01,1,82.54,85.8,0,8
STU0110,CRS01,2,23.84,85.71,0,8
STU0110,CRS01,3,53.2,99.2,0,8
STU0110,CRS01,4,58.95,62.75,0,8
STU0110,CRS01,5,12.14,88.02,0,8
STU0110,CRS02,1,160.48,95.27,0,10
STU0110,CRS02,2,222.57,100.0,0,10
STU0110,CRS02,3,252.76,100.0,0,10
STU0110,CRS02,4,88.69,90.88,0,10
STU0110,CRS02,5,73.46,81.18,0,10
STU0110,CRS02,6,137.05,94.11,0,10
STU0110,CRS02,7,273.78,100.0,0,10
STU0110,CRS02,8,106.76,85.14,0,10
STU0110,CRS02,9,57.85,94.79,0,10
STU0110,CRS02,10,273.8,100.0,1,10
STU0110,CRS03,1,103.96,93.29,0,12
STU0110,CRS03,2,64.56,73.34,0,12
STU0110,CRS03,3,33.36,79.04,0,12
STU0110,CRS03,4,33.26,95.8,0,12
STU0110,CRS03,5,110.23,88.09,0,12
STU0110,CRS03,6,89.52,80.13,0,12
STU0110,CRS03,7,21.73,98.39,0,12
STU0110,CRS03,8,102.25,94.28,0,12
STU0110,CRS04,1,38.74,29.61,0,10
STU0110,CRS04,2,92.61,31.9,0,10
STU0110,CRS04,3,64.29,36.62,0,10
STU0110,CRS04,4,119.27,48.62,0,10
STU0110,CRS04,5,95.89,52.08,0,10
STU0110,CRS04,6,83.7,56.41,0,10
STU0110,CRS05,1,191.96,100.0,0,11
STU0110,CRS05,2,53.25,90.84,0,11
STU0110,CRS05,3,220.42,100.0,0,11
STU0110,CRS05,4,108.06,80.23,0,11
STU0110,CRS05,5,53.95,79.59,0,11
STU0110,CRS05,6,49.85,79.9,0,11
STU0110,CRS05,7,149.07,86.58,0,11
STU0110,CRS05,8,107.12,72.79,0,11
STU0110,CRS05,9,58.66,82.29,0,11
STU0110,CRS05,10,247.0,87.77,0,11
STU0110,CRS05,11,57.32,82.67,1,11
STU0111,CRS01,1,46.35,40.61,0,8
STU0111,CRS02,1,63.35,100.0,0,8
STU0111,CRS02,2,16.59,82.52,0,8
STU0111,CRS02,3,92.05,86.37,0,8
STU0111,CRS02,4,86.63,95.3,0,8
STU0111,CRS02,5,92.98,93.11,0,8
STU0111,CRS02,6,87.76,71.83,0,8
STU0111,CRS03,1,63.88,81.74,0,12
STU0111,CRS03,2,227.72,89.24,0,12
STU0111,CRS03,3,103.26,85.0,0,12
STU0111,CRS03,4,234.35,85.46,0,12
STU0111,CRS03,5,161.81,71.6,0,12
STU0111,CRS03,6,39.48,65.33,0,12
STU0111,CRS03,7,233.96,76.51,0,12
STU0111,CRS03,8,40.01,66.29,0,12
STU0111,CRS03,9,148.34,70.93,0,12
STU0111,CRS03,10,247.29,66.75,0,12
STU0111,CRS03,11,204.3,85.05,0,12
STU0111,CRS03,12,205.14,79.7,1,12
STU0111,CRS04,1,12.07,59.82,0,12
STU0111,CRS04,2,55.72,57.07,0,12
STU0111,CRS04,3,54.03,43.18,0,12
STU0111,CRS04,4,71.3,38.56,0,12
STU0111,CRS04,5,89.26,50.18,0,12
STU0111,CRS04,6,36.46,51.96,0,12
STU0111,CRS04,7,110.0,72.71,0,12
STU0111,CRS04,8,112.53,57.69,0,12
STU0111,CRS04,9,77.9,53.89,0,12
STU0111,CRS05,1,70.56,71.7,0,11
STU0111,CRS05,2,245.53,75.58,0,11
STU0111,CRS05,3,84.12,55.88,0,11
STU0111,CRS05,4,164.96,65.36,0,11
STU0111,CRS05,5,239.57,76.14,0,11
STU0111,CRS05,6,249.74,88.75,0,11
STU0111,CRS05,7,94.51,64.78,0,11
STU0111,CRS05,8,49.21,62.83,0,11
STU0111,CRS05,9,41.56,56.63,0,11
STU0111,CRS05,10,254.66,81.71,0,11
STU0111,CRS05,11,89.4,66.71,1,11
STU0112,CRS01,1,210.75,72.38,0,9
STU0112,CRS01,2,136.07,68.65,0,9
STU0112,CRS01,3,104.17,60.02,0,9
STU0112,CRS01,4,165.13,68.25,0,9
STU0112,CRS01,5,65.81,56.55,0,9
STU0112,CRS01,6,135.65,65.46,0,9
STU0112,CRS01,7,247.44,77.69,0,9
STU0112,CRS01,8,78.87,37.47,0,9
STU0112,CRS01,9,117.0,61.85,1,9
STU0112,CRS02,1,28.05,78.96,0,8
STU0112,CRS02,2,114.43,70.68,0,8
STU0112,CRS02,3,157.85,63.02,0,8
STU0112,CRS02,4,50.22,51.37,0,8
STU0112,CRS02,5,90.16,70.38,0,8
STU0112,CRS02,6,117.69,46.96,0,8
STU0112,CRS02,7,75.23,67.19,0,8
STU0112,CRS02,8,67.83,57.2,1,8
STU0112,CRS03,1,93.14,75.04,0,8
STU0112,CRS03,2,77.24,74.26,0,8
STU0112,CRS03,3,79.16,56.18,0,8
STU0112,CRS03,4,87.68,76.48,0,8
STU0112,CRS03,5,176.77,65.71,0,8
STU0112,CRS03,6,48.07,75.17,0,8
STU0112,CRS04,1,61.8,42.87,0,9
STU0112,CRS04,2,94.08,40.08,0,9
STU0112,CRS04,3,117.67,51.11,0,9
STU0112,CRS05,1,199.84,96.69,0,9
STU0112,CRS05,2,159.67,100.0,0,9
STU0112,CRS05,3,64.9,91.68,0,9
STU0112,CRS05,4,90.87,89.89,0,9
STU0112,CRS05,5,66.52,76.03,0,9
STU0112,CRS05,6,155.79,98.67,0,9
STU0112,CRS05,7,217.24,100.0,0,9
STU0112,CRS05,8,109.53,100.0,0,9
STU0112,CRS05,9,62.3,72.88,1,9
STU0113,CRS01,1,52.15,29.66,0,8
STU0113,CRS01,2,120.27,47.29,0,8
STU0113,CRS01,3,111.53,30.12,0,8
STU0113,CRS01,4,74.41,41.8,0,8
STU0113,CRS01,5,108.84,56.1,0,8
STU0113,CRS01,6,108.22,41.59,0,8
STU0113,CRS01,7,68.36,37.74,0,8
STU0113,CRS01,8,102.04,46.74,1,8
STU0113,CRS02,1,99.79,66.6,0,11
STU0113,CRS02,2,57.84,66.2,0,11
STU0113,CRS02,3,166.29,60.85,0,11
STU0113,CRS02,4,45.87,65.58,0,11
STU0113,CRS02,5,48.21,74.58,0,11
STU0113,CRS02,6,112.81,67.49,0,11
STU0113,CRS02,7,42.95,47.39,0,11
STU0113,CRS03,1,25.41,82.64,0,11
STU0113,CRS03,2,17.85,65.05,0,11
STU0113,CRS03,3,115.09,96.73,0,11
STU0113,CRS03,4,19.22,86.38,0,11
STU0113,CRS03,5,31.83,82.93,0,11
STU0113,CRS03,6,110.9,88.55,0,11
STU0113,CRS03,7,47.57,88.73,0,11
STU0113,CRS04,1,31.65,66.33,0,11
STU0113,CRS04,2,148.36,67.08,0,11
STU0113,CRS04,3,142.75,47.11,0,11
STU0113,CRS04,4,105.21,47.51,0,11
STU0113,CRS04,5,64.17,38.62,0,11
STU0113,CRS04,6,55.53,31.88,0,11
STU0113,CRS04,7,96.19,52.81,0,11
STU0113,CRS04,8,274.79,82.04,0,11
STU0113,CRS04,9,66.1,46.85,0,11
STU0113,CRS04,10,38.47,29.6,0,11
STU0113,CRS04,11,275.81,50.88,1,11
STU0113,CRS05,1,65.43,93.26,0,9
STU0113,CRS05,2,187.52,98.86,0,9
STU0113,CRS05,3,112.97,98.96,0,9
STU0113,CRS05,4,79.74,82.22,0,9
STU0113,CRS05,5,169.16,90.57,0,9
STU0113,CRS05,6,77.83,80.19,0,9
STU0113,CRS05,7,103.87,84.83,0,9
STU0113,CRS05,8,127.95,100.0,0,9
STU0113,CRS05,9,72.04,83.9,1,9
STU0114,CRS01,1,225.63,65.16,0,11
STU0114,CRS01,2,144.54,76.98,0,11
STU0114,CRS01,3,248.28,58.4,0,11
STU0114,CRS01,4,213.97,93.45,0,11
STU0114,CRS01,5,53.42,56.39,0,11
STU0114,CRS01,6,193.02,78.44,0,11
STU0114,CRS01,7,87.28,54.42,0,11
STU0114,CRS01,8,140.39,72.42,0,11
STU0114,CRS01,9,292.65,52.09,0,11
STU0114,CRS01,10,217.24,73.98,0,11
STU0114,CRS01,11,105.11,62.38,1,11
STU0114,CRS02,1,72.94,25.77,0,11
STU0114,CRS02,2,61.02,74.75,0,11
STU0114,CRS02,3,165.9,71.48,0,11
STU0114,CRS02,4,61.77,37.91,0,11
STU0114,CRS02,5,78.76,35.08,0,11
STU0114,CRS02,6,109.29,52.24,0,11
STU0114,CRS02,7,161.05,77.71,0,11
STU0114,CRS02,8,206.95,76.65,0,11
STU0114,CRS02,9,157.43,83.7,0,11
STU0114,CRS02,10,75.11,74.75,0,11
STU0114,CRS02,11,90.47,50.41,1,11
STU0114,CRS03,1,150.49,40.74,0,8
STU0114,CRS03,2,177.95,56.55,0,8
STU0114,CRS03,3,149.26,58.12,0,8
STU0114,CRS03,4,132.33,47.19,0,8
STU0114,CRS03,5,157.51,37.57,0,8
STU0114,CRS03,6,107.62,57.73,0,8
STU0114,CRS03,7,109.08,54.03,0,8
STU0114,CRS03,8,150.86,36.16,1,8
STU0114,CRS04,1,220.97,93.96,0,8
STU0114,CRS04,2,130.67,69.37,0,8
STU0114,CRS04,3,138.08,85.08,0,8
STU0114,CRS04,4,54.74,78.99,0,8
STU0114,CRS04,5,51.52,73.23,0,8
STU0114,CRS04,6,34.86,62.6,0,8
STU0114,CRS04,7,70.37,79.57,0,8
STU0114,CRS04,8,158.3,71.95,1,8
STU0114,CRS05,1,84.24,46.35,0,11
STU0114,CRS05,2,72.82,38.22,0,11
STU0114,CRS05,3,64.94,40.08,0,11
STU0114,CRS05,4,59.34,17.53,0,11
STU0114,CRS05,5,16.12,37.48,0,11
STU0115,CRS01,1,64.8,34.18,0,11
STU0115,CRS01,2,74.21,30.83,0,11
STU0115,CRS01,3,128.58,62.24,0,11
STU0115,CRS01,4,117.99,66.4,0,11
STU0115,CRS01,5,40.59,38.43,0,11
STU0115,CRS02,1,23.21,22.49,0,8
STU0115,CRS02,2,95.03,24.96,0,8
STU0115,CRS02,3,126.99,58.1,0,8
STU0115,CRS02,4,144.97,32.52,0,8
STU0115,CRS02,5,107.22,45.93,0,8
STU0115,CRS02,6,149.84,24.26,0,8
STU0115,CRS03,1,63.73,99.63,0,10
STU0115,CRS03,2,87.83,69.24,0,10
STU0115,CRS03,3,41.7,79.66,0,10
STU0115,CRS03,4,48.74,73.42,0,10
STU0115,CRS03,5,130.19,78.49,0,10
STU0115,CRS03,6,76.41,68.1,0,10
STU0115,CRS03,7,90.0,87.82,0,10
STU0115,CRS03,8,155.32,94.34,0,10
STU0115,CRS03,9,113.68,77.07,0,10
STU0115,CRS03,10,127.23,69.15,1,10
STU0115,CRS04,1,81.05,94.74,0,11
STU0115,CRS04,2,31.88,69.19,0,11
STU0115,CRS04,3,92.05,83.88,0,11
STU0115,CRS04,4,33.75,85.99,0,11
STU0115,CRS05,1,65.98,84.47,0,8
STU0115,CRS05,2,77.78,69.16,0,8
STU0116,CRS01,1,88.82,42.38,0,8
STU0116,CRS01,2,163.32,72.41,0,8
STU0116,CRS01,3,36.09,39.27,0,8
STU0116,CRS01,4,113.01,51.65,0,8
STU0116,CRS01,5,225.73,62.06,0,8
STU0116,CRS02,1,71.2,50.91,0,10
STU0116,CRS02,2,58.52,72.49,0,10
STU0116,CRS02,3,94.2,53.88,0,10
STU0116,CRS03,1,35.52,72.12,0,9
STU0116,CRS03,2,31.9,58.7,0,9
STU0116,CRS03,3,115.49,54.8,0,9
STU0116,CRS03,4,211.9,79.05,0,9
STU0116,CRS03,5,150.78,56.47,0,9
STU0116,CRS03,6,50.8,44.67,0,9
STU0116,CRS03,7,122.0,58.45,0,9
STU0116,CRS03,8,267.9,63.8,0,9
STU0116,CRS03,9,267.99,82.86,1,9
STU0116,CRS04,1,216.33,64.22,0,11
STU0116,CRS04,2,170.1,46.86,0,11
STU0116,CRS04,3,139.84,48.29,0,11
STU0116,CRS04,4,175.45,38.75,0,11
STU0116,CRS04,5,197.48,58.85,0,11
STU0116,CRS04,6,149.31,65.12,0,11
STU0116,CRS04,7,50.07,45.66,0,11
STU0116,CRS04,8,184.78,61.04,0,11
STU0116,CRS04,9,272.64,52.15,0,11
STU0116,CRS05,1,109.01,86.77,0,12
STU0116,CRS05,2,59.75,77.58,0,12
STU0116,CRS05,3,64.43,72.47,0,12
STU0116,CRS05,4,124.41,83.68,0,12
STU0116,CRS05,5,98.27,86.83,0,12
STU0116,CRS05,6,130.14,100.0,0,12
STU0116,CRS05,7,93.94,75.44,0,12
STU0116,CRS05,8,130.07,100.0,0,12
STU0116,CRS05,9,29.85,80.52,0,12
STU0117,CRS01,1,19.01,29.48,0,9
STU0117,CRS01,2,79.41,60.36,0,9
STU0117,CRS01,3,60.29,38.05,0,9
STU0117,CRS01,4,38.89,47.54,0,9
STU0117,CRS01,5,53.52,10.07,0,9
STU0117,CRS01,6,25.07,45.93,0,9
STU0117,CRS02,1,77.42,86.0,0,9
STU0117,CRS02,2,39.07,69.28,0,9
STU0117,CRS02,3,28.96,76.32,0,9
STU0117,CRS02,4,62.77,82.42,0,9
STU0117,CRS02,5,67.86,51.33,0,9
STU0117,CRS02,6,20.29,63.33,0,9
STU0117,CRS03,1,45.12,74.98,0,12
STU0117,CRS03,2,106.78,62.09,0,12
STU0117,CRS03,3,87.32,95.15,0,12
STU0117,CRS03,4,133.17,85.19,0,12
STU0117,CRS03,5,151.8,95.52,0,12
STU0117,CRS03,6,146.62,91.17,0,12
STU0117,CRS03,7,149.28,83.55,0,12
STU0117,CRS04,1,87.3,66.5,0,12
STU0117,CRS04,2,127.15,65.33,0,12
STU0117,CRS04,3,121.51,65.33,0,12
STU0117,CRS04,4,77.94,57.12,0,12
STU0117,CRS04,5,62.59,56.19,0,12
STU0117,CRS04,6,128.22,73.39,0,12
STU0117,CRS04,7,68.75,56.4,0,12
STU0117,CRS05,1,113.86,80.34,0,12
STU0117,CRS05,2,137.45,71.74,0,12
STU0117,CRS05,3,102.13,78.96,0,12
STU0117,CRS05,4,129.53,64.63,0,12
STU0117,CRS05,5,58.12,92.76,0,12
STU0117,CRS05,6,103.48,71.06,0,12
STU0118,CRS01,1,89.07,59.18,0,9
STU0118,CRS01,2,96.81,47.15,0,9
STU0118,CRS01,3,197.17,82.98,0,9
STU0118,CRS01,4,198.27,85.68,0,9
STU0118,CRS01,5,158.94,40.85,0,9
STU0118,CRS01,6,166.1,69.5,0,9
STU0118,CRS01,7,90.75,64.83,0,9
STU0118,CRS01,8,210.37,72.06,0,9
STU0118,CRS01,9,232.98,53.02,1,9
STU0118,CRS02,1,32.28,34.95,0,8
STU0118,CRS02,2,53.32,63.15,0,8
STU0118,CRS02,3,79.19,60.25,0,8
STU0118,CRS02,4,50.25,41.22,0,8
STU0118,CRS02,5,19.19,37.65,0,8
STU0118,CRS02,6,100.77,41.19,0,8
STU0118,CRS02,7,43.85,52.41,0,8
STU0118,CRS03,1,129.06,58.51,0,8
STU0118,CRS03,2,102.58,71.49,0,8
STU0118,CRS04,1,55.22,64.1,0,11
STU0118,CRS04,2,18.96,58.44,0,11
STU0118,CRS04,3,18.17,57.83,0,11
STU0118,CRS04,4,138.06,61.64,0,11
STU0118,CRS05,1,64.13,65.15,0,8
STU0118,CRS05,2,123.58,31.58,0,8
STU0118,CRS05,3,138.23,76.4,0,8
STU0118,CRS05,4,192.98,63.62,0,8
STU0118,CRS05,5,188.33,43.92,0,8
STU0118,CRS05,6,127.0,39.68,0,8
STU0118,CRS05,7,166.75,58.66,0,8
STU0118,CRS05,8,121.42,55.43,1,8
STU0119,CRS01,1,186.67,93.41,0,10
STU0119,CRS01,2,31.43,81.49,0,10
STU0119,CRS01,3,90.34,58.41,0,10
STU0119,CRS01,4,140.45,67.11,0,10
STU0119,CRS01,5,192.11,73.58,0,10
STU0119,CRS01,6,73.36,68.78,0,10
STU0119,CRS01,7,170.08,67.56,0,10
STU0119,CRS01,8,124.98,70.03,0,10
STU0119,CRS01,9,108.92,73.58,0,10
STU0119,CRS02,1,38.75,65.52,0,10
STU0119,CRS02,2,39.7,61.03,0,10
STU0119,CRS02,3,64.02,59.22,0,10
STU0119,CRS02,4,25.06,62.29,0,10
STU0119,CRS03,1,31.23,84.18,0,8
STU0119,CRS03,2,128.7,100.0,0,8
STU0119,CRS03,3,202.0,100.0,0,8
STU0119,CRS03,4,165.25,95.37,0,8
STU0119,CRS03,5,32.93,86.75,0,8
STU0119,CRS03,6,28.75,82.16,0,8
STU0119,CRS03,7,241.29,100.0,0,8
STU0119,CRS03,8,224.52,96.01,1,8
STU0119,CRS04,1,71.06,54.39,0,12
STU0119,CRS04,2,44.95,42.92,0,12
STU0119,CRS04,3,83.27,53.12,0,12
STU0119,CRS04,4,106.51,60.34,0,12
STU0119,CRS05,1,131.07,81.27,0,9
STU0119,CRS05,2,227.98,81.93,0,9
STU0119,CRS05,3,157.81,85.69,0,9
STU0119,CRS05,4,186.72,69.98,0,9
STU0119,CRS05,5,220.04,81.25,0,9
STU0119,CRS05,6,143.03,71.09,0,9
STU0119,CRS05,7,158.49,60.92,0,9
STU0119,CRS05,8,126.95,59.8,0,9
STU0120,CRS01,1,30.15,85.15,0,8
STU0120,CRS01,2,42.04,76.84,0,8
STU0120,CRS01,3,31.32,96.6,0,8
STU0120,CRS01,4,20.69,83.37,0,8
STU0120,CRS01,5,70.33,66.36,0,8
STU0120,CRS01,6,39.02,83.2,0,8
STU0120,CRS01,7,90.43,82.06,0,8
STU0120,CRS01,8,89.77,85.82,1,8
STU0120,CRS02,1,89.8,57.06,0,11
STU0120,CRS02,2,31.19,41.52,0,11
STU0120,CRS02,3,149.39,68.68,0,11
STU0120,CRS02,4,106.7,41.63,0,11
STU0120,CRS02,5,63.93,57.94,0,11
STU0120,CRS02,6,56.39,60.25,0,11
STU0120,CRS03,1,188.44,76.69,0,12
STU0120,CRS03,2,127.89,78.01,0,12
STU0120,CRS03,3,188.63,70.98,0,12
STU0120,CRS03,4,137.42,77.09,0,12
STU0120,CRS03,5,237.31,67.26,0,12
STU0120,CRS03,6,246.8,78.81,0,12
STU0120,CRS03,7,199.48,95.54,0,12
STU0120,CRS03,8,53.01,53.85,0,12
STU0120,CRS03,9,41.74,42.38,0,12
STU0120,CRS03,10,126.95,67.13,0,12
STU0120,CRS03,11,242.35,74.0,0,12
STU0120,CRS03,12,50.07,62.12,1,12
STU0120,CRS04,1,22.97,23.12,0,8
STU0120,CRS04,2,77.11,59.23,0,8
STU0120,CRS04,3,146.45,60.22,0,8
STU0120,CRS04,4,40.17,33.22,0,8
STU0120,CRS05,1,134.3,90.65,0,9
STU0120,CRS05,2,145.65,100.0,0,9
STU0120,CRS05,3,82.57,74.76,0,9
STU0120,CRS05,4,146.01,91.84,0,9
STU0120,CRS05,5,100.86,90.81,0,9
STU0120,CRS05,6,157.19,81.64,0,9
STU0120,CRS05,7,84.05,85.61,0,9
STU0120,CRS05,8,44.56,74.24,0,9
STU0120,CRS05,9,114.66,74.18,1,9
STU0121,CRS01,1,49.74,83.78,0,11
STU0121,CRS01,2,37.77,87.65,0,11
STU0121,CRS01,3,24.94,85.64,0,11
STU0121,CRS02,1,97.42,79.48,0,10
STU0121,CRS02,2,43.01,65.06,0,10
STU0121,CRS02,3,50.51,79.44,0,10
STU0121,CRS02,4,99.02,74.01,0,10
STU0121,CRS02,5,82.32,82.61,0,10
STU0121,CRS03,1,117.32,78.44,0,8
STU0121,CRS03,2,205.48,78.84,0,8
STU0121,CRS03,3,24.23,61.7,0,8
STU0121,CRS03,4,138.15,100.0,0,8
STU0121,CRS03,5,81.84,66.88,0,8
STU0121,CRS03,6,136.18,73.19,0,8
STU0121,CRS03,7,85.8,83.1,0,8
STU0121,CRS03,8,153.79,81.81,1,8
STU0121,CRS04,1,170.31,77.8,0,8
STU0121,CRS04,2,174.41,86.83,0,8
STU0121,CRS04,3,60.07,65.83,0,8
STU0121,CRS05,1,30.24,61.31,0,11
STU0121,CRS05,2,112.04,88.77,0,11
STU0121,CRS05,3,193.17,83.13,0,11
STU0121,CRS05,4,114.1,68.46,0,11
STU0121,CRS05,5,197.95,84.01,0,11
STU0121,CRS05,6,86.97,47.59,0,11
STU0121,CRS05,7,107.5,53.54,0,11
STU0121,CRS05,8,245.16,67.11,0,11
STU0121,CRS05,9,142.48,81.27,0,11
STU0122,CRS01,1,48.9,48.64,0,8
STU0122,CRS01,2,73.09,47.94,0,8
STU0122,CRS01,3,44.85,33.35,0,8
STU0122,CRS01,4,76.69,43.14,0,8
STU0122,CRS01,5,77.47,39.38,0,8
STU0122,CRS01,6,58.64,34.46,0,8
STU0122,CRS02,1,44.83,87.13,0,8
STU0122,CRS02,2,139.0,97.25,0,8
STU0122,CRS02,3,155.87,100.0,0,8
STU0122,CRS02,4,109.81,83.26,0,8
STU0122,CRS02,5,100.99,100.0,0,8
STU0122,CRS02,6,222.43,82.49,0,8
STU0122,CRS02,7,184.64,100.0,0,8
STU0122,CRS02,8,170.95,99.68,1,8
STU0122,CRS03,1,128.71,86.7,0,8
STU0122,CRS03,2,106.42,72.11,0,8
STU0122,CRS03,3,142.69,76.3,0,8
STU0122,CRS03,4,99.12,85.75,0,8
STU0122,CRS03,5,38.66,77.13,0,8
STU0122,CRS03,6,40.28,69.77,0,8
STU0122,CRS03,7,44.38,70.22,0,8
STU0122,CRS03,8,91.82,54.16,1,8
STU0122,CRS04,1,74.05,58.66,0,8
STU0122,CRS04,2,207.96,52.06,0,8
STU0122,CRS04,3,183.68,76.53,0,8
STU0122,CRS04,4,73.31,75.39,0,8
STU0122,CRS04,5,92.77,45.18,0,8
STU0122,CRS05,1,44.9,55.77,0,11
STU0122,CRS05,2,82.64,43.71,0,11
STU0122,CRS05,3,34.02,47.1,0,11
STU0123,CRS01,1,89.42,55.05,0,9
STU0123,CRS01,2,35.42,31.19,0,9
STU0123,CRS01,3,170.76,50.23,0,9
STU0123,CRS01,4,98.52,45.64,0,9
STU0123,CRS01,5,93.75,37.67,0,9
STU0123,CRS01,6,84.09,48.13,0,9
STU0123,CRS01,7,90.79,42.37,0,9
STU0123,CRS01,8,74.98,36.3,0,9
STU0123,CRS01,9,48.02,12.04,1,9
STU0123,CRS02,1,113.82,69.72,0,12
STU0123,CRS02,2,87.75,87.52,0,12
STU0123,CRS02,3,35.78,65.58,0,12
STU0123,CRS02,4,85.04,71.04,0,12
STU0123,CRS02,5,25.35,50.23,0,12
STU0123,CRS02,6,154.26,82.88,0,12
STU0123,CRS02,7,22.35,71.86,0,12
STU0123,CRS02,8,22.31,44.13,0,12
STU0123,CRS02,9,34.42,77.43,0,12
STU0123,CRS03,1,17.15,70.75,0,12
STU0123,CRS03,2,34.91,53.27,0,12
STU0123,CRS03,3,20.82,63.96,0,12
STU0123,CRS03,4,130.61,65.17,0,12
STU0123,CRS04,1,114.17,47.44,0,8
STU0123,CRS04,2,114.66,42.68,0,8
STU0123,CRS04,3,48.41,39.74,0,8
STU0123,CRS04,4,22.09,35.28,0,8
STU0123,CRS04,5,161.81,45.73,0,8
STU0123,CRS05,1,20.21,50.52,0,11
STU0123,CRS05,2,43.51,40.81,0,11
STU0123,CRS05,3,55.18,30.5,0,11
STU0123,CRS05,4,97.37,72.09,0,11
STU0123,CRS05,5,15.28,33.84,0,11
STU0123,CRS05,6,116.98,50.81,0,11
STU0123,CRS05,7,116.4,39.0,0,11
STU0123,CRS05,8,122.61,39.27,0,11
STU0123,CRS05,9,96.22,19.05,0,11
STU0123,CRS05,10,56.53,38.14,0,11
STU0123,CRS05,11,84.8,22.04,1,11
STU0124,CRS01,1,118.84,100.0,0,10
STU0124,CRS01,2,153.14,100.0,0,10
STU0124,CRS01,3,60.49,81.47,0,10
STU0124,CRS01,4,37.4,81.36,0,10
STU0124,CRS01,5,135.55,100.0,0,10
STU0124,CRS01,6,78.42,67.52,0,10
STU0124,CRS01,7,183.43,89.21,0,10
STU0124,CRS01,8,31.66,98.85,0,10
STU0124,CRS02,1,70.14,56.78,0,10
STU0124,CRS02,2,110.51,83.57,0,10
STU0124,CRS02,3,168.58,81.36,0,10
STU0124,CRS02,4,99.46,80.63,0,10
STU0124,CRS02,5,46.89,84.11,0,10
STU0124,CRS02,6,32.65,65.65,0,10
STU0124,CRS02,7,216.9,94.72,0,10
STU0124,CRS02,8,145.83,87.05,0,10
STU0124,CRS02,9,160.74,88.15,0,10
STU0124,CRS02,10,210.62,76.62,1,10
STU0124,CRS03,1,74.47,50.66,0,8
STU0124,CRS03,2,166.02,64.45,0,8
STU0124,CRS03,3,165.2,26.32,0,8
STU0124,CRS03,4,117.43,29.37,0,8
STU0124,CRS04,1,53.96,81.11,0,12
STU0124,CRS04,2,36.68,69.74,0,12
STU0124,CRS04,3,206.51,100.0,0,12
STU0124,CRS04,4,180.87,100.0,0,12
STU0124,CRS04,5,204.56,100.0,0,12
STU0124,CRS04,6,139.68,84.96,0,12
STU0124,CRS04,7,217.48,100.0,0,12
STU0124,CRS04,8,103.02,100.0,0,12
STU0124,CRS04,9,34.42,80.93,0,12
STU0124,CRS04,10,29.27,74.02,0,12
STU0124,CRS04,11,192.68,100.0,0,12
STU0124,CRS05,1,46.57,45.12,0,10
STU0124,CRS05,2,97.98,52.43,0,10
STU0124,CRS05,3,37.76,57.14,0,10
STU0124,CRS05,4,107.99,38.64,0,10
STU0124,CRS05,5,112.14,78.14,0,10
STU0124,CRS05,6,114.07,57.87,0,10
STU0125,CRS01,1,46.96,60.18,0,9
STU0125,CRS01,2,59.7,52.04,0,9
STU0125,CRS01,3,64.73,64.35,0,9
STU0125,CRS01,4,32.67,47.04,0,9
STU0125,CRS01,5,124.53,59.8,0,9
STU0125,CRS01,6,21.89,61.49,0,9
STU0125,CRS01,7,111.18,85.28,0,9
STU0125,CRS01,8,35.94,64.27,0,9
STU0125,CRS02,1,237.56,100.0,0,12
STU0125,CRS02,2,168.88,76.12,0,12
STU0125,CRS02,3,235.35,72.37,0,12
STU0125,CRS02,4,63.26,94.44,0,12
STU0125,CRS02,5,235.34,68.29,0,12
STU0125,CRS02,6,186.81,79.89,0,12
STU0125,CRS02,7,242.58,96.3,0,12
STU0125,CRS02,8,40.64,81.88,0,12
STU0125,CRS02,9,181.82,82.02,0,12
STU0125,CRS02,10,44.39,69.54,0,12
STU0125,CRS02,11,221.06,89.71,0,12
STU0125,CRS02,12,277.27,89.43,1,12
STU0125,CRS03,1,30.75,100.0,0,10
STU0125,CRS03,2,32.57,71.55,0,10
STU0125,CRS03,3,21.09,87.54,0,10
STU0125,CRS03,4,57.62,84.85,0,10
STU0125,CRS03,5,76.73,100.0,0,10
STU0125,CRS04,1,54.33,74.39,0,9
STU0125,CRS04,2,160.65,49.17,0,9
STU0125,CRS04,3,64.27,65.48,0,9
STU0125,CRS04,4,130.97,69.67,0,9
STU0125,CRS04,5,157.9,66.19,0,9
STU0125,CRS05,1,55.14,77.65,0,11
STU0125,CRS05,2,97.99,94.31,0,11
STU0125,CRS05,3,166.05,100.0,0,11
STU0126,CRS01,1,109.51,49.29,0,8
STU0126,CRS01,2,121.15,61.46,0,8
STU0126,CRS01,3,123.41,66.5,0,8
STU0126,CRS01,4,98.16,44.68,0,8
STU0126,CRS01,5,122.38,70.27,0,8
STU0126,CRS01,6,109.72,50.16,0,8
STU0126,CRS02,1,121.62,57.07,0,12
STU0126,CRS02,2,140.14,61.04,0,12
STU0126,CRS02,3,157.37,71.68,0,12
STU0126,CRS02,4,158.43,47.15,0,12
STU0126,CRS02,5,150.53,57.3,0,12
STU0126,CRS02,6,63.21,51.92,0,12
STU0126,CRS02,7,78.99,32.89,0,12
STU0126,CRS02,8,93.81,43.19,0,12
STU0126,CRS03,1,144.16,73.96,0,8
STU0126,CRS03,2,31.58,50.83,0,8
STU0126,CRS03,3,111.28,59.24,0,8
STU0126,CRS03,4,75.42,70.4,0,8
STU0126,CRS03,5,227.53,75.01,0,8
STU0126,CRS03,6,221.25,64.94,0,8
STU0126,CRS04,1,81.78,87.61,0,9
STU0126,CRS04,2,209.42,100.0,0,9
STU0126,CRS04,3,206.38,95.65,0,9
STU0126,CRS04,4,102.75,80.53,0,9
STU0126,CRS04,5,235.36,100.0,0,9
STU0126,CRS04,6,189.13,100.0,0,9
STU0126,CRS04,7,223.83,92.7,0,9
STU0126,CRS04,8,97.95,88.96,0,9
STU0126,CRS04,9,50.97,93.13,1,9
STU0126,CRS05,1,107.87,41.61,0,8
STU0126,CRS05,2,83.89,37.03,0,8
STU0126,CRS05,3,41.14,48.66,0,8
STU0126,CRS05,4,126.32,46.72,0,8
STU0126,CRS05,5,77.47,35.35,0,8
STU0126,CRS05,6,260.12,35.37,0,8
STU0126,CRS05,7,179.39,62.1,0,8
STU0126,CRS05,8,83.54,62.78,1,8
STU0127,CRS01,1,134.83,51.14,0,10
STU0127,CRS01,2,209.76,68.59,0,10
STU0127,CRS01,3,202.62,51.39,0,10
STU0127,CRS01,4,26.94,37.27,0,10
STU0127,CRS01,5,87.0,57.28,0,10
STU0127,CRS01,6,81.01,66.19,0,10
STU0127,CRS01,7,58.33,44.12,0,10
STU0127,CRS01,8,106.89,46.49,0,10
STU0127,CRS01,9,169.22,77.09,0,10
STU0127,CRS01,10,138.57,52.9,1,10
STU0127,CRS02,1,16.4,96.56,0,10
STU0127,CRS02,2,80.37,91.67,0,10
STU0127,CRS02,3,52.27,95.91,0,10
STU0127,CRS02,4,78.17,100.0,0,10
STU0127,CRS02,5,32.3,79.16,0,10
STU0127,CRS02,6,95.22,87.42,0,10
STU0127,CRS02,7,24.57,80.9,0,10
STU0127,CRS03,1,37.76,74.8,0,8
STU0127,CRS04,1,217.86,40.53,0,9
STU0127,CRS04,2,58.5,47.34,0,9
STU0127,CRS04,3,155.07,32.63,0,9
STU0127,CRS04,4,221.93,40.86,0,9
STU0127,CRS04,5,147.13,51.62,0,9
STU0127,CRS04,6,48.0,42.59,0,9
STU0127,CRS04,7,69.19,46.04,0,9
STU0127,CRS04,8,252.46,51.01,0,9
STU0127,CRS04,9,207.82,62.65,1,9
STU0127,CRS05,1,118.36,46.91,0,12
STU0127,CRS05,2,70.6,54.43,0,12
STU0127,CRS05,3,131.41,55.38,0,12
STU0127,CRS05,4,103.3,46.2,0,12
STU0127,CRS05,5,99.5,27.9,0,12
STU0128,CRS01,1,108.76,69.55,0,10
STU0128,CRS01,2,131.77,72.13,0,10
STU0128,CRS01,3,146.21,76.85,0,10
STU0128,CRS01,4,254.07,90.91,0,10
STU0128,CRS01,5,58.32,70.62,0,10
STU0128,CRS01,6,168.24,70.19,0,10
STU0128,CRS01,7,193.4,96.46,0,10
STU0128,CRS01,8,282.42,71.6,0,10
STU0128,CRS01,9,199.99,68.32,0,10
STU0128,CRS01,10,211.56,71.83,1,10
STU0128,CRS02,1,20.99,84.09,0,11
STU0128,CRS02,2,109.67,73.67,0,11
STU0128,CRS02,3,160.51,81.08,0,11
STU0128,CRS02,4,41.63,61.98,0,11
STU0128,CRS02,5,41.71,80.15,0,11
STU0128,CRS02,6,142.17,63.78,0,11
STU0128,CRS02,7,19.24,72.72,0,11
STU0128,CRS02,8,160.47,86.81,0,11
STU0128,CRS02,9,102.91,61.77,0,11
STU0128,CRS03,1,252.42,81.97,0,8
STU0128,CRS03,2,227.91,93.24,0,8
STU0128,CRS03,3,159.77,82.03,0,8
STU0128,CRS03,4,230.77,100.0,0,8
STU0128,CRS03,5,99.1,77.12,0,8
STU0128,CRS03,6,125.24,94.78,0,8
STU0128,CRS03,7,146.86,79.35,0,8
STU0128,CRS03,8,47.47,77.93,1,8
STU0128,CRS04,1,111.3,53.34,0,10
STU0128,CRS04,2,158.84,62.95,0,10
STU0128,CRS04,3,217.11,66.91,0,10
STU0128,CRS04,4,117.59,47.92,0,10
STU0128,CRS04,5,75.31,63.74,0,10
STU0128,CRS04,6,186.11,57.54,0,10
STU0128,CRS04,7,87.75,67.01,0,10
STU0128,CRS04,8,111.29,49.97,0,10
STU0128,CRS04,9,235.58,71.66,0,10
STU0128,CRS04,10,139.47,55.73,1,10
STU0128,CRS05,1,63.71,48.05,0,8
STU0128,CRS05,2,240.22,78.73,0,8
STU0128,CRS05,3,150.16,70.54,0,8
STU0128,CRS05,4,184.23,66.78,0,8
STU0128,CRS05,5,98.86,65.65,0,8
STU0128,CRS05,6,284.7,71.01,0,8
STU0128,CRS05,7,202.28,97.78,0,8
STU0128,CRS05,8,226.12,79.32,1,8
STU0129,CRS01,1,157.09,66.81,0,10
STU0129,CRS01,2,58.94,92.74,0,10
STU0129,CRS01,3,100.62,90.91,0,10
STU0129,CRS01,4,94.33,74.51,0,10
STU0129,CRS01,5,102.88,100.0,0,10
STU0129,CRS02,1,156.59,96.46,0,10
STU0129,CRS02,2,92.43,96.2,0,10
STU0129,CRS02,3,125.31,100.0,0,10
STU0129,CRS02,4,37.52,74.82,0,10
STU0129,CRS02,5,70.95,85.79,0,10
STU0129,CRS03,1,217.11,63.24,0,12
STU0129,CRS03,2,61.86,68.31,0,12
STU0129,CRS03,3,240.12,70.9,0,12
STU0129,CRS03,4,170.5,79.37,0,12
STU0129,CRS03,5,146.47,58.16,0,12
STU0129,CRS03,6,259.95,62.87,0,12
STU0129,CRS03,7,103.21,56.8,0,12
STU0129,CRS03,8,108.84,68.43,0,12
STU0129,CRS03,9,216.42,48.02,0,12
STU0129,CRS03,10,40.1,70.88,0,12
STU0129,CRS04,1,122.71,90.21,0,8
STU0129,CRS04,2,80.88,76.31,0,8
STU0129,CRS04,3,127.23,91.34,0,8
STU0129,CRS04,4,130.69,79.67,0,8
STU0129,CRS04,5,30.52,52.56,0,8
STU0129,CRS04,6,40.69,72.31,0,8
STU0129,CRS05,1,169.08,99.53,0,12
STU0129,CRS05,2,133.26,99.85,0,12
STU0129,CRS05,3,89.76,76.92,0,12
STU0129,CRS05,4,142.13,93.8,0,12
STU0129,CRS05,5,115.34,73.39,0,12
STU0129,CRS05,6,55.02,68.26,0,12
STU0129,CRS05,7,186.76,88.75,0,12
STU0130,CRS01,1,47.85,73.04,0,11
STU0130,CRS01,2,45.27,48.81,0,11
STU0130,CRS01,3,68.54,61.75,0,11
STU0130,CRS01,4,61.34,46.46,0,11
STU0130,CRS01,5,19.54,45.06,0,11
STU0130,CRS01,6,40.29,54.39,0,11
STU0130,CRS01,7,20.35,53.67,0,11
STU0130,CRS01,8,19.64,32.7,0,11
STU0130,CRS01,9,63.9,68.83,0,11
STU0130,CRS02,1,66.39,70.54,0,10
STU0130,CRS02,2,92.87,93.05,0,10
STU0130,CRS02,3,70.36,71.06,0,10
STU0130,CRS02,4,91.2,61.15,0,10
STU0130,CRS02,5,90.19,67.18,0,10
STU0130,CRS02,6,62.79,63.15,0,10
STU0130,CRS02,7,103.7,74.19,0,10
STU0130,CRS02,8,39.82,54.02,0,10
STU0130,CRS03,1,123.04,88.2,0,12
STU0130,CRS03,2,111.53,99.0,0,12
STU0130,CRS03,3,102.58,93.96,0,12
STU0130,CRS03,4,66.29,80.65,0,12
STU0130,CRS03,5,150.38,87.67,0,12
STU0130,CRS03,6,21.75,68.18,0,12
STU0130,CRS03,7,60.55,85.26,0,12
STU0130,CRS03,8,78.23,93.22,0,12
STU0130,CRS03,9,60.22,62.38,0,12
STU0130,CRS04,1,26.41,73.01,0,11
STU0130,CRS04,2,41.27,85.0,0,11
STU0130,CRS04,3,68.37,75.7,0,11
STU0130,CRS04,4,171.52,68.34,0,11
STU0130,CRS04,5,133.39,85.0,0,11
STU0130,CRS04,6,77.35,74.04,0,11
STU0130,CRS04,7,152.76,79.28,0,11
STU0130,CRS04,8,174.79,83.45,0,11
STU0130,CRS04,9,41.5,75.2,0,11
STU0130,CRS04,10,89.29,71.88,0,11
STU0130,CRS05,1,58.66,66.98,0,8
STU0130,CRS05,2,146.41,63.64,0,8
STU0130,CRS05,3,24.85,45.18,0,8
STU0131,CRS01,1,213.65,95.57,0,10
STU0131,CRS01,2,66.18,90.46,0,10
STU0131,CRS01,3,245.98,100.0,0,10
STU0131,CRS01,4,93.66,67.84,0,10
STU0131,CRS01,5,40.16,86.88,0,10
STU0131,CRS01,6,143.17,78.4,0,10
STU0131,CRS01,7,161.31,79.21,0,10
STU0131,CRS01,8,41.21,71.79,0,10
STU0131,CRS01,9,63.96,54.42,0,10
STU0131,CRS01,10,282.35,87.7,1,10
STU0131,CRS02,1,96.57,71.46,0,11
STU0131,CRS02,2,25.64,72.3,0,11
STU0131,CRS02,3,66.44,71.94,0,11
STU0131,CRS02,4,79.77,84.47,0,11
STU0131,CRS02,5,61.81,77.04,0,11
STU0131,CRS02,6,82.85,55.0,0,11
STU0131,CRS02,7,79.63,70.35,0,11
STU0131,CRS02,8,28.6,54.61,0,11
STU0131,CRS02,9,22.46,73.25,0,11
STU0131,CRS02,10,93.08,76.63,0,11
STU0131,CRS02,11,43.29,65.62,1,11
STU0131,CRS03,1,92.69,60.59,0,9
STU0131,CRS03,2,20.03,44.11,0,9
STU0131,CRS03,3,126.15,61.12,0,9
STU0131,CRS03,4,44.8,49.89,0,9
STU0131,CRS03,5,89.73,35.05,0,9
STU0131,CRS04,1,40.3,83.62,0,9
STU0131,CRS04,2,68.34,66.21,0,9
STU0131,CRS04,3,90.87,79.51,0,9
STU0131,CRS04,4,18.51,79.26,0,9
STU0131,CRS04,5,36.58,79.24,0,9
STU0131,CRS04,6,12.96,60.55,0,9
STU0131,CRS04,7,83.49,83.92,0,9
STU0131,CRS04,8,41.27,40.42,0,9
STU0131,CRS05,1,146.45,81.33,0,9
STU0131,CRS05,2,225.26,64.77,0,9
STU0131,CRS05,3,202.48,92.22,0,9
STU0131,CRS05,4,191.61,67.04,0,9
STU0131,CRS05,5,68.13,52.7,0,9
STU0131,CRS05,6,165.14,43.33,0,9
STU0131,CRS05,7,36.54,54.08,0,9
STU0131,CRS05,8,172.42,71.81,0,9
STU0131,CRS05,9,38.36,52.26,1,9
STU0132,CRS01,1,81.88,78.51,0,8
STU0132,CRS01,2,52.63,72.96,0,8
STU0132,CRS01,3,35.42,50.91,0,8
STU0132,CRS02,1,77.19,85.55,0,11
STU0132,CRS02,2,149.5,100.0,0,11
STU0132,CRS02,3,112.71,91.4,0,11
STU0132,CRS03,1,35.26,83.48,0,8
STU0132,CRS03,2,166.0,94.96,0,8
STU0132,CRS03,3,150.24,84.95,0,8
STU0132,CRS04,1,102.92,79.19,0,11
STU0132,CRS04,2,192.63,100.0,0,11
STU0132,CRS04,3,212.89,100.0,0,11
STU0132,CRS04,4,171.6,100.0,0,11
STU0132,CRS04,5,120.86,88.73,0,11
STU0132,CRS04,6,97.6,70.1,0,11
STU0132,CRS04,7,155.68,96.11,0,11
STU0132,CRS04,8,224.39,100.0,0,11
STU0132,CRS04,9,110.74,81.45,0,11
STU0132,CRS04,10,233.46,88.27,0,11
STU0132,CRS04,11,93.6,91.41,1,11
STU0132,CRS05,1,99.38,80.32,0,8
STU0132,CRS05,2,101.54,71.44,0,8
STU0132,CRS05,3,38.66,47.74,0,8
STU0132,CRS05,4,214.29,87.3,0,8
STU0132,CRS05,5,92.05,72.16,0,8
STU0132,CRS05,6,51.92,59.44,0,8
STU0132,CRS05,7,44.85,64.04,0,8
STU0132,CRS05,8,82.8,69.76,1,8
STU0133,CRS01,1,75.12,82.34,0,10
STU0133,CRS01,2,108.48,90.45,0,10
STU0133,CRS01,3,105.03,75.81,0,10
STU0133,CRS01,4,45.88,93.25,0,10
STU0133,CRS01,5,50.27,68.83,0,10
STU0133,CRS01,6,67.28,73.41,0,10
STU0133,CRS01,7,29.22,74.18,0,10
STU0133,CRS01,8,37.13,73.2,0,10
STU0133,CRS01,9,63.66,75.2,0,10
STU0133,CRS02,1,107.46,80.79,0,8
STU0133,CRS02,2,148.99,86.39,0,8
STU0133,CRS02,3,131.66,85.59,0,8
STU0133,CRS02,4,147.81,69.94,0,8
STU0133,CRS02,5,136.3,74.61,0,8
STU0133,CRS02,6,29.36,74.32,0,8
STU0133,CRS02,7,211.25,83.3,0,8
STU0133,CRS03,1,36.99,99.09,0,9
STU0133,CRS03,2,155.01,100.0,0,9
STU0133,CRS03,3,140.85,85.41,0,9
STU0133,CRS03,4,196.66,81.34,0,9
STU0133,CRS04,1,143.24,70.94,0,9
STU0133,CRS04,2,170.94,53.97,0,9
STU0133,CRS04,3,99.49,53.89,0,9
STU0133,CRS04,4,151.28,54.34,0,9
STU0133,CRS04,5,61.75,37.99,0,9
STU0133,CRS04,6,176.43,77.62,0,9
STU0133,CRS04,7,145.52,69.6,0,9
STU0133,CRS04,8,36.21,52.7,0,9
STU0133,CRS04,9,216.58,66.48,1,9
STU0133,CRS05,1,53.42,44.04,0,10
STU0133,CRS05,2,148.99,61.98,0,10
STU0133,CRS05,3,70.81,73.4,0,10
STU0133,CRS05,4,112.68,37.62,0,10
STU0133,CRS05,5,208.61,55.52,0,10
STU0133,CRS05,6,141.4,60.84,0,10
STU0133,CRS05,7,132.82,45.5,0,10
STU0133,CRS05,8,32.01,48.3,0,10
STU0133,CRS05,9,121.18,61.12,0,10
STU0133,CRS05,10,174.09,47.65,1,10
STU0134,CRS01,1,107.12,68.73,0,8
STU0134,CRS01,2,224.63,59.45,0,8
STU0134,CRS01,3,144.4,81.17,0,8
STU0134,CRS01,4,60.09,46.23,0,8
STU0134,CRS02,1,113.81,52.17,0,9
STU0134,CRS02,2,124.74,56.81,0,9
STU0134,CRS02,3,161.96,44.25,0,9
STU0134,CRS02,4,56.84,31.89,0,9
STU0134,CRS03,1,67.28,71.42,0,12
STU0134,CRS03,2,145.39,75.84,0,12
STU0134,CRS03,3,126.62,62.73,0,12
STU0134,CRS03,4,63.66,53.81,0,12
STU0134,CRS03,5,125.59,99.81,0,12
STU0134,CRS03,6,202.45,100.0,0,12
STU0134,CRS04,1,63.32,73.5,0,12
STU0134,CRS04,2,222.22,66.4,0,12
STU0134,CRS04,3,92.99,73.26,0,12
STU0134,CRS05,1,89.05,45.55,0,9
STU0134,CRS05,2,34.67,44.23,0,9
STU0134,CRS05,3,53.77,41.8,0,9
STU0134,CRS05,4,63.95,56.86,0,9
STU0134,CRS05,5,94.94,47.28,0,9
STU0134,CRS05,6,57.86,48.81,0,9
STU0134,CRS05,7,57.41,37.58,0,9
STU0134,CRS05,8,158.19,55.05,0,9
STU0134,CRS05,9,128.52,57.01,1,9
STU0135,CRS01,1,20.0,59.09,0,8
STU0135,CRS01,2,32.09,30.33,0,8
STU0135,CRS01,3,17.96,33.71,0,8
STU0135,CRS01,4,59.75,49.56,0,8
STU0135,CRS01,5,97.6,21.29,0,8
STU0135,CRS02,1,55.18,82.06,0,8
STU0135,CRS02,2,24.95,89.68,0,8
STU0135,CRS02,3,87.86,100.0,0,8
STU0135,CRS02,4,50.76,86.42,0,8
STU0135,CRS02,5,119.77,100.0,0,8
STU0135,CRS02,6,84.58,90.93,0,8
STU0135,CRS02,7,63.42,96.58,0,8
STU0135,CRS02,8,79.46,100.0,1,8
STU0135,CRS03,1,33.14,71.03,0,9
STU0135,CRS03,2,14.5,62.26,0,9
STU0135,CRS03,3,21.11,67.67,0,9
STU0135,CRS04,1,166.29,69.27,0,10
STU0135,CRS04,2,173.01,80.98,0,10
STU0135,CRS04,3,160.76,79.59,0,10
STU0135,CRS04,4,42.25,62.05,0,10
STU0135,CRS04,5,75.5,61.13,0,10
STU0135,CRS04,6,124.6,75.46,0,10
STU0135,CRS04,7,191.83,92.34,0,10
STU0135,CRS04,8,96.37,63.89,0,10
STU0135,CRS05,1,54.44,33.21,0,8
STU0135,CRS05,2,80.96,29.14,0,8
STU0135,CRS05,3,15.78,20.68,0,8
STU0135,CRS05,4,64.59,53.47,0,8
STU0136,CRS01,1,43.82,42.84,0,12
STU0136,CRS01,2,176.76,62.53,0,12
STU0136,CRS01,3,155.09,53.12,0,12
STU0136,CRS01,4,122.83,44.87,0,12
STU0136,CRS01,5,197.56,59.76,0,12
STU0136,CRS01,6,238.88,77.71,0,12
STU0136,CRS01,7,142.57,50.52,0,12
STU0136,CRS01,8,257.53,57.41,0,12
STU0136,CRS01,9,170.07,28.54,0,12
STU0136,CRS01,10,145.83,57.14,0,12
STU0136,CRS01,11,250.11,59.6,0,12
STU0136,CRS01,12,138.61,43.87,1,12
STU0136,CRS02,1,38.48,39.5,0,9
STU0136,CRS02,2,157.74,78.18,0,9
STU0136,CRS02,3,258.26,65.64,0,9
STU0136,CRS02,4,68.07,55.13,0,9
STU0136,CRS02,5,257.63,71.8,0,9
STU0136,CRS02,6,188.76,50.91,0,9
STU0136,CRS02,7,286.67,59.27,0,9
STU0136,CRS02,8,96.2,51.16,0,9
STU0136,CRS02,9,201.41,60.82,1,9
STU0136,CRS03,1,78.12,100.0,0,8
STU0136,CRS03,2,29.63,80.73,0,8
STU0136,CRS03,3,89.03,91.57,0,8
STU0136,CRS03,4,98.61,91.95,0,8
STU0136,CRS03,5,87.61,91.11,0,8
STU0136,CRS04,1,98.89,33.15,0,11
STU0136,CRS04,2,70.42,40.06,0,11
STU0136,CRS05,1,191.18,100.0,0,10
STU0136,CRS05,2,28.62,86.96,0,10
STU0136,CRS05,3,112.51,90.59,0,10
STU0136,CRS05,4,144.89,100.0,0,10
STU0136,CRS05,5,167.0,100.0,0,10
STU0136,CRS05,6,114.53,80.98,0,10
STU0136,CRS05,7,28.07,99.56,0,10
STU0136,CRS05,8,124.0,81.83,0,10
STU0136,CRS05,9,96.63,92.26,0,10
STU0137,CRS01,1,238.17,94.44,0,10
STU0137,CRS01,2,65.72,95.38,0,10
STU0137,CRS01,3,172.33,91.66,0,10
STU0137,CRS01,4,259.8,97.78,0,10
STU0137,CRS01,5,251.64,100.0,0,10
STU0137,CRS01,6,261.79,95.32,0,10
STU0137,CRS01,7,235.61,100.0,0,10
STU0137,CRS01,8,209.0,100.0,0,10
STU0137,CRS01,9,139.13,99.91,0,10
STU0137,CRS01,10,170.76,94.81,1,10
STU0137,CRS02,1,37.79,52.46,0,9
STU0137,CRS02,2,154.8,60.13,0,9
STU0137,CRS02,3,145.34,47.87,0,9
STU0137,CRS02,4,80.02,40.4,0,9
STU0137,CRS03,1,137.58,38.75,0,10
STU0137,CRS03,2,50.84,40.16,0,10
STU0137,CRS03,3,195.67,45.79,0,10
STU0137,CRS03,4,135.82,44.36,0,10
STU0137,CRS03,5,61.16,39.52,0,10
STU0137,CRS03,6,81.32,54.42,0,10
STU0137,CRS03,7,198.22,48.83,0,10
STU0137,CRS04,1,180.82,71.21,0,12
STU0137,CRS04,2,61.6,62.65,0,12
STU0137,CRS04,3,130.38,56.21,0,12
STU0137,CRS04,4,66.84,82.04,0,12
STU0137,CRS04,5,178.82,68.8,0,12
STU0137,CRS04,6,103.51,55.92,0,12
STU0137,CRS05,1,194.28,82.68,0,8
STU0137,CRS05,2,164.87,86.17,0,8
STU0137,CRS05,3,221.36,100.0,0,8
STU0137,CRS05,4,87.06,84.84,0,8
STU0137,CRS05,5,102.88,68.15,0,8
STU0137,CRS05,6,28.93,86.94,0,8
STU0137,CRS05,7,209.3,100.0,0,8
STU0137,CRS05,8,200.18,100.0,1,8
STU0138,CRS01,1,218.97,64.9,0,12
STU0138,CRS01,2,72.36,64.69,0,12
STU0138,CRS01,3,164.16,52.67,0,12
STU0138,CRS01,4,34.35,39.12,0,12
STU0138,CRS01,5,185.08,51.92,0,12
STU0138,CRS01,6,100.01,51.73,0,12
STU0138,CRS01,7,214.06,71.45,0,12
STU0138,CRS01,8,38.4,66.85,0,12
STU0138,CRS01,9,233.05,50.96,0,12
STU0138,CRS01,10,281.49,51.8,0,12
STU0138,CRS01,11,155.96,48.16,0,12
STU0138,CRS01,12,225.46,49.62,1,12
STU0138,CRS02,1,53.83,29.58,0,12
STU0138,CRS02,2,15.72,54.73,0,12
STU0138,CRS02,3,40.92,29.74,0,12
STU0138,CRS02,4,83.36,23.1,0,12
STU0138,CRS02,5,32.1,38.48,0,12
STU0138,CRS02,6,117.7,29.04,0,12
STU0138,CRS02,7,64.45,22.05,0,12
STU0138,CRS03,1,128.7,74.83,0,8
STU0138,CRS03,2,32.01,66.74,0,8
STU0138,CRS03,3,113.59,43.34,0,8
STU0138,CRS03,4,241.04,68.63,0,8
STU0138,CRS03,5,284.71,64.72,0,8
STU0138,CRS03,6,292.19,94.12,0,8
STU0138,CRS03,7,219.73,81.98,0,8
STU0138,CRS03,8,79.22,35.51,1,8
STU0138,CRS04,1,100.51,100.0,0,11
STU0138,CRS04,2,80.85,94.75,0,11
STU0138,CRS04,3,61.89,78.16,0,11
STU0138,CRS04,4,94.85,84.48,0,11
STU0138,CRS04,5,97.34,79.8,0,11
STU0138,CRS04,6,97.42,74.42,0,11
STU0138,CRS04,7,23.38,61.87,0,11
STU0138,CRS04,8,119.2,91.87,0,11
STU0138,CRS04,9,119.05,100.0,0,11
STU0138,CRS04,10,82.19,67.33,0,11
STU0138,CRS04,11,98.48,71.0,1,11
STU0138,CRS05,1,69.43,27.12,0,12
STU0138,CRS05,2,176.62,48.35,0,12
STU0138,CRS05,3,96.29,33.03,0,12
STU0138,CRS05,4,44.65,40.62,0,12
STU0138,CRS05,5,124.15,53.89,0,12
STU0138,CRS05,6,74.6,40.43,0,12
STU0138,CRS05,7,228.56,48.32,0,12
STU0138,CRS05,8,183.78,57.84,0,12
STU0138,CRS05,9,291.43,64.17,0,12
STU0138,CRS05,10,208.81,66.13,0,12
STU0138,CRS05,11,142.92,30.91,0,12
STU0138,CRS05,12,148.5,28.55,1,12
STU0139,CRS01,1,158.35,95.08,0,9
STU0139,CRS01,2,172.95,83.11,0,9
STU0139,CRS01,3,94.44,67.1,0,9
STU0139,CRS02,1,58.33,62.38,0,8
STU0139,CRS02,2,64.97,49.96,0,8
STU0139,CRS02,3,34.53,45.67,0,8
STU0139,CRS03,1,61.65,63.35,0,8
STU0139,CRS03,2,189.58,68.09,0,8
STU0139,CRS03,3,65.45,65.37,0,8
STU0139,CRS03,4,129.82,83.96,0,8
STU0139,CRS03,5,34.69,60.53,0,8
STU0139,CRS03,6,223.66,78.18,0,8
STU0139,CRS03,7,171.37,70.62,0,8
STU0139,CRS03,8,199.35,85.51,1,8
STU0139,CRS04,1,151.37,78.21,0,8
STU0139,CRS04,2,160.16,63.45,0,8
STU0139,CRS04,3,92.99,61.63,0,8
STU0139,CRS04,4,96.73,60.69,0,8
STU0139,CRS04,5,68.43,61.74,0,8
STU0139,CRS04,6,67.52,57.47,0,8
STU0139,CRS05,1,94.24,61.59,0,12
STU0139,CRS05,2,67.85,57.88,0,12
STU0139,CRS05,3,75.48,56.95,0,12
STU0139,CRS05,4,100.03,61.92,0,12
STU0139,CRS05,5,72.64,45.11,0,12
STU0139,CRS05,6,107.72,59.95,0,12
STU0139,CRS05,7,72.8,70.16,0,12
STU0140,CRS01,1,57.39,78.97,0,11
STU0140,CRS01,2,184.8,84.03,0,11
STU0140,CRS01,3,178.73,84.86,0,11
STU0140,CRS01,4,130.29,90.76,0,11
STU0140,CRS01,5,237.3,100.0,0,11
STU0140,CRS01,6,188.0,91.08,0,11
STU0140,CRS01,7,247.43,70.78,0,11
STU0140,CRS01,8,196.65,99.98,0,11
STU0140,CRS01,9,147.53,86.22,0,11
STU0140,CRS01,10,145.5,82.15,0,11
STU0140,CRS01,11,93.63,65.3,1,11
STU0140,CRS02,1,190.64,53.44,0,12
STU0140,CRS02,2,97.24,27.15,0,12
STU0140,CRS02,3,109.19,45.69,0,12
STU0140,CRS02,4,150.21,60.11,0,12
STU0140,CRS02,5,81.64,44.19,0,12
STU0140,CRS02,6,162.2,64.64,0,12
STU0140,CRS02,7,184.92,50.9,0,12
STU0140,CRS02,8,38.85,55.81,0,12
STU0140,CRS03,1,195.55,84.18,0,11
STU0140,CRS03,2,145.26,67.44,0,11
STU0140,CRS03,3,133.58,84.05,0,11
STU0140,CRS03,4,124.86,70.14,0,11
STU0140,CRS03,5,91.04,64.39,0,11
STU0140,CRS03,6,122.44,74.44,0,11
STU0140,CRS03,7,47.47,46.01,0,11
STU0140,CRS03,8,229.43,81.01,0,11
STU0140,CRS03,9,236.45,54.82,0,11
STU0140,CRS03,10,155.92,59.52,0,11
STU0140,CRS03,11,238.2,59.17,1,11
STU0140,CRS04,1,108.92,92.75,0,12
STU0140,CRS04,2,72.97,89.22,0,12
STU0140,CRS04,3,91.13,77.91,0,12
STU0140,CRS04,4,140.02,79.48,0,12
STU0140,CRS04,5,28.09,69.21,0,12
STU0140,CRS04,6,62.58,65.66,0,12
STU0140,CRS04,7,32.48,70.41,0,12
STU0140,CRS05,1,99.71,45.94,0,12
STU0140,CRS05,2,72.03,50.4,0,12
STU0140,CRS05,3,186.69,41.95,0,12
STU0140,CRS05,4,168.85,64.43,0,12
STU0140,CRS05,5,240.35,56.1,0,12
STU0140,CRS05,6,37.05,47.81,0,12
STU0140,CRS05,7,150.03,33.26,0,12
STU0140,CRS05,8,91.91,62.78,0,12
STU0140,CRS05,9,168.98,59.15,0,12
STU0141,CRS01,1,64.07,69.88,0,8
STU0141,CRS01,2,31.13,71.46,0,8
STU0141,CRS01,3,46.66,70.49,0,8
STU0141,CRS01,4,89.82,68.62,0,8
STU0141,CRS01,5,15.01,58.83,0,8
STU0141,CRS02,1,33.46,94.42,0,9
STU0141,CRS02,2,37.57,94.99,0,9
STU0141,CRS02,3,54.42,73.57,0,9
STU0141,CRS03,1,92.85,43.67,0,11
STU0141,CRS03,2,110.06,58.21,0,11
STU0141,CRS03,3,62.93,49.66,0,11
STU0141,CRS03,4,63.47,61.62,0,11
STU0141,CRS03,5,70.04,48.13,0,11
STU0141,CRS04,1,66.38,72.35,0,9
STU0141,CRS04,2,182.41,100.0,0,9
STU0141,CRS04,3,67.7,96.85,0,9
STU0141,CRS04,4,42.34,79.23,0,9
STU0141,CRS04,5,252.62,96.01,0,9
STU0141,CRS04,6,45.09,60.88,0,9
STU0141,CRS04,7,256.8,88.75,0,9
STU0141,CRS04,8,50.26,88.65,0,9
STU0141,CRS04,9,82.19,97.1,1,9
STU0141,CRS05,1,147.62,100.0,0,9
STU0141,CRS05,2,85.31,77.53,0,9
STU0141,CRS05,3,35.61,85.5,0,9
STU0141,CRS05,4,120.29,74.03,0,9
STU0141,CRS05,5,70.9,67.08,0,9
STU0141,CRS05,6,56.12,81.88,0,9
STU0141,CRS05,7,141.97,76.06,0,9
STU0142,CRS01,1,85.61,81.43,0,11
STU0142,CRS01,2,68.95,78.28,0,11
STU0142,CRS01,3,123.12,75.48,0,11
STU0142,CRS01,4,141.25,91.01,0,11
STU0142,CRS01,5,76.35,67.94,0,11
STU0142,CRS01,6,25.49,63.75,0,11
STU0142,CRS01,7,108.39,56.17,0,11
STU0142,CRS01,8,32.2,65.97,0,11
STU0142,CRS01,9,90.04,52.62,0,11
STU0142,CRS01,10,108.13,83.1,0,11
STU0142,CRS02,1,63.71,80.14,0,9
STU0142,CRS02,2,28.4,83.71,0,9
STU0142,CRS02,3,16.02,73.9,0,9
STU0142,CRS02,4,96.89,49.18,0,9
STU0142,CRS02,5,59.1,73.68,0,9
STU0142,CRS03,1,209.34,100.0,0,9
STU0142,CRS03,2,33.79,79.49,0,9
STU0142,CRS03,3,90.62,87.61,0,9
STU0142,CRS03,4,166.02,100.0,0,9
STU0142,CRS03,5,40.98,76.73,0,9
STU0142,CRS03,6,95.86,90.79,0,9
STU0142,CRS03,7,46.89,76.72,0,9
STU0142,CRS04,1,219.68,86.58,0,8
STU0142,CRS04,2,207.95,66.97,0,8
STU0142,CRS04,3,180.74,73.88,0,8
STU0142,CRS04,4,118.29,48.66,0,8
STU0142,CRS04,5,60.15,72.07,0,8
STU0142,CRS04,6,208.57,85.36,0,8
STU0142,CRS04,7,219.8,55.26,0,8
STU0142,CRS04,8,69.32,50.35,1,8
STU0142,CRS05,1,23.35,47.78,0,12
STU0142,CRS05,2,109.55,57.97,0,12
STU0142,CRS05,3,165.13,64.19,0,12
STU0142,CRS05,4,167.57,68.48,0,12
STU0142,CRS05,5,80.09,36.3,0,12
STU0142,CRS05,6,62.74,50.17,0,12
STU0142,CRS05,7,66.99,42.38,0,12
STU0143,CRS01,1,113.85,100.0,0,12
STU0143,CRS01,2,142.5,97.59,0,12
STU0143,CRS01,3,153.5,80.83,0,12
STU0143,CRS01,4,214.29,100.0,0,12
STU0143,CRS01,5,143.16,84.21,0,12
STU0143,CRS01,6,197.3,100.0,0,12
STU0143,CRS01,7,224.42,100.0,0,12
STU0143,CRS01,8,145.14,84.46,0,12
STU0143,CRS01,9,255.74,100.0,0,12
STU0143,CRS01,10,199.79,92.84,0,12
STU0143,CRS01,11,177.69,100.0,0,12
STU0143,CRS01,12,51.05,100.0,1,12
STU0143,CRS02,1,172.6,69.92,0,9
STU0143,CRS02,2,88.95,76.63,0,9
STU0143,CRS02,3,81.7,61.8,0,9
STU0143,CRS02,4,192.59,68.99,0,9
STU0143,CRS02,5,186.87,66.42,0,9
STU0143,CRS02,6,147.95,62.68,0,9
STU0143,CRS03,1,117.87,72.87,0,10
STU0143,CRS03,2,126.14,64.9,0,10
STU0143,CRS03,3,50.94,58.57,0,10
STU0143,CRS03,4,98.11,67.88,0,10
STU0143,CRS03,5,127.67,63.53,0,10
STU0143,CRS04,1,67.15,52.05,0,9
STU0143,CRS04,2,52.9,65.67,0,9
STU0143,CRS04,3,100.47,61.19,0,9
STU0143,CRS04,4,27.4,35.0,0,9
STU0143,CRS04,5,101.12,48.06,0,9
STU0143,CRS04,6,91.66,37.93,0,9
STU0143,CRS04,7,31.49,43.42,0,9
STU0143,CRS04,8,34.95,53.39,0,9
STU0143,CRS04,9,32.49,53.02,1,9
STU0143,CRS05,1,122.18,76.77,0,11
STU0143,CRS05,2,103.43,87.04,0,11
STU0143,CRS05,3,41.64,69.89,0,11
STU0143,CRS05,4,123.95,76.18,0,11
STU0143,CRS05,5,144.13,73.0,0,11
STU0143,CRS05,6,93.71,87.78,0,11
STU0144,CRS01,1,106.11,74.92,0,12
STU0144,CRS01,2,147.92,82.4,0,12
STU0144,CRS01,3,71.93,72.34,0,12
STU0144,CRS01,4,206.05,64.87,0,12
STU0144,CRS01,5,84.11,53.51,0,12
STU0144,CRS01,6,120.95,59.42,0,12
STU0144,CRS01,7,193.41,60.78,0,12
STU0144,CRS01,8,45.98,54.01,0,12
STU0144,CRS01,9,92.79,35.5,0,12
STU0144,CRS01,10,183.16,56.35,0,12
STU0144,CRS01,11,136.89,59.28,0,12
STU0144,CRS02,1,81.23,81.89,0,9
STU0144,CRS02,2,32.23,43.37,0,9
STU0144,CRS02,3,40.85,55.35,0,9
STU0144,CRS02,4,97.85,66.99,0,9
STU0144,CRS02,5,89.01,65.19,0,9
STU0144,CRS02,6,68.16,54.49,0,9
STU0144,CRS02,7,23.79,56.79,0,9
STU0144,CRS02,8,72.05,54.04,0,9
STU0144,CRS02,9,57.88,55.46,1,9
STU0144,CRS03,1,97.79,80.9,0,12
STU0144,CRS03,2,56.15,63.05,0,12
STU0144,CRS03,3,46.45,72.89,0,12
STU0144,CRS03,4,17.77,51.33,0,12
STU0144,CRS04,1,54.87,93.77,0,8
STU0144,CRS04,2,97.08,80.98,0,8
STU0144,CRS04,3,81.72,98.68,0,8
STU0144,CRS04,4,128.64,83.98,0,8
STU0144,CRS05,1,237.13,57.83,0,9
STU0144,CRS05,2,83.47,60.57,0,9
STU0144,CRS05,3,238.08,52.22,0,9
STU0144,CRS05,4,224.88,50.98,0,9
STU0144,CRS05,5,174.89,49.65,0,9
STU0144,CRS05,6,139.37,53.31,0,9
STU0144,CRS05,7,255.55,51.57,0,9
STU0144,CRS05,8,197.05,25.42,0,9
STU0144,CRS05,9,38.36,22.64,1,9
STU0145,CRS01,1,60.56,64.29,0,10
STU0145,CRS01,2,82.25,85.74,0,10
STU0145,CRS01,3,88.06,71.51,0,10
STU0145,CRS01,4,75.05,74.17,0,10
STU0145,CRS02,1,115.27,52.45,0,12
STU0145,CRS02,2,22.45,49.7,0,12
STU0145,CRS02,3,23.67,63.78,0,12
STU0145,CRS02,4,31.94,50.97,0,12
STU0145,CRS02,5,65.05,54.13,0,12
STU0145,CRS02,6,104.0,51.9,0,12
STU0145,CRS02,7,118.46,54.24,0,12
STU0145,CRS03,1,117.28,53.22,0,11
STU0145,CRS03,2,186.57,56.2,0,11
STU0145,CRS03,3,164.5,31.98,0,11
STU0145,CRS03,4,165.14,32.66,0,11
STU0145,CRS03,5,67.9,43.76,0,11
STU0145,CRS03,6,35.48,36.75,0,11
STU0145,CRS03,7,38.72,29.54,0,11
STU0145,CRS03,8,43.21,31.56,0,11
STU0145,CRS03,9,76.64,47.31,0,11
STU0145,CRS03,10,143.32,42.91,0,11
STU0145,CRS03,11,186.81,51.28,1,11
STU0145,CRS04,1,75.88,62.13,0,8
STU0145,CRS04,2,65.24,47.14,0,8
STU0145,CRS04,3,33.32,41.54,0,8
STU0145,CRS04,4,86.15,61.32,0,8
STU0145,CRS05,1,44.36,78.92,0,8
STU0145,CRS05,2,113.44,78.61,0,8
STU0145,CRS05,3,137.96,85.84,0,8
STU0145,CRS05,4,55.04,95.16,0,8
STU0146,CRS01,1,32.86,79.99,0,9
STU0146,CRS01,2,65.44,59.54,0,9
STU0146,CRS01,3,86.13,64.79,0,9
STU0146,CRS01,4,38.37,72.6,0,9
STU0146,CRS01,5,38.07,65.54,0,9
STU0146,CRS01,6,34.91,58.3,0,9
STU0146,CRS02,1,92.26,39.68,0,8
STU0146,CRS02,2,73.44,32.22,0,8
STU0146,CRS02,3,143.39,64.54,0,8
STU0146,CRS02,4,95.55,40.1,0,8
STU0146,CRS03,1,87.7,100.0,0,11
STU0146,CRS03,2,52.73,81.32,0,11
STU0146,CRS03,3,78.67,97.59,0,11
STU0146,CRS03,4,67.85,90.0,0,11
STU0146,CRS04,1,109.5,85.01,0,10
STU0146,CRS04,2,41.08,100.0,0,10
STU0146,CRS04,3,123.53,100.0,0,10
STU0146,CRS04,4,17.27,58.89,0,10
STU0146,CRS04,5,121.97,97.85,0,10
STU0146,CRS04,6,123.0,100.0,0,10
STU0146,CRS04,7,107.87,90.73,0,10
STU0146,CRS04,8,40.95,81.02,0,10
STU0146,CRS05,1,178.71,60.47,0,9
STU0146,CRS05,2,167.04,84.99,0,9
STU0146,CRS05,3,48.32,58.56,0,9
STU0146,CRS05,4,58.66,50.33,0,9
STU0147,CRS01,1,121.99,70.65,0,11
STU0147,CRS01,2,22.92,50.89,0,11
STU0147,CRS01,3,43.29,73.61,0,11
STU0147,CRS01,4,72.14,55.06,0,11
STU0147,CRS01,5,55.77,74.44,0,11
STU0147,CRS01,6,44.39,80.73,0,11
STU0147,CRS01,7,132.26,61.71,0,11
STU0147,CRS02,1,101.21,37.25,0,12
STU0147,CRS02,2,146.38,40.28,0,12
STU0147,CRS02,3,52.85,35.59,0,12
STU0147,CRS02,4,131.47,61.8,0,12
STU0147,CRS02,5,44.31,45.23,0,12
STU0147,CRS02,6,34.0,44.96,0,12
STU0147,CRS03,1,66.66,38.65,0,12
STU0147,CRS03,2,58.58,44.36,0,12
STU0147,CRS03,3,41.68,23.67,0,12
STU0147,CRS04,1,203.8,85.75,0,10
STU0147,CRS04,2,142.09,63.82,0,10
STU0147,CRS04,3,217.62,75.3,0,10
STU0147,CRS04,4,94.08,73.91,0,10
STU0147,CRS04,5,269.27,91.55,0,10
STU0147,CRS04,6,275.56,89.04,0,10
STU0147,CRS04,7,42.81,52.98,0,10
STU0147,CRS04,8,227.94,70.3,0,10
STU0147,CRS04,9,59.03,56.44,0,10
STU0147,CRS04,10,172.8,76.7,1,10
STU0147,CRS05,1,150.71,87.69,0,9
STU0147,CRS05,2,197.21,45.65,0,9
STU0147,CRS05,3,109.67,57.83,0,9
STU0147,CRS05,4,155.08,41.53,0,9
STU0147,CRS05,5,132.71,53.77,0,9
STU0147,CRS05,6,200.95,61.48,0,9
STU0148,CRS01,1,93.02,45.73,0,12
STU0148,CRS01,2,182.52,58.05,0,12
STU0148,CRS01,3,209.57,63.78,0,12
STU0148,CRS01,4,249.69,38.22,0,12
STU0148,CRS01,5,132.89,53.27,0,12
STU0148,CRS01,6,74.16,58.45,0,12
STU0148,CRS01,7,110.02,46.16,0,12
STU0148,CRS01,8,219.83,51.87,0,12
STU0148,CRS01,9,234.04,57.52,0,12
STU0148,CRS01,10,208.73,62.04,0,12
STU0148,CRS01,11,72.58,51.54,0,12
STU0148,CRS01,12,157.45,62.3,1,12
STU0148,CRS02,1,107.6,87.04,0,8
STU0148,CRS02,2,26.11,93.62,0,8
STU0148,CRS02,3,47.73,100.0,0,8
STU0148,CRS02,4,157.78,100.0,0,8
STU0148,CRS03,1,36.9,92.58,0,11
STU0148,CRS03,2,21.51,91.58,0,11
STU0148,CRS03,3,89.03,87.92,0,11
STU0148,CRS03,4,53.95,86.99,0,11
STU0148,CRS03,5,97.66,89.04,0,11
STU0148,CRS03,6,22.58,93.12,0,11
STU0148,CRS03,7,112.85,100.0,0,11
STU0148,CRS03,8,78.45,85.55,0,11
STU0148,CRS03,9,80.66,100.0,0,11
STU0148,CRS03,10,70.58,100.0,0,11
STU0148,CRS03,11,120.89,78.82,1,11
STU0148,CRS04,1,160.21,72.73,0,10
STU0148,CRS04,2,157.68,74.82,0,10
STU0148,CRS04,3,60.06,65.98,0,10
STU0148,CRS04,4,29.81,37.91,0,10
STU0148,CRS04,5,204.25,73.17,0,10
STU0148,CRS04,6,226.4,67.88,0,10
STU0148,CRS04,7,116.91,72.07,0,10
STU0148,CRS04,8,137.52,78.98,0,10
STU0148,CRS04,9,220.48,84.69,0,10
STU0148,CRS04,10,74.51,43.76,1,10
STU0148,CRS05,1,69.92,81.12,0,11
STU0148,CRS05,2,148.77,97.77,0,11
STU0148,CRS05,3,175.6,100.0,0,11
STU0148,CRS05,4,183.47,100.0,0,11
STU0148,CRS05,5,74.86,90.95,0,11
STU0148,CRS05,6,236.92,100.0,0,11
STU0148,CRS05,7,142.7,89.02,0,11
STU0148,CRS05,8,191.91,100.0,0,11
STU0148,CRS05,9,61.23,83.58,0,11
STU0148,CRS05,10,102.51,100.0,0,11
STU0149,CRS01,1,150.11,100.0,0,8
STU0149,CRS01,2,93.86,81.32,0,8
STU0149,CRS01,3,43.69,66.32,0,8
STU0149,CRS01,4,82.02,70.35,0,8
STU0149,CRS01,5,195.65,69.87,0,8
STU0149,CRS01,6,112.83,60.33,0,8
STU0149,CRS01,7,87.57,77.42,0,8
STU0149,CRS01,8,118.82,64.22,1,8
STU0149,CRS02,1,251.43,86.25,0,12
STU0149,CRS02,2,196.65,91.68,0,12
STU0149,CRS02,3,178.43,89.48,0,12
STU0149,CRS02,4,125.31,94.43,0,12
STU0149,CRS02,5,98.39,69.97,0,12
STU0149,CRS02,6,267.83,100.0,0,12
STU0149,CRS02,7,72.01,80.77,0,12
STU0149,CRS02,8,279.64,90.57,0,12
STU0149,CRS02,9,181.6,93.25,0,12
STU0149,CRS02,10,133.57,97.22,0,12
STU0149,CRS02,11,202.08,98.82,0,12
STU0149,CRS02,12,166.42,83.98,1,12
STU0149,CRS03,1,123.72,100.0,0,11
STU0149,CRS03,2,74.7,78.59,0,11
STU0149,CRS03,3,96.0,84.49,0,11
STU0149,CRS03,4,98.37,84.49,0,11
STU0149,CRS03,5,91.41,75.28,0,11
STU0149,CRS03,6,127.15,72.79,0,11
STU0149,CRS03,7,136.27,74.35,0,11
STU0149,CRS04,1,53.63,75.91,0,9
STU0149,CRS04,2,89.16,75.83,0,9
STU0149,CRS04,3,61.86,84.28,0,9
STU0149,CRS04,4,87.04,55.78,0,9
STU0149,CRS04,5,209.47,92.87,0,9
STU0149,CRS04,6,225.29,100.0,0,9
STU0149,CRS05,1,167.87,51.41,0,8
STU0149,CRS05,2,92.42,41.48,0,8
STU0149,CRS05,3,148.42,46.5,0,8
STU0150,CRS01,1,43.8,72.81,0,11
STU0150,CRS01,2,75.18,93.32,0,11
STU0150,CRS01,3,36.2,66.43,0,11
STU0150,CRS01,4,43.39,63.45,0,11
STU0150,CRS01,5,16.86,44.94,0,11
STU0150,CRS01,6,52.58,72.66,0,11
STU0150,CRS01,7,100.44,80.83,0,11
STU0150,CRS01,8,65.82,61.41,0,11
STU0150,CRS01,9,25.17,35.64,0,11
STU0150,CRS02,1,87.47,55.75,0,9
STU0150,CRS02,2,164.32,56.9,0,9
STU0150,CRS02,3,76.36,60.59,0,9
STU0150,CRS02,4,47.15,47.82,0,9
STU0150,CRS02,5,102.33,47.2,0,9
STU0150,CRS02,6,85.03,50.98,0,9
STU0150,CRS02,7,172.38,58.35,0,9
STU0150,CRS02,8,83.15,60.9,0,9
STU0150,CRS03,1,148.03,95.26,0,8
STU0150,CRS03,2,25.4,63.0,0,8
STU0150,CRS03,3,104.46,91.5,0,8
STU0150,CRS03,4,140.84,88.21,0,8
STU0150,CRS03,5,69.69,77.47,0,8
STU0150,CRS03,6,164.33,79.5,0,8
STU0150,CRS03,7,102.91,75.05,0,8
STU0150,CRS03,8,134.11,88.02,1,8
STU0150,CRS04,1,68.72,30.75,0,9
STU0150,CRS04,2,65.16,54.49,0,9
STU0150,CRS04,3,175.29,59.5,0,9
STU0150,CRS04,4,181.26,47.69,0,9
STU0150,CRS04,5,74.54,31.13,0,9
STU0150,CRS04,6,305.37,42.0,0,9
STU0150,CRS04,7,292.63,68.39,0,9
STU0150,CRS04,8,168.62,63.26,0,9
STU0150,CRS04,9,70.29,30.01,1,9
STU0150,CRS05,1,119.46,65.4,0,9
STU0151,CRS01,1,16.73,75.65,0,10
STU0151,CRS01,2,92.62,81.69,0,10
STU0151,CRS01,3,103.71,100.0,0,10
STU0151,CRS01,4,21.43,83.11,0,10
STU0151,CRS02,1,29.29,51.08,0,12
STU0151,CRS02,2,60.28,31.28,0,12
STU0151,CRS02,3,77.38,64.33,0,12
STU0151,CRS02,4,12.12,37.34,0,12
STU0151,CRS02,5,56.29,52.92,0,12
STU0151,CRS02,6,17.89,30.37,0,12
STU0151,CRS02,7,22.78,50.56,0,12
STU0151,CRS03,1,27.65,69.73,0,9
STU0151,CRS03,2,106.37,58.03,0,9
STU0151,CRS03,3,93.0,67.0,0,9
STU0151,CRS03,4,44.66,39.99,0,9
STU0151,CRS03,5,26.25,53.29,0,9
STU0151,CRS03,6,37.06,46.5,0,9
STU0151,CRS03,7,52.96,62.38,0,9
STU0151,CRS04,1,101.04,64.78,0,10
STU0151,CRS04,2,260.02,99.04,0,10
STU0151,CRS04,3,77.76,64.61,0,10
STU0151,CRS04,4,161.36,85.24,0,10
STU0151,CRS04,5,199.47,77.84,0,10
STU0151,CRS04,6,44.38,78.1,0,10
STU0151,CRS04,7,185.51,70.9,0,10
STU0151,CRS04,8,238.13,85.07,0,10
STU0151,CRS04,9,107.61,75.75,0,10
STU0151,CRS04,10,83.12,57.26,1,10
STU0151,CRS05,1,215.59,82.59,0,8
STU0151,CRS05,2,108.15,64.88,0,8
STU0151,CRS05,3,222.6,73.17,0,8
STU0151,CRS05,4,90.99,68.93,0,8
STU0151,CRS05,5,104.67,72.76,0,8
STU0151,CRS05,6,220.85,97.43,0,8
STU0151,CRS05,7,181.76,78.25,0,8
STU0151,CRS05,8,116.36,61.27,1,8
STU0152,CRS01,1,94.92,53.87,0,11
STU0152,CRS01,2,178.7,79.33,0,11
STU0152,CRS01,3,73.53,57.77,0,11
STU0152,CRS01,4,26.39,42.62,0,11
STU0152,CRS01,5,54.31,48.5,0,11
STU0152,CRS01,6,96.51,48.27,0,11
STU0152,CRS01,7,60.01,47.41,0,11
STU0152,CRS01,8,176.57,74.57,0,11
STU0152,CRS02,1,146.69,93.12,0,10
STU0152,CRS02,2,39.86,82.99,0,10
STU0152,CRS03,1,151.5,60.24,0,9
STU0152,CRS03,2,88.25,55.85,0,9
STU0152,CRS03,3,100.87,54.65,0,9
STU0152,CRS03,4,40.1,27.97,0,9
STU0152,CRS03,5,120.23,60.66,0,9
STU0152,CRS04,1,134.66,31.74,0,12
STU0152,CRS04,2,80.96,46.55,0,12
STU0152,CRS04,3,120.9,54.1,0,12
STU0152,CRS04,4,88.21,54.72,0,12
STU0152,CRS04,5,84.94,42.27,0,12
STU0152,CRS04,6,125.35,21.05,0,12
STU0152,CRS04,7,78.3,22.72,0,12
STU0152,CRS04,8,91.44,29.2,0,12
STU0152,CRS04,9,131.77,48.03,0,12
STU0152,CRS04,10,123.81,49.46,0,12
STU0152,CRS04,11,46.74,36.59,0,12
STU0152,CRS04,12,90.83,33.34,1,12
STU0152,CRS05,1,89.44,90.23,0,12
STU0152,CRS05,2,78.48,64.18,0,12
STU0152,CRS05,3,21.61,52.67,0,12
STU0152,CRS05,4,176.39,84.02,0,12
STU0152,CRS05,5,95.29,72.24,0,12
STU0152,CRS05,6,64.37,76.02,0,12
STU0152,CRS05,7,144.5,82.04,0,12
STU0152,CRS05,8,126.14,85.66,0,12
STU0152,CRS05,9,149.43,81.79,0,12
STU0152,CRS05,10,190.61,69.77,0,12
STU0152,CRS05,11,170.06,77.4,0,12
STU0152,CRS05,12,138.17,73.81,1,12
STU0153,CRS01,1,198.66,71.37,0,10
STU0153,CRS01,2,125.4,57.48,0,10
STU0153,CRS01,3,77.92,59.75,0,10
STU0153,CRS02,1,35.3,75.48,0,12
STU0153,CRS02,2,101.21,76.66,0,12
STU0153,CRS02,3,179.85,64.54,0,12
STU0153,CRS02,4,90.39,76.21,0,12
STU0153,CRS02,5,96.8,66.0,0,12
STU0153,CRS02,6,203.42,77.87,0,12
STU0153,CRS02,7,190.49,61.46,0,12
STU0153,CRS02,8,182.84,73.16,0,12
STU0153,CRS02,9,150.28,68.7,0,12
STU0153,CRS02,10,96.5,78.99,0,12
STU0153,CRS02,11,70.53,59.66,0,12
STU0153,CRS02,12,117.29,63.74,1,12
STU0153,CRS03,1,113.53,48.68,0,10
STU0153,CRS03,2,162.8,50.52,0,10
STU0153,CRS03,3,201.7,52.64,0,10
STU0153,CRS03,4,156.31,53.45,0,10
STU0153,CRS03,5,139.35,23.15,0,10
STU0153,CRS03,6,39.48,24.71,0,10
STU0153,CRS03,7,57.67,15.36,0,10
STU0153,CRS04,1,114.29,78.51,0,10
STU0153,CRS04,2,132.03,71.64,0,10
STU0153,CRS04,3,55.9,60.03,0,10
STU0153,CRS04,4,137.66,72.16,0,10
STU0153,CRS04,5,45.7,61.28,0,10
STU0153,CRS04,6,109.39,56.24,0,10
STU0153,CRS04,7,41.08,67.48,0,10
STU0153,CRS04,8,80.64,69.14,0,10
STU0153,CRS04,9,50.0,53.74,0,10
STU0153,CRS04,10,34.82,47.34,1,10
STU0153,CRS05,1,40.71,54.2,0,12
STU0153,CRS05,2,41.44,46.37,0,12
STU0153,CRS05,3,63.96,49.6,0,12
STU0153,CRS05,4,99.38,55.27,0,12
STU0153,CRS05,5,96.82,45.54,0,12
STU0153,CRS05,6,87.71,60.03,0,12
STU0153,CRS05,7,81.17,45.96,0,12
STU0154,CRS01,1,41.09,79.23,0,10
STU0154,CRS01,2,21.39,80.46,0,10
STU0154,CRS01,3,82.92,61.55,0,10
STU0154,CRS01,4,53.41,60.02,0,10
STU0154,CRS01,5,88.88,74.54,0,10
STU0154,CRS01,6,62.34,72.76,0,10
STU0154,CRS02,1,17.11,38.56,0,9
STU0154,CRS02,2,32.94,63.63,0,9
STU0154,CRS02,3,79.42,62.17,0,9
STU0154,CRS02,4,85.72,57.87,0,9
STU0154,CRS03,1,32.14,41.72,0,11
STU0154,CRS03,2,102.39,54.68,0,11
STU0154,CRS03,3,101.59,35.89,0,11
STU0154,CRS03,4,66.57,52.81,0,11
STU0154,CRS03,5,38.98,25.49,0,11
STU0154,CRS03,6,22.9,34.62,0,11
STU0154,CRS04,1,114.85,89.79,0,12
STU0154,CRS04,2,150.26,92.24,0,12
STU0154,CRS04,3,135.68,80.32,0,12
STU0154,CRS04,4,66.66,68.05,0,12
STU0154,CRS04,5,224.93,79.3,0,12
STU0154,CRS04,6,190.78,83.11,0,12
STU0154,CRS04,7,120.76,71.79,0,12
STU0154,CRS04,8,178.03,78.02,0,12
STU0154,CRS04,9,94.71,76.25,0,12
STU0154,CRS04,10,254.42,93.02,0,12
STU0154,CRS04,11,56.23,69.06,0,12
STU0154,CRS04,12,202.53,92.46,1,12
STU0154,CRS05,1,24.31,74.37,0,9
STU0154,CRS05,2,107.77,73.99,0,9
STU0154,CRS05,3,48.56,69.17,0,9
STU0154,CRS05,4,99.79,88.12,0,9
STU0154,CRS05,5,121.29,94.89,0,9
STU0154,CRS05,6,108.2,88.15,0,9
STU0155,CRS01,1,106.88,38.1,0,12
STU0155,CRS01,2,30.13,58.25,0,12
STU0155,CRS01,3,25.69,45.37,0,12
STU0155,CRS01,4,109.34,52.57,0,12
STU0155,CRS01,5,98.45,33.18,0,12
STU0155,CRS01,6,126.68,43.23,0,12
STU0155,CRS01,7,19.71,14.89,0,12
STU0155,CRS01,8,70.28,46.49,0,12
STU0155,CRS01,9,28.14,36.21,0,12
STU0155,CRS01,10,24.49,26.09,0,12
STU0155,CRS01,11,146.83,49.35,0,12
STU0155,CRS02,1,85.56,66.73,0,11
STU0155,CRS02,2,201.0,90.3,0,11
STU0155,CRS02,3,125.14,98.08,0,11
STU0155,CRS02,4,155.56,81.46,0,11
STU0155,CRS02,5,130.27,76.27,0,11
STU0155,CRS02,6,243.23,78.43,0,11
STU0155,CRS02,7,156.08,67.82,0,11
STU0155,CRS02,8,45.59,72.46,0,11
STU0155,CRS02,9,187.77,79.21,0,11
STU0155,CRS02,10,104.64,71.98,0,11
STU0155,CRS03,1,95.33,63.78,0,12
STU0155,CRS03,2,85.17,55.14,0,12
STU0155,CRS03,3,86.14,54.45,0,12
STU0155,CRS03,4,21.74,38.39,0,12
STU0155,CRS03,5,70.05,43.47,0,12
STU0155,CRS03,6,91.83,37.37,0,12
STU0155,CRS04,1,90.15,69.27,0,10
STU0155,CRS04,2,196.79,55.25,0,10
STU0155,CRS04,3,123.35,59.2,0,10
STU0155,CRS04,4,148.54,47.4,0,10
STU0155,CRS04,5,289.88,65.66,0,10
STU0155,CRS04,6,263.85,58.04,0,10
STU0155,CRS04,7,118.9,66.08,0,10
STU0155,CRS04,8,170.74,66.97,0,10
STU0155,CRS04,9,88.99,62.89,0,10
STU0155,CRS04,10,50.07,41.46,1,10
STU0155,CRS05,1,180.06,79.84,0,10
STU0155,CRS05,2,192.34,95.76,0,10
STU0155,CRS05,3,124.91,83.22,0,10
STU0155,CRS05,4,169.81,92.2,0,10
STU0155,CRS05,5,198.52,100.0,0,10
STU0155,CRS05,6,87.53,82.26,0,10
STU0155,CRS05,7,110.5,69.5,0,10
STU0155,CRS05,8,147.64,89.16,0,10
STU0155,CRS05,9,52.34,86.48,0,10
STU0155,CRS05,10,204.81,72.9,1,10
STU0156,CRS01,1,133.65,49.26,0,8
STU0156,CRS02,1,98.28,100.0,0,12
STU0156,CRS02,2,26.28,89.58,0,12
STU0156,CRS02,3,27.13,73.83,0,12
STU0156,CRS02,4,64.23,84.64,0,12
STU0156,CRS02,5,81.94,93.52,0,12
STU0156,CRS02,6,76.51,93.36,0,12
STU0156,CRS02,7,51.92,80.21,0,12
STU0156,CRS02,8,85.94,94.78,0,12
STU0156,CRS02,9,106.01,90.42,0,12
STU0156,CRS02,10,48.72,73.9,0,12
STU0156,CRS03,1,229.04,89.86,0,12
STU0156,CRS03,2,82.69,68.45,0,12
STU0156,CRS03,3,32.1,59.18,0,12
STU0156,CRS03,4,220.51,75.25,0,12
STU0156,CRS03,5,214.76,93.56,0,12
STU0156,CRS03,6,84.15,87.01,0,12
STU0156,CRS03,7,210.45,83.36,0,12
STU0156,CRS03,8,235.81,76.57,0,12
STU0156,CRS03,9,153.36,75.9,0,12
STU0156,CRS03,10,48.28,64.68,0,12
STU0156,CRS03,11,39.22,76.16,0,12
STU0156,CRS03,12,202.88,71.28,1,12
STU0156,CRS04,1,135.35,56.72,0,12
STU0156,CRS04,2,57.22,62.26,0,12
STU0156,CRS04,3,89.6,53.88,0,12
STU0156,CRS04,4,167.64,65.15,0,12
STU0156,CRS04,5,136.0,33.81,0,12
STU0156,CRS04,6,150.53,47.9,0,12
STU0156,CRS04,7,133.5,49.94,0,12
STU0156,CRS04,8,206.38,61.91,0,12
STU0156,CRS05,1,88.96,100.0,0,11
STU0156,CRS05,2,148.14,87.89,0,11
STU0156,CRS05,3,136.03,73.55,0,11
STU0156,CRS05,4,70.7,65.69,0,11
STU0156,CRS05,5,55.78,84.15,0,11
STU0156,CRS05,6,151.19,89.37,0,11
STU0156,CRS05,7,79.84,94.4,0,11
STU0156,CRS05,8,164.05,80.14,0,11
STU0156,CRS05,9,38.93,65.88,0,11
STU0156,CRS05,10,161.99,88.15,0,11
STU0156,CRS05,11,36.68,76.49,1,11
STU0157,CRS01,1,121.0,85.99,0,9
STU0157,CRS01,2,127.17,74.29,0,9
STU0157,CRS01,3,234.31,66.64,0,9
STU0157,CRS01,4,87.03,59.67,0,9
STU0157,CRS01,5,176.24,65.98,0,9
STU0157,CRS01,6,198.45,80.74,0,9
STU0157,CRS01,7,45.26,60.31,0,9
STU0157,CRS01,8,51.0,53.18,0,9
STU0157,CRS01,9,219.67,86.46,1,9
STU0157,CRS02,1,162.12,91.69,0,9
STU0157,CRS02,2,117.9,74.74,0,9
STU0157,CRS02,3,91.53,96.13,0,9
STU0157,CRS02,4,122.45,82.4,0,9
STU0157,CRS02,5,151.85,92.22,0,9
STU0157,CRS02,6,146.78,90.23,0,9
STU0157,CRS02,7,239.64,92.06,0,9
STU0157,CRS02,8,147.21,96.3,0,9
STU0157,CRS02,9,275.62,94.76,1,9
STU0157,CRS03,1,136.09,47.53,0,10
STU0157,CRS03,2,54.96,62.61,0,10
STU0157,CRS03,3,60.98,45.1,0,10
STU0157,CRS03,4,67.28,44.51,0,10
STU0157,CRS03,5,43.2,51.61,0,10
STU0157,CRS03,6,200.38,54.59,0,10
STU0157,CRS03,7,160.65,72.48,0,10
STU0157,CRS03,8,57.36,65.87,0,10
STU0157,CRS03,9,109.59,66.52,0,10
STU0157,CRS04,1,105.72,17.12,0,11
STU0157,CRS04,2,22.54,51.0,0,11
STU0157,CRS05,1,122.59,100.0,0,11
STU0157,CRS05,2,157.51,87.67,0,11
STU0157,CRS05,3,218.72,100.0,0,11
STU0157,CRS05,4,225.4,100.0,0,11
STU0157,CRS05,5,108.17,93.18,0,11
STU0157,CRS05,6,215.75,100.0,0,11
STU0157,CRS05,7,127.7,100.0,0,11
STU0158,CRS01,1,190.6,81.52,0,9
STU0158,CRS01,2,68.7,40.97,0,9
STU0158,CRS02,1,126.26,55.77,0,11
STU0158,CRS02,2,171.34,91.57,0,11
STU0158,CRS02,3,104.63,76.83,0,11
STU0158,CRS02,4,152.45,63.77,0,11
STU0158,CRS02,5,43.5,59.82,0,11
STU0158,CRS02,6,125.13,74.86,0,11
STU0158,CRS02,7,59.53,78.69,0,11
STU0158,CRS03,1,99.65,32.02,0,12
STU0158,CRS03,2,144.15,45.11,0,12
STU0158,CRS03,3,122.71,38.5,0,12
STU0158,CRS04,1,139.56,99.1,0,8
STU0158,CRS04,2,211.43,97.83,0,8
STU0158,CRS04,3,194.95,100.0,0,8
STU0158,CRS04,4,172.68,100.0,0,8
STU0158,CRS04,5,117.24,78.99,0,8
STU0158,CRS04,6,73.93,77.53,0,8
STU0158,CRS05,1,160.22,100.0,0,8
STU0158,CRS05,2,171.57,100.0,0,8
STU0158,CRS05,3,85.34,90.23,0,8
STU0158,CRS05,4,89.05,77.46,0,8
STU0158,CRS05,5,190.85,100.0,0,8
STU0158,CRS05,6,121.87,100.0,0,8
STU0158,CRS05,7,42.61,81.95,0,8
STU0158,CRS05,8,225.34,88.43,1,8
STU0159,CRS01,1,178.97,81.81,0,9
STU0159,CRS01,2,60.89,45.39,0,9
STU0159,CRS01,3,176.72,64.72,0,9
STU0159,CRS01,4,177.12,41.15,0,9
STU0159,CRS01,5,58.61,39.91,0,9
STU0159,CRS01,6,245.89,39.23,0,9
STU0159,CRS01,7,203.4,60.73,0,9
STU0159,CRS01,8,271.99,62.77,0,9
STU0159,CRS01,9,275.72,68.6,1,9
STU0159,CRS02,1,68.97,53.88,0,8
STU0159,CRS02,2,123.57,47.14,0,8
STU0159,CRS02,3,38.38,31.13,0,8
STU0159,CRS03,1,64.7,86.51,0,12
STU0159,CRS03,2,34.71,67.34,0,12
STU0159,CRS03,3,50.01,82.55,0,12
STU0159,CRS03,4,46.38,68.99,0,12
STU0159,CRS03,5,150.71,100.0,0,12
STU0159,CRS03,6,28.42,66.5,0,12
STU0159,CRS03,7,102.32,88.23,0,12
STU0159,CRS04,1,50.54,37.17,0,9
STU0159,CRS04,2,97.45,66.38,0,9
STU0159,CRS04,3,112.01,43.13,0,9
STU0159,CRS04,4,141.57,38.3,0,9
STU0159,CRS04,5,127.49,51.13,0,9
STU0159,CRS04,6,168.47,58.34,0,9
STU0159,CRS05,1,128.77,99.86,0,8
STU0159,CRS05,2,79.69,99.98,0,8
STU0159,CRS05,3,198.78,100.0,0,8
STU0159,CRS05,4,105.43,100.0,0,8
STU0159,CRS05,5,71.52,89.32,0,8
STU0159,CRS05,6,123.26,95.54,0,8
STU0160,CRS01,1,106.05,84.05,0,9
STU0160,CRS01,2,60.99,72.14,0,9
STU0160,CRS01,3,99.91,100.0,0,9
STU0160,CRS01,4,136.46,72.43,0,9
STU0160,CRS01,5,21.44,81.15,0,9
STU0160,CRS01,6,80.34,63.78,0,9
STU0160,CRS01,7,22.68,77.88,0,9
STU0160,CRS01,8,137.84,95.06,0,9
STU0160,CRS01,9,114.5,87.13,1,9
STU0160,CRS02,1,76.61,70.35,0,12
STU0160,CRS02,2,48.14,89.67,0,12
STU0160,CRS02,3,54.42,66.82,0,12
STU0160,CRS03,1,37.81,90.95,0,10
STU0160,CRS03,2,149.22,73.48,0,10
STU0160,CRS03,3,72.21,100.0,0,10
STU0160,CRS04,1,159.04,97.08,0,12
STU0160,CRS04,2,153.58,82.16,0,12
STU0160,CRS04,3,26.83,95.4,0,12
STU0160,CRS04,4,38.54,84.16,0,12
STU0160,CRS04,5,137.31,100.0,0,12
STU0160,CRS05,1,175.51,80.68,0,10
STU0160,CRS05,2,224.0,100.0,0,10
STU0160,CRS05,3,140.19,68.91,0,10
STU0160,CRS05,4,28.16,70.49,0,10
STU0160,CRS05,5,231.1,66.16,0,10
STU0160,CRS05,6,137.35,75.01,0,10
STU0160,CRS05,7,29.62,78.98,0,10
STU0160,CRS05,8,62.24,66.22,0,10
STU0160,CRS05,9,142.29,95.29,0,10
STU0160,CRS05,10,256.32,100.0,1,10
STU0161,CRS01,1,233.14,68.44,0,8
STU0161,CRS01,2,39.66,33.24,0,8
STU0161,CRS01,3,204.66,75.73,0,8
STU0161,CRS01,4,115.3,59.3,0,8
STU0161,CRS01,5,86.47,31.86,0,8
STU0161,CRS01,6,210.1,70.22,0,8
STU0161,CRS01,7,71.76,51.25,0,8
STU0161,CRS01,8,249.49,62.05,1,8
STU0161,CRS02,1,96.59,55.86,0,9
STU0161,CRS02,2,115.34,57.47,0,9
STU0161,CRS02,3,113.96,60.29,0,9
STU0161,CRS02,4,220.59,61.38,0,9
STU0161,CRS02,5,142.89,65.56,0,9
STU0161,CRS03,1,151.73,31.25,0,10
STU0161,CRS03,2,98.3,29.91,0,10
STU0161,CRS03,3,101.27,42.96,0,10
STU0161,CRS04,1,31.59,54.02,0,11
STU0161,CRS04,2,68.18,59.07,0,11
STU0161,CRS04,3,236.63,68.84,0,11
STU0161,CRS04,4,254.75,79.81,0,11
STU0161,CRS04,5,179.67,60.93,0,11
STU0161,CRS04,6,194.39,66.92,0,11
STU0161,CRS04,7,57.43,41.26,0,11
STU0161,CRS04,8,222.16,47.86,0,11
STU0161,CRS04,9,279.22,71.77,0,11
STU0161,CRS04,10,59.84,74.19,0,11
STU0161,CRS05,1,21.4,49.8,0,8
STU0161,CRS05,2,54.89,69.45,0,8
STU0161,CRS05,3,115.75,81.11,0,8
STU0162,CRS01,1,13.82,53.67,0,8
STU0162,CRS01,2,60.47,56.31,0,8
STU0162,CRS01,3,69.19,58.42,0,8
STU0162,CRS01,4,94.77,58.12,0,8
STU0162,CRS01,5,19.81,52.31,0,8
STU0162,CRS02,1,81.91,39.87,0,12
STU0162,CRS02,2,184.72,64.12,0,12
STU0162,CRS02,3,161.12,53.43,0,12
STU0162,CRS02,4,146.32,56.52,0,12
STU0162,CRS02,5,74.39,43.67,0,12
STU0162,CRS02,6,84.1,36.04,0,12
STU0162,CRS02,7,83.76,40.96,0,12
STU0162,CRS02,8,216.15,50.98,0,12
STU0162,CRS02,9,217.81,57.33,0,12
STU0162,CRS03,1,78.38,86.61,0,9
STU0162,CRS03,2,142.2,87.3,0,9
STU0162,CRS03,3,55.81,50.72,0,9
STU0162,CRS03,4,225.06,68.55,0,9
STU0162,CRS03,5,195.36,73.56,0,9
STU0162,CRS03,6,46.66,69.45,0,9
STU0162,CRS03,7,70.25,75.77,0,9
STU0162,CRS03,8,94.45,50.61,0,9
STU0162,CRS03,9,211.17,76.1,1,9
STU0162,CRS04,1,106.25,74.32,0,8
STU0162,CRS04,2,22.69,87.92,0,8
STU0162,CRS04,3,51.96,75.34,0,8
STU0162,CRS04,4,149.98,95.0,0,8
STU0162,CRS04,5,108.96,90.6,0,8
STU0162,CRS05,1,172.12,78.96,0,8
STU0162,CRS05,2,220.13,82.54,0,8
STU0162,CRS05,3,38.07,45.51,0,8
STU0162,CRS05,4,155.3,73.37,0,8
STU0162,CRS05,5,181.52,73.86,0,8
STU0162,CRS05,6,122.11,72.05,0,8
STU0162,CRS05,7,167.0,62.38,0,8
STU0162,CRS05,8,201.99,58.28,1,8
STU0163,CRS01,1,101.11,62.31,0,8
STU0163,CRS01,2,104.06,49.05,0,8
STU0163,CRS01,3,155.06,68.6,0,8
STU0163,CRS01,4,153.48,48.13,0,8
STU0163,CRS01,5,56.65,47.74,0,8
STU0163,CRS02,1,181.79,85.33,0,12
STU0163,CRS02,2,75.43,79.8,0,12
STU0163,CRS02,3,213.99,82.38,0,12
STU0163,CRS02,4,144.5,91.07,0,12
STU0163,CRS02,5,132.25,85.65,0,12
STU0163,CRS02,6,47.19,70.11,0,12
STU0163,CRS02,7,71.93,59.59,0,12
STU0163,CRS02,8,264.1,78.03,0,12
STU0163,CRS02,9,105.05,59.23,0,12
STU0163,CRS02,10,140.47,74.42,0,12
STU0163,CRS02,11,254.44,63.16,0,12
STU0163,CRS02,12,124.92,64.82,1,12
STU0163,CRS03,1,109.3,47.32,0,8
STU0163,CRS03,2,147.02,40.85,0,8
STU0163,CRS03,3,59.69,45.7,0,8
STU0163,CRS03,4,78.96,36.1,0,8
STU0163,CRS03,5,218.83,33.22,0,8
STU0163,CRS03,6,165.66,54.27,0,8
STU0163,CRS03,7,43.47,15.34,0,8
STU0163,CRS03,8,259.92,39.49,1,8
STU0163,CRS04,1,45.32,40.74,0,12
STU0163,CRS04,2,79.26,35.2,0,12
STU0163,CRS04,3,127.36,52.02,0,12
STU0163,CRS04,4,127.28,53.43,0,12
STU0163,CRS04,5,157.17,55.88,0,12
STU0163,CRS05,1,54.05,49.45,0,11
STU0163,CRS05,2,124.83,55.12,0,11
STU0164,CRS01,1,74.54,100.0,0,12
STU0164,CRS01,2,126.24,100.0,0,12
STU0164,CRS01,3,109.09,100.0,0,12
STU0164,CRS01,4,44.22,91.13,0,12
STU0164,CRS02,1,192.82,92.61,0,11
STU0164,CRS02,2,98.14,72.77,0,11
STU0164,CRS02,3,95.35,69.09,0,11
STU0164,CRS02,4,118.23,77.34,0,11
STU0164,CRS02,5,119.54,90.06,0,11
STU0164,CRS03,1,48.69,64.03,0,12
STU0164,CRS03,2,150.04,70.87,0,12
STU0164,CRS03,3,182.42,81.05,0,12
STU0164,CRS03,4,65.61,61.86,0,12
STU0164,CRS03,5,104.95,57.55,0,12
STU0164,CRS04,1,142.19,69.01,0,12
STU0164,CRS04,2,123.9,66.62,0,12
STU0164,CRS05,1,20.74,50.17,0,9
STU0164,CRS05,2,107.68,63.33,0,9
STU0164,CRS05,3,49.57,81.0,0,9
STU0165,CRS01,1,121.7,91.62,0,11
STU0165,CRS01,2,150.75,100.0,0,11
STU0165,CRS01,3,136.2,100.0,0,11
STU0165,CRS01,4,68.38,86.28,0,11
STU0165,CRS01,5,152.93,92.14,0,11
STU0165,CRS01,6,89.44,96.16,0,11
STU0165,CRS01,7,47.6,92.9,0,11
STU0165,CRS01,8,237.55,93.04,0,11
STU0165,CRS01,9,207.87,91.24,0,11
STU0165,CRS01,10,103.14,78.09,0,11
STU0165,CRS01,11,144.64,77.27,1,11
STU0165,CRS02,1,58.93,84.38,0,10
STU0165,CRS02,2,198.72,93.27,0,10
STU0165,CRS02,3,135.96,95.91,0,10
STU0165,CRS02,4,201.91,100.0,0,10
STU0165,CRS02,5,144.03,88.23,0,10
STU0165,CRS02,6,166.27,94.09,0,10
STU0165,CRS02,7,187.07,88.36,0,10
STU0165,CRS03,1,60.98,100.0,0,11
STU0165,CRS03,2,204.91,100.0,0,11
STU0165,CRS03,3,82.17,90.96,0,11
STU0165,CRS03,4,70.57,85.99,0,11
STU0165,CRS03,5,120.49,100.0,0,11
STU0165,CRS03,6,172.33,100.0,0,11
STU0165,CRS03,7,80.29,93.24,0,11
STU0165,CRS03,8,159.14,87.49,0,11
STU0165,CRS03,9,90.45,93.62,0,11
STU0165,CRS03,10,247.6,100.0,0,11
STU0165,CRS03,11,102.78,90.31,1,11
STU0165,CRS04,1,150.85,100.0,0,9
STU0165,CRS04,2,37.25,73.72,0,9
STU0165,CRS04,3,134.12,89.29,0,9
STU0165,CRS04,4,155.02,100.0,0,9
STU0165,CRS04,5,60.29,89.75,0,9
STU0165,CRS04,6,141.61,100.0,0,9
STU0165,CRS04,7,206.81,100.0,0,9
STU0165,CRS04,8,188.81,100.0,0,9
STU0165,CRS05,1,225.29,99.96,0,8
STU0165,CRS05,2,123.78,89.69,0,8
STU0165,CRS05,3,251.48,100.0,0,8
STU0165,CRS05,4,252.84,98.42,0,8
STU0165,CRS05,5,60.4,71.78,0,8
STU0165,CRS05,6,225.88,87.84,0,8
STU0165,CRS05,7,211.87,85.2,0,8
STU0165,CRS05,8,220.17,90.88,1,8
STU0166,CRS01,1,81.5,67.68,0,12
STU0166,CRS01,2,38.01,52.71,0,12
STU0166,CRS01,3,61.52,37.82,0,12
STU0166,CRS01,4,45.83,55.42,0,12
STU0166,CRS01,5,110.27,54.35,0,12
STU0166,CRS01,6,23.36,48.91,0,12
STU0166,CRS01,7,78.63,40.67,0,12
STU0166,CRS01,8,26.73,53.8,0,12
STU0166,CRS01,9,63.15,60.84,0,12
STU0166,CRS02,1,104.72,86.81,0,12
STU0166,CRS02,2,138.32,90.2,0,12
STU0166,CRS02,3,216.76,86.01,0,12
STU0166,CRS02,4,67.8,71.69,0,12
STU0166,CRS02,5,107.69,84.1,0,12
STU0166,CRS02,6,240.47,88.66,0,12
STU0166,CRS02,7,40.21,71.25,0,12
STU0166,CRS02,8,73.48,93.54,0,12
STU0166,CRS02,9,236.7,93.35,0,12
STU0166,CRS02,10,172.3,94.02,0,12
STU0166,CRS02,11,214.0,93.46,0,12
STU0166,CRS02,12,140.51,63.28,1,12
STU0166,CRS03,1,208.27,85.35,0,9
STU0166,CRS03,2,224.5,100.0,0,9
STU0166,CRS03,3,41.87,86.42,0,9
STU0166,CRS03,4,68.59,89.08,0,9
STU0166,CRS03,5,76.56,59.44,0,9
STU0166,CRS03,6,59.89,75.64,0,9
STU0166,CRS03,7,178.95,75.61,0,9
STU0166,CRS03,8,43.35,66.32,0,9
STU0166,CRS03,9,76.92,86.18,1,9
STU0166,CRS04,1,58.3,88.99,0,9
STU0166,CRS04,2,33.04,84.29,0,9
STU0166,CRS04,3,91.26,92.51,0,9
STU0166,CRS04,4,45.35,87.89,0,9
STU0166,CRS04,5,91.04,80.22,0,9
STU0166,CRS04,6,91.89,73.34,0,9
STU0166,CRS04,7,117.33,92.71,0,9
STU0166,CRS05,1,58.69,46.05,0,9
STU0166,CRS05,2,47.91,49.9,0,9
STU0166,CRS05,3,69.03,38.14,0,9
STU0166,CRS05,4,205.81,55.97,0,9
STU0166,CRS05,5,156.1,57.04,0,9
STU0166,CRS05,6,120.29,42.78,0,9
STU0166,CRS05,7,165.89,56.64,0,9
STU0166,CRS05,8,154.87,67.83,0,9
STU0166,CRS05,9,70.8,57.0,1,9
STU0167,CRS01,1,58.72,58.83,0,8
STU0167,CRS01,2,57.35,80.06,0,8
STU0167,CRS01,3,57.76,80.57,0,8
STU0167,CRS01,4,45.74,79.06,0,8
STU0167,CRS01,5,96.21,66.0,0,8
STU0167,CRS01,6,60.79,82.52,0,8
STU0167,CRS01,7,12.8,52.41,0,8
STU0167,CRS02,1,10.65,94.62,0,9
STU0167,CRS02,2,17.05,88.36,0,9
STU0167,CRS02,3,59.91,84.09,0,9
STU0167,CRS02,4,76.88,89.52,0,9
STU0167,CRS02,5,79.78,99.46,0,9
STU0167,CRS02,6,72.09,83.97,0,9
STU0167,CRS03,1,23.41,36.07,0,11
STU0167,CRS03,2,60.47,43.84,0,11
STU0167,CRS03,3,21.59,41.59,0,11
STU0167,CRS03,4,56.85,31.97,0,11
STU0167,CRS03,5,56.78,15.8,0,11
STU0167,CRS03,6,82.21,33.61,0,11
STU0167,CRS03,7,75.59,49.41,0,11
STU0167,CRS04,1,180.99,70.52,0,8
STU0167,CRS04,2,100.87,64.22,0,8
STU0167,CRS04,3,155.33,71.05,0,8
STU0167,CRS04,4,221.31,87.93,0,8
STU0167,CRS04,5,131.73,69.77,0,8
STU0167,CRS04,6,31.41,55.83,0,8
STU0167,CRS04,7,108.7,43.94,0,8
STU0167,CRS04,8,205.71,75.4,1,8
STU0167,CRS05,1,123.71,67.39,0,9
STU0168,CRS01,1,70.2,51.9,0,10
STU0168,CRS01,2,97.07,52.91,0,10
STU0168,CRS01,3,57.95,62.79,0,10
STU0168,CRS01,4,53.9,59.34,0,10
STU0168,CRS01,5,31.95,51.78,0,10
STU0168,CRS01,6,112.72,79.04,0,10
STU0168,CRS01,7,119.9,55.3,0,10
STU0168,CRS02,1,35.42,52.01,0,11
STU0168,CRS02,2,123.64,55.06,0,11
STU0168,CRS02,3,168.41,55.83,0,11
STU0168,CRS02,4,91.37,48.67,0,11
STU0168,CRS02,5,150.73,51.43,0,11
STU0168,CRS02,6,87.28,31.93,0,11
STU0168,CRS03,1,128.03,82.18,0,8
STU0168,CRS03,2,63.48,74.66,0,8
STU0168,CRS03,3,119.34,86.48,0,8
STU0168,CRS04,1,216.21,82.03,0,9
STU0168,CRS04,2,104.17,46.99,0,9
STU0168,CRS04,3,167.38,74.11,0,9
STU0168,CRS04,4,28.13,63.95,0,9
STU0168,CRS04,5,64.36,63.5,0,9
STU0168,CRS05,1,47.35,78.97,0,11
STU0168,CRS05,2,89.12,100.0,0,11
STU0168,CRS05,3,57.69,87.44,0,11
STU0168,CRS05,4,72.27,91.56,0,11
STU0168,CRS05,5,41.89,100.0,0,11
STU0168,CRS05,6,53.16,99.9,0,11
STU0168,CRS05,7,131.47,100.0,0,11
STU0168,CRS05,8,152.82,81.92,0,11
STU0169,CRS01,1,74.83,56.6,0,11
STU0169,CRS01,2,150.03,64.45,0,11
STU0169,CRS01,3,158.43,59.77,0,11
STU0169,CRS01,4,100.0,57.01,0,11
STU0169,CRS01,5,178.94,57.86,0,11
STU0169,CRS01,6,100.3,65.95,0,11
STU0169,CRS01,7,264.54,59.17,0,11
STU0169,CRS01,8,146.65,77.87,0,11
STU0169,CRS01,9,231.47,47.62,0,11
STU0169,CRS01,10,241.53,62.4,0,11
STU0169,CRS01,11,198.51,65.34,1,11
STU0169,CRS02,1,80.82,67.11,0,8
STU0169,CRS02,2,61.88,63.22,0,8
STU0169,CRS03,1,118.06,71.59,0,8
STU0169,CRS03,2,128.3,67.33,0,8
STU0169,CRS03,3,36.19,67.88,0,8
STU0169,CRS03,4,98.58,63.89,0,8
STU0169,CRS03,5,25.44,64.33,0,8
STU0169,CRS03,6,115.31,98.13,0,8
STU0169,CRS03,7,96.82,82.62,0,8
STU0169,CRS04,1,81.68,77.44,0,10
STU0169,CRS04,2,96.87,64.12,0,10
STU0169,CRS04,3,74.35,69.6,0,10
STU0169,CRS04,4,169.56,87.68,0,10
STU0169,CRS05,1,79.4,73.85,0,9
STU0169,CRS05,2,67.82,65.09,0,9
STU0169,CRS05,3,154.19,75.03,0,9
STU0169,CRS05,4,131.5,78.11,0,9
STU0169,CRS05,5,40.71,50.34,0,9
STU0169,CRS05,6,163.14,72.99,0,9
STU0169,CRS05,7,266.8,74.05,0,9
STU0169,CRS05,8,276.74,76.15,0,9
STU0169,CRS05,9,75.36,68.94,1,9
STU0170,CRS01,1,49.38,52.15,0,12
STU0170,CRS01,2,227.76,62.31,0,12
STU0170,CRS01,3,29.76,63.51,0,12
STU0170,CRS01,4,163.29,79.68,0,12
STU0170,CRS01,5,241.07,78.74,0,12
STU0170,CRS01,6,257.49,54.97,0,12
STU0170,CRS01,7,204.16,69.59,0,12
STU0170,CRS01,8,285.26,64.78,0,12
STU0170,CRS01,9,196.91,57.64,0,12
STU0170,CRS01,10,288.58,79.65,0,12
STU0170,CRS01,11,216.8,62.25,0,12
STU0170,CRS01,12,199.33,72.23,1,12
STU0170,CRS02,1,111.84,100.0,0,11
STU0170,CRS02,2,71.94,77.31,0,11
STU0170,CRS02,3,104.36,100.0,0,11
STU0170,CRS02,4,51.93,96.29,0,11
STU0170,CRS02,5,110.57,96.62,0,11
STU0170,CRS02,6,46.08,84.81,0,11
STU0170,CRS02,7,72.05,94.49,0,11
STU0170,CRS02,8,75.24,95.87,0,11
STU0170,CRS02,9,76.18,94.56,0,11
STU0170,CRS02,10,145.51,98.95,0,11
STU0170,CRS03,1,64.58,30.28,0,8
STU0170,CRS04,1,83.61,62.19,0,10
STU0170,CRS04,2,199.26,93.73,0,10
STU0170,CRS04,3,48.57,89.25,0,10
STU0170,CRS04,4,243.92,95.89,0,10
STU0170,CRS04,5,162.86,74.0,0,10
STU0170,CRS04,6,66.29,65.01,0,10
STU0170,CRS04,7,167.23,80.33,0,10
STU0170,CRS04,8,132.79,81.77,0,10
STU0170,CRS04,9,65.51,57.63,0,10
STU0170,CRS04,10,49.83,55.46,1,10
STU0170,CRS05,1,35.74,57.76,0,10
STU0170,CRS05,2,84.4,83.0,0,10
STU0170,CRS05,3,120.64,46.41,0,10
STU0170,CRS05,4,35.2,53.49,0,10
STU0170,CRS05,5,71.17,58.19,0,10
STU0170,CRS05,6,130.38,69.68,0,10
STU0170,CRS05,7,89.29,63.98,0,10
STU0171,CRS01,1,103.29,47.17,0,10
STU0171,CRS01,2,20.42,26.87,0,10
STU0171,CRS01,3,41.24,35.7,0,10
STU0171,CRS01,4,138.31,45.62,0,10
STU0171,CRS01,5,167.66,36.54,0,10
STU0171,CRS01,6,161.1,42.05,0,10
STU0171,CRS01,7,140.88,29.55,0,10
STU0171,CRS01,8,145.57,48.29,0,10
STU0171,CRS01,9,93.58,23.84,0,10
STU0171,CRS02,1,82.55,78.83,0,10
STU0171,CRS02,2,137.23,98.77,0,10
STU0171,CRS02,3,122.95,88.93,0,10
STU0171,CRS02,4,126.6,98.32,0,10
STU0171,CRS02,5,19.28,79.06,0,10
STU0171,CRS02,6,152.28,93.93,0,10
STU0171,CRS02,7,74.54,66.44,0,10
STU0171,CRS02,8,62.76,70.73,0,10
STU0171,CRS03,1,86.53,66.37,0,10
STU0171,CRS03,2,75.13,72.51,0,10
STU0171,CRS03,3,21.77,51.75,0,10
STU0171,CRS03,4,84.38,78.75,0,10
STU0171,CRS03,5,59.51,54.21,0,10
STU0171,CRS03,6,19.36,69.54,0,10
STU0171,CRS03,7,21.75,67.44,0,10
STU0171,CRS04,1,99.33,65.35,0,9
STU0171,CRS04,2,51.12,57.23,0,9
STU0171,CRS04,3,60.03,44.18,0,9
STU0171,CRS04,4,17.83,57.5,0,9
STU0171,CRS04,5,17.56,62.85,0,9
STU0171,CRS04,6,30.61,50.89,0,9
STU0171,CRS04,7,91.76,64.4,0,9
STU0171,CRS04,8,53.49,38.01,0,9
STU0171,CRS04,9,89.88,35.49,1,9
STU0171,CRS05,1,37.43,38.94,0,9
STU0171,CRS05,2,80.75,53.85,0,9
STU0171,CRS05,3,20.92,48.56,0,9
STU0172,CRS01,1,59.9,62.09,0,12
STU0172,CRS01,2,63.7,44.28,0,12
STU0172,CRS01,3,25.8,21.17,0,12
STU0172,CRS01,4,122.02,41.49,0,12
STU0172,CRS01,5,73.44,56.38,0,12
STU0172,CRS01,6,142.84,43.65,0,12
STU0172,CRS01,7,120.65,50.65,0,12
STU0172,CRS02,1,148.69,84.57,0,12
STU0172,CRS02,2,79.77,87.55,0,12
STU0172,CRS02,3,168.37,100.0,0,12
STU0172,CRS02,4,31.5,79.99,0,12
STU0172,CRS02,5,35.06,92.04,0,12
STU0172,CRS02,6,36.59,85.42,0,12
STU0172,CRS02,7,109.42,85.73,0,12
STU0172,CRS02,8,155.22,83.22,0,12
STU0172,CRS02,9,31.0,78.8,0,12
STU0172,CRS02,10,210.43,100.0,0,12
STU0172,CRS02,11,56.76,76.54,0,12
STU0172,CRS02,12,244.18,96.61,1,12
STU0172,CRS03,1,110.28,54.58,0,8
STU0172,CRS03,2,173.15,80.69,0,8
STU0172,CRS03,3,169.56,78.99,0,8
STU0172,CRS03,4,95.49,53.61,0,8
STU0172,CRS04,1,28.15,91.95,0,10
STU0172,CRS04,2,39.27,81.05,0,10
STU0172,CRS04,3,49.45,87.48,0,10
STU0172,CRS04,4,62.8,100.0,0,10
STU0172,CRS04,5,122.06,85.32,0,10
STU0172,CRS04,6,31.86,100.0,0,10
STU0172,CRS04,7,145.32,100.0,0,10
STU0172,CRS04,8,103.56,81.14,0,10
STU0172,CRS05,1,129.48,94.39,0,11
STU0172,CRS05,2,78.57,97.77,0,11
STU0172,CRS05,3,152.57,100.0,0,11
STU0172,CRS05,4,63.95,91.49,0,11
STU0172,CRS05,5,92.51,92.58,0,11
STU0172,CRS05,6,129.25,99.48,0,11
STU0172,CRS05,7,122.03,100.0,0,11
STU0173,CRS01,1,205.7,52.62,0,9
STU0173,CRS01,2,246.31,54.05,0,9
STU0173,CRS01,3,61.87,47.48,0,9
STU0173,CRS01,4,112.83,62.93,0,9
STU0173,CRS01,5,221.33,61.25,0,9
STU0173,CRS01,6,151.52,43.33,0,9
STU0173,CRS01,7,174.82,55.22,0,9
STU0173,CRS01,8,278.4,66.0,0,9
STU0173,CRS01,9,255.38,53.98,1,9
STU0173,CRS02,1,18.54,81.79,0,12
STU0173,CRS02,2,85.79,97.76,0,12
STU0173,CRS02,3,30.49,78.1,0,12
STU0173,CRS02,4,118.83,98.52,0,12
STU0173,CRS02,5,45.11,80.9,0,12
STU0173,CRS02,6,117.36,86.93,0,12
STU0173,CRS02,7,67.34,82.47,0,12
STU0173,CRS02,8,103.23,84.41,0,12
STU0173,CRS02,9,18.21,80.24,0,12
STU0173,CRS02,10,92.85,100.0,0,12
STU0173,CRS02,11,106.22,82.44,0,12
STU0173,CRS03,1,113.33,61.65,0,11
STU0173,CRS03,2,21.89,45.29,0,11
STU0173,CRS03,3,95.35,45.33,0,11
STU0173,CRS03,4,101.98,46.94,0,11
STU0173,CRS03,5,28.14,43.09,0,11
STU0173,CRS03,6,136.49,55.84,0,11
STU0173,CRS03,7,56.71,54.23,0,11
STU0173,CRS03,8,170.63,49.05,0,11
STU0173,CRS03,9,185.61,51.2,0,11
STU0173,CRS03,10,70.06,25.9,0,11
STU0173,CRS03,11,155.7,39.63,1,11
STU0173,CRS04,1,83.29,89.25,0,8
STU0173,CRS04,2,17.45,79.26,0,8
STU0173,CRS04,3,134.04,84.84,0,8
STU0173,CRS05,1,172.33,70.6,0,10
STU0173,CRS05,2,166.8,48.25,0,10
STU0173,CRS05,3,145.04,48.74,0,10
STU0173,CRS05,4,148.26,68.64,0,10
STU0174,CRS01,1,173.53,81.2,0,11
STU0174,CRS01,2,88.78,78.34,0,11
STU0174,CRS01,3,73.63,77.27,0,11
STU0174,CRS01,4,199.94,94.38,0,11
STU0174,CRS01,5,48.99,61.26,0,11
STU0174,CRS01,6,59.69,79.74,0,11
STU0174,CRS01,7,78.74,66.01,0,11
STU0174,CRS01,8,71.81,61.99,0,11
STU0174,CRS01,9,68.33,68.06,0,11
STU0174,CRS01,10,104.91,84.15,0,11
STU0174,CRS01,11,157.37,70.66,1,11
STU0174,CRS02,1,172.14,86.1,0,8
STU0174,CRS02,2,157.1,76.02,0,8
STU0174,CRS02,3,62.6,77.91,0,8
STU0174,CRS02,4,155.58,81.33,0,8
STU0174,CRS02,5,99.02,78.73,0,8
STU0174,CRS03,1,97.2,54.53,0,8
STU0174,CRS03,2,178.65,68.32,0,8
STU0174,CRS03,3,57.56,40.09,0,8
STU0174,CRS03,4,132.15,67.0,0,8
STU0174,CRS03,5,244.93,61.21,0,8
STU0174,CRS03,6,168.28,52.43,0,8
STU0174,CRS03,7,218.4,40.11,0,8
STU0174,CRS04,1,15.21,71.25,0,12
STU0174,CRS04,2,63.14,87.16,0,12
STU0174,CRS04,3,38.83,76.27,0,12
STU0174,CRS04,4,58.48,76.78,0,12
STU0174,CRS04,5,71.13,87.66,0,12
STU0174,CRS04,6,69.33,90.92,0,12
STU0174,CRS04,7,46.28,72.29,0,12
STU0174,CRS04,8,64.55,83.08,0,12
STU0174,CRS04,9,64.74,87.81,0,12
STU0174,CRS05,1,79.77,71.22,0,9
STU0174,CRS05,2,136.83,89.24,0,9
STU0174,CRS05,3,147.77,87.04,0,9
STU0174,CRS05,4,50.58,85.15,0,9
STU0174,CRS05,5,201.97,79.44,0,9
STU0174,CRS05,6,132.58,87.2,0,9
STU0174,CRS05,7,195.26,100.0,0,9
STU0174,CRS05,8,138.1,75.18,0,9
STU0174,CRS05,9,107.07,87.43,1,9
STU0175,CRS01,1,49.86,88.18,0,11
STU0175,CRS01,2,46.31,66.54,0,11
STU0175,CRS01,3,62.24,59.25,0,11
STU0175,CRS02,1,154.68,48.75,0,12
STU0175,CRS02,2,36.8,50.95,0,12
STU0175,CRS02,3,173.61,18.74,0,12
STU0175,CRS02,4,68.74,28.95,0,12
STU0175,CRS02,5,231.76,45.21,0,12
STU0175,CRS02,6,183.9,55.2,0,12
STU0175,CRS02,7,189.26,51.13,0,12
STU0175,CRS02,8,64.81,35.69,0,12
STU0175,CRS02,9,90.4,35.08,0,12
STU0175,CRS02,10,119.1,15.92,0,12
STU0175,CRS02,11,182.51,42.41,0,12
STU0175,CRS02,12,231.18,48.47,1,12
STU0175,CRS03,1,137.29,93.73,0,10
STU0175,CRS03,2,99.59,94.35,0,10
STU0175,CRS03,3,140.22,86.39,0,10
STU0175,CRS04,1,121.44,54.65,0,8
STU0175,CRS04,2,72.77,68.26,0,8
STU0175,CRS04,3,56.61,55.12,0,8
STU0175,CRS04,4,160.95,47.3,0,8
STU0175,CRS05,1,29.6,39.76,0,11
STU0175,CRS05,2,97.82,53.61,0,11
STU0175,CRS05,3,37.91,54.84,0,11
STU0176,CRS01,1,115.24,55.76,0,10
STU0176,CRS01,2,172.65,78.34,0,10
STU0176,CRS01,3,25.67,58.09,0,10
STU0176,CRS01,4,165.34,78.76,0,10
STU0176,CRS01,5,126.5,64.41,0,10
STU0176,CRS01,6,217.86,72.42,0,10
STU0176,CRS01,7,196.36,62.81,0,10
STU0176,CRS01,8,217.33,87.5,0,10
STU0176,CRS01,9,29.93,67.63,0,10
STU0176,CRS01,10,199.26,73.59,1,10
STU0176,CRS02,1,159.64,71.69,0,11
STU0176,CRS02,2,25.11,72.96,0,11
STU0176,CRS02,3,142.46,68.67,0,11
STU0176,CRS02,4,102.43,66.62,0,11
STU0176,CRS02,5,95.04,61.4,0,11
STU0176,CRS02,6,99.38,55.69,0,11
STU0176,CRS02,7,160.1,86.9,0,11
STU0176,CRS02,8,61.23,65.44,0,11
STU0176,CRS02,9,60.14,61.27,0,11
STU0176,CRS02,10,144.11,56.11,0,11
STU0176,CRS03,1,167.13,72.1,0,11
STU0176,CRS03,2,139.87,51.34,0,11
STU0176,CRS03,3,196.88,75.44,0,11
STU0176,CRS03,4,62.7,60.59,0,11
STU0176,CRS03,5,172.05,62.5,0,11
STU0176,CRS03,6,60.33,68.94,0,11
STU0176,CRS03,7,186.07,72.07,0,11
STU0176,CRS03,8,202.73,83.22,0,11
STU0176,CRS03,9,203.78,75.85,0,11
STU0176,CRS03,10,125.09,79.76,0,11
STU0176,CRS04,1,63.68,26.97,0,12
STU0176,CRS04,2,66.84,22.2,0,12
STU0176,CRS04,3,190.25,49.66,0,12
STU0176,CRS04,4,58.8,28.86,0,12
STU0176,CRS04,5,98.59,39.43,0,12
STU0176,CRS04,6,66.4,47.18,0,12
STU0176,CRS04,7,51.25,28.68,0,12
STU0176,CRS04,8,151.55,41.15,0,12
STU0176,CRS04,9,70.0,30.16,0,12
STU0176,CRS04,10,36.99,17.23,0,12
STU0176,CRS04,11,161.2,56.74,0,12
STU0176,CRS04,12,175.29,31.6,1,12
STU0176,CRS05,1,112.19,47.43,0,12
STU0176,CRS05,2,109.82,42.23,0,12
STU0176,CRS05,3,152.97,64.23,0,12
STU0176,CRS05,4,102.16,40.9,0,12
STU0176,CRS05,5,126.7,37.14,0,12
STU0176,CRS05,6,111.24,48.92,0,12
STU0176,CRS05,7,117.31,30.98,0,12
STU0176,CRS05,8,19.72,20.19,0,12
STU0176,CRS05,9,156.9,44.8,0,12
STU0176,CRS05,10,54.68,25.88,0,12
STU0176,CRS05,11,140.22,50.34,0,12
STU0177,CRS01,1,113.68,58.64,0,11
STU0177,CRS01,2,51.09,60.87,0,11
STU0177,CRS01,3,38.48,36.76,0,11
STU0177,CRS01,4,31.33,58.12,0,11
STU0177,CRS01,5,101.26,39.98,0,11
STU0177,CRS01,6,48.59,52.72,0,11
STU0177,CRS01,7,107.7,54.88,0,11
STU0177,CRS01,8,113.3,67.62,0,11
STU0177,CRS01,9,136.28,66.02,0,11
STU0177,CRS01,10,185.46,57.84,0,11
STU0177,CRS01,11,169.12,46.77,1,11
STU0177,CRS02,1,213.09,62.11,0,10
STU0177,CRS02,2,147.64,48.88,0,10
STU0177,CRS02,3,136.69,73.32,0,10
STU0177,CRS02,4,94.94,53.96,0,10
STU0177,CRS02,5,256.84,61.82,0,10
STU0177,CRS02,6,219.53,69.5,0,10
STU0177,CRS02,7,129.75,68.95,0,10
STU0177,CRS02,8,241.38,65.12,0,10
STU0177,CRS02,9,279.59,56.79,0,10
STU0177,CRS02,10,103.44,62.72,1,10
STU0177,CRS03,1,108.72,100.0,0,10
STU0177,CRS03,2,42.99,100.0,0,10
STU0177,CRS03,3,104.5,82.07,0,10
STU0177,CRS03,4,35.26,91.88,0,10
STU0177,CRS03,5,78.39,93.88,0,10
STU0177,CRS03,6,208.88,98.34,0,10
STU0177,CRS03,7,130.2,89.97,0,10
STU0177,CRS03,8,261.98,100.0,0,10
STU0177,CRS03,9,61.05,82.89,0,10
STU0177,CRS03,10,162.43,87.1,1,10
STU0177,CRS04,1,58.41,83.7,0,10
STU0177,CRS04,2,23.99,86.54,0,10
STU0177,CRS04,3,58.65,88.76,0,10
STU0177,CRS04,4,68.75,97.12,0,10
STU0177,CRS04,5,154.36,98.85,0,10
STU0177,CRS04,6,161.57,100.0,0,10
STU0177,CRS05,1,88.38,67.44,0,11
STU0177,CRS05,2,130.58,70.75,0,11
STU0177,CRS05,3,58.69,59.73,0,11
STU0177,CRS05,4,84.86,63.8,0,11
STU0177,CRS05,5,49.6,51.25,0,11
STU0177,CRS05,6,112.02,54.82,0,11
STU0177,CRS05,7,96.85,47.04,0,11
STU0177,CRS05,8,35.23,77.99,0,11
STU0177,CRS05,9,109.11,67.39,0,11
STU0178,CRS01,1,26.26,54.79,0,10
STU0178,CRS01,2,89.2,86.5,0,10
STU0178,CRS01,3,86.91,95.56,0,10
STU0178,CRS01,4,76.23,69.45,0,10
STU0178,CRS01,5,96.93,68.06,0,10
STU0178,CRS01,6,22.81,66.6,0,10
STU0178,CRS01,7,59.01,64.98,0,10
STU0178,CRS01,8,16.1,72.21,0,10
STU0178,CRS01,9,116.73,86.52,0,10
STU0178,CRS01,10,67.66,57.85,1,10
STU0178,CRS02,1,60.94,90.81,0,10
STU0178,CRS02,2,101.03,88.86,0,10
STU0178,CRS02,3,30.08,80.77,0,10
STU0178,CRS02,4,133.4,82.6,0,10
STU0178,CRS03,1,109.05,61.51,0,12
STU0178,CRS03,2,21.75,73.92,0,12
STU0178,CRS03,3,103.9,76.4,0,12
STU0178,CRS03,4,67.29,74.44,0,12
STU0178,CRS03,5,30.46,82.55,0,12
STU0178,CRS03,6,82.39,83.75,0,12
STU0178,CRS03,7,154.14,84.14,0,12
STU0178,CRS03,8,152.61,81.75,0,12
STU0178,CRS04,1,109.17,42.64,0,9
STU0178,CRS04,2,116.87,33.77,0,9
STU0178,CRS04,3,93.64,19.67,0,9
STU0178,CRS04,4,162.36,61.93,0,9
STU0178,CRS04,5,102.8,33.85,0,9
STU0178,CRS04,6,76.33,35.72,0,9
STU0178,CRS04,7,148.28,55.48,0,9
STU0178,CRS05,1,95.11,87.71,0,9
STU0178,CRS05,2,79.55,81.76,0,9
STU0178,CRS05,3,110.57,93.24,0,9
STU0178,CRS05,4,124.36,89.44,0,9
STU0178,CRS05,5,184.4,90.94,0,9
STU0178,CRS05,6,121.49,63.43,0,9
STU0179,CRS01,1,107.39,91.63,0,8
STU0179,CRS01,2,100.26,100.0,0,8
STU0179,CRS01,3,163.93,100.0,0,8
STU0179,CRS01,4,233.02,100.0,0,8
STU0179,CRS01,5,77.93,79.67,0,8
STU0179,CRS01,6,141.67,86.17,0,8
STU0179,CRS01,7,167.05,100.0,0,8
STU0179,CRS01,8,149.87,100.0,1,8
STU0179,CRS02,1,33.56,58.56,0,10
STU0179,CRS02,2,23.84,72.91,0,10
STU0179,CRS03,1,43.2,46.82,0,8
STU0179,CRS03,2,67.59,38.42,0,8
STU0179,CRS03,3,98.93,63.76,0,8
STU0179,CRS03,4,192.3,86.51,0,8
STU0179,CRS03,5,124.45,61.91,0,8
STU0179,CRS03,6,259.46,78.75,0,8
STU0179,CRS03,7,147.63,68.63,0,8
STU0179,CRS03,8,110.96,60.24,1,8
STU0179,CRS04,1,58.27,59.47,0,12
STU0179,CRS04,2,250.43,63.15,0,12
STU0179,CRS04,3,200.76,53.72,0,12
STU0179,CRS04,4,85.52,54.04,0,12
STU0179,CRS04,5,151.44,44.05,0,12
STU0179,CRS04,6,166.41,55.1,0,12
STU0179,CRS04,7,76.76,52.25,0,12
STU0179,CRS04,8,178.5,42.71,0,12
STU0179,CRS04,9,275.69,63.25,0,12
STU0179,CRS04,10,263.22,50.13,0,12
STU0179,CRS04,11,279.18,61.75,0,12
STU0179,CRS04,12,260.65,63.72,1,12
STU0179,CRS05,1,29.65,45.63,0,9
STU0179,CRS05,2,95.58,64.71,0,9
STU0179,CRS05,3,264.46,72.23,0,9
STU0179,CRS05,4,136.0,91.8,0,9
STU0179,CRS05,5,212.07,72.28,0,9
STU0179,CRS05,6,68.15,73.04,0,9
STU0179,CRS05,7,109.44,78.48,0,9
STU0179,CRS05,8,142.87,72.51,0,9
STU0179,CRS05,9,85.87,53.5,1,9
STU0180,CRS01,1,127.15,77.19,0,11
STU0180,CRS01,2,178.55,86.98,0,11
STU0180,CRS01,3,110.65,77.7,0,11
STU0180,CRS01,4,126.26,68.38,0,11
STU0180,CRS01,5,138.37,87.93,0,11
STU0180,CRS01,6,65.71,78.57,0,11
STU0180,CRS01,7,40.46,72.79,0,11
STU0180,CRS01,8,58.58,68.87,0,11
STU0180,CRS01,9,40.35,66.47,0,11
STU0180,CRS01,10,71.11,56.06,0,11
STU0180,CRS02,1,65.15,54.35,0,12
STU0180,CRS02,2,27.46,69.08,0,12
STU0180,CRS02,3,28.09,56.92,0,12
STU0180,CRS02,4,39.96,70.29,0,12
STU0180,CRS02,5,140.14,83.06,0,12
STU0180,CRS02,6,209.56,81.38,0,12
STU0180,CRS03,1,34.37,84.35,0,8
STU0180,CRS03,2,93.28,100.0,0,8
STU0180,CRS03,3,39.6,75.67,0,8
STU0180,CRS03,4,29.69,71.88,0,8
STU0180,CRS03,5,66.03,100.0,0,8
STU0180,CRS03,6,37.77,89.85,0,8
STU0180,CRS03,7,100.05,100.0,0,8
STU0180,CRS04,1,38.71,74.1,0,9
STU0180,CRS04,2,62.16,99.82,0,9
STU0180,CRS04,3,82.14,100.0,0,9
STU0180,CRS04,4,24.49,70.86,0,9
STU0180,CRS04,5,138.78,93.49,0,9
STU0180,CRS04,6,65.03,97.5,0,9
STU0180,CRS04,7,167.78,100.0,0,9
STU0180,CRS04,8,82.64,96.88,0,9
STU0180,CRS04,9,93.25,71.09,1,9
STU0180,CRS05,1,84.09,94.81,0,12
STU0180,CRS05,2,50.0,90.86,0,12
STU0180,CRS05,3,74.49,100.0,0,12
STU0180,CRS05,4,29.72,75.98,0,12
STU0180,CRS05,5,75.73,84.72,0,12
STU0181,CRS01,1,38.57,50.28,0,11
STU0181,CRS01,2,116.84,70.12,0,11
STU0181,CRS01,3,209.05,70.6,0,11
STU0181,CRS01,4,76.3,88.1,0,11
STU0181,CRS01,5,90.76,71.35,0,11
STU0181,CRS01,6,235.78,75.01,0,11
STU0181,CRS01,7,183.09,70.12,0,11
STU0181,CRS01,8,125.35,63.01,0,11
STU0181,CRS02,1,59.32,51.8,0,8
STU0181,CRS02,2,25.49,78.53,0,8
STU0181,CRS02,3,136.94,84.42,0,8
STU0181,CRS02,4,132.78,80.45,0,8
STU0181,CRS02,5,29.42,47.89,0,8
STU0181,CRS02,6,159.06,70.98,0,8
STU0181,CRS02,7,84.17,54.24,0,8
STU0181,CRS02,8,179.86,57.24,1,8
STU0181,CRS03,1,113.19,86.98,0,12
STU0181,CRS03,2,179.27,82.15,0,12
STU0181,CRS03,3,80.26,66.22,0,12
STU0181,CRS03,4,116.83,85.4,0,12
STU0181,CRS03,5,201.51,81.02,0,12
STU0181,CRS03,6,198.65,92.55,0,12
STU0181,CRS03,7,150.27,56.68,0,12
STU0181,CRS03,8,100.09,69.03,0,12
STU0181,CRS03,9,33.02,53.47,0,12
STU0181,CRS03,10,176.44,67.18,0,12
STU0181,CRS03,11,83.98,55.6,0,12
STU0181,CRS04,1,141.98,78.64,0,11
STU0181,CRS04,2,71.67,46.16,0,11
STU0181,CRS04,3,59.58,61.56,0,11
STU0181,CRS04,4,83.24,42.19,0,11
STU0181,CRS04,5,152.18,58.73,0,11
STU0181,CRS04,6,95.72,43.64,0,11
STU0181,CRS05,1,120.17,91.14,0,12
STU0181,CRS05,2,277.71,78.22,0,12
STU0181,CRS05,3,169.72,79.61,0,12
STU0181,CRS05,4,94.81,79.96,0,12
STU0181,CRS05,5,173.64,89.01,0,12
STU0181,CRS05,6,81.51,61.41,0,12
STU0181,CRS05,7,285.44,92.55,0,12
STU0181,CRS05,8,139.18,83.67,0,12
STU0181,CRS05,9,107.51,78.56,0,12
STU0181,CRS05,10,125.63,62.74,0,12
STU0181,CRS05,11,100.55,78.01,0,12
STU0181,CRS05,12,164.04,87.82,1,12
STU0182,CRS01,1,118.67,51.41,0,10
STU0182,CRS01,2,97.09,54.35,0,10
STU0182,CRS01,3,87.34,53.85,0,10
STU0182,CRS01,4,167.76,55.66,0,10
STU0182,CRS01,5,56.82,39.75,0,10
STU0182,CRS01,6,23.13,36.28,0,10
STU0182,CRS01,7,178.41,65.85,0,10
STU0182,CRS02,1,145.09,68.74,0,12
STU0182,CRS02,2,164.54,55.76,0,12
STU0182,CRS03,1,137.37,83.72,0,8
STU0182,CRS03,2,33.28,66.44,0,8
STU0182,CRS03,3,78.68,63.54,0,8
STU0182,CRS04,1,92.93,60.04,0,9
STU0182,CRS04,2,162.09,82.1,0,9
STU0182,CRS04,3,54.36,73.8,0,9
STU0182,CRS04,4,188.24,94.96,0,9
STU0182,CRS04,5,177.04,81.93,0,9
STU0182,CRS04,6,107.23,75.65,0,9
STU0182,CRS04,7,180.39,51.7,0,9
STU0182,CRS04,8,205.95,73.98,0,9
STU0182,CRS05,1,245.24,59.22,0,8
STU0182,CRS05,2,263.39,50.86,0,8
STU0182,CRS05,3,266.08,50.65,0,8
STU0182,CRS05,4,158.82,34.06,0,8
STU0182,CRS05,5,216.93,44.8,0,8
STU0182,CRS05,6,208.23,41.15,0,8
STU0182,CRS05,7,105.73,37.84,0,8
STU0182,CRS05,8,147.56,51.92,1,8
STU0183,CRS01,1,68.26,67.72,0,11
STU0183,CRS01,2,148.65,75.86,0,11
STU0183,CRS01,3,74.68,60.67,0,11
STU0183,CRS01,4,61.03,71.69,0,11
STU0183,CRS01,5,39.16,67.18,0,11
STU0183,CRS01,6,151.4,69.28,0,11
STU0183,CRS01,7,28.8,49.27,0,11
STU0183,CRS02,1,131.17,38.13,0,11
STU0183,CRS02,2,119.04,58.82,0,11
STU0183,CRS02,3,56.38,31.16,0,11
STU0183,CRS02,4,47.51,43.42,0,11
STU0183,CRS03,1,57.55,68.43,0,10
STU0183,CRS03,2,19.14,85.11,0,10
STU0183,CRS03,3,75.83,79.5,0,10
STU0183,CRS03,4,82.3,90.58,0,10
STU0183,CRS03,5,76.09,85.31,0,10
STU0183,CRS03,6,25.63,60.53,0,10
STU0183,CRS03,7,56.42,66.53,0,10
STU0183,CRS03,8,101.34,75.57,0,10
STU0183,CRS03,9,23.68,60.76,0,10
STU0183,CRS03,10,26.46,61.77,1,10
STU0183,CRS04,1,55.12,77.32,0,11
STU0183,CRS04,2,83.54,91.97,0,11
STU0183,CRS04,3,91.48,70.19,0,11
STU0183,CRS04,4,186.45,95.67,0,11
STU0183,CRS04,5,166.35,94.1,0,11
STU0183,CRS04,6,106.27,80.79,0,11
STU0183,CRS05,1,43.32,61.54,0,11
STU0183,CRS05,2,59.66,86.15,0,11
STU0183,CRS05,3,36.74,59.96,0,11
STU0184,CRS01,1,99.71,78.62,0,12
STU0184,CRS01,2,28.56,85.59,0,12
STU0184,CRS01,3,123.58,79.77,0,12
STU0184,CRS02,1,136.81,75.93,0,10
STU0184,CRS02,2,37.44,82.46,0,10
STU0184,CRS02,3,119.2,82.3,0,10
STU0184,CRS02,4,40.36,55.08,0,10
STU0184,CRS03,1,78.02,52.38,0,9
STU0184,CRS03,2,18.02,41.08,0,9
STU0184,CRS03,3,48.39,48.85,0,9
STU0184,CRS03,4,97.15,88.43,0,9
STU0184,CRS03,5,38.69,44.95,0,9
STU0184,CRS03,6,121.9,67.82,0,9
STU0184,CRS03,7,128.01,58.7,0,9
STU0184,CRS03,8,98.8,58.22,0,9
STU0184,CRS04,1,38.43,90.47,0,10
STU0184,CRS05,1,73.74,39.18,0,11
STU0184,CRS05,2,109.82,44.03,0,11
STU0184,CRS05,3,137.89,60.76,0,11
STU0184,CRS05,4,79.21,43.03,0,11
STU0184,CRS05,5,62.78,40.72,0,11
STU0185,CRS01,1,170.72,43.95,0,12
STU0185,CRS01,2,79.86,34.15,0,12
STU0185,CRS01,3,36.15,32.37,0,12
STU0185,CRS01,4,221.81,64.7,0,12
STU0185,CRS01,5,61.89,48.26,0,12
STU0185,CRS02,1,73.62,73.56,0,10
STU0185,CRS02,2,101.35,63.38,0,10
STU0185,CRS02,3,125.19,77.65,0,10
STU0185,CRS02,4,117.19,100.0,0,10
STU0185,CRS02,5,81.6,77.82,0,10
STU0185,CRS02,6,60.55,90.52,0,10
STU0185,CRS02,7,95.77,90.63,0,10
STU0185,CRS02,8,142.9,85.98,0,10
STU0185,CRS03,1,145.18,62.36,0,9
STU0185,CRS03,2,119.37,55.3,0,9
STU0185,CRS03,3,75.2,63.06,0,9
STU0185,CRS03,4,69.25,40.37,0,9
STU0185,CRS03,5,86.93,36.57,0,9
STU0185,CRS03,6,126.32,47.88,0,9
STU0185,CRS03,7,100.32,55.47,0,9
STU0185,CRS03,8,99.27,58.62,0,9
STU0185,CRS03,9,35.57,61.33,1,9
STU0185,CRS04,1,60.37,86.52,0,11
STU0185,CRS04,2,37.7,78.63,0,11
STU0185,CRS04,3,80.1,82.9,0,11
STU0185,CRS04,4,150.15,88.92,0,11
STU0185,CRS04,5,147.41,76.13,0,11
STU0185,CRS04,6,48.55,80.66,0,11
STU0185,CRS04,7,28.81,74.01,0,11
STU0185,CRS04,8,55.91,76.93,0,11
STU0185,CRS04,9,62.28,77.65,0,11
STU0185,CRS04,10,81.73,88.06,0,11
STU0185,CRS04,11,229.19,91.42,1,11
STU0185,CRS05,1,93.1,79.93,0,10
STU0185,CRS05,2,122.55,88.13,0,10
STU0185,CRS05,3,131.9,89.57,0,10
STU0185,CRS05,4,33.13,84.06,0,10
STU0185,CRS05,5,41.46,76.34,0,10
STU0185,CRS05,6,176.24,82.95,0,10
STU0186,CRS01,1,109.7,47.89,0,10
STU0186,CRS01,2,121.9,34.26,0,10
STU0186,CRS01,3,161.98,57.12,0,10
STU0186,CRS01,4,95.31,42.95,0,10
STU0186,CRS01,5,77.27,44.98,0,10
STU0186,CRS01,6,85.79,50.55,0,10
STU0186,CRS01,7,128.76,50.19,0,10
STU0186,CRS01,8,127.61,43.65,0,10
STU0186,CRS01,9,89.18,25.96,0,10
STU0186,CRS01,10,73.84,46.81,1,10
STU0186,CRS02,1,56.71,53.26,0,9
STU0186,CRS02,2,53.94,46.71,0,9
STU0186,CRS02,3,108.2,53.17,0,9
STU0186,CRS02,4,123.34,58.12,0,9
STU0186,CRS02,5,118.99,55.71,0,9
STU0186,CRS02,6,24.14,31.08,0,9
STU0186,CRS02,7,191.0,60.29,0,9
STU0186,CRS03,1,138.44,49.2,0,10
STU0186,CRS03,2,182.61,67.81,0,10
STU0186,CRS03,3,119.33,64.1,0,10
STU0186,CRS03,4,60.41,56.22,0,10
STU0186,CRS04,1,35.09,31.94,0,11
STU0186,CRS04,2,69.69,34.79,0,11
STU0186,CRS04,3,22.04,48.55,0,11
STU0186,CRS04,4,46.42,30.27,0,11
STU0186,CRS04,5,93.47,43.89,0,11
STU0186,CRS04,6,76.2,62.63,0,11
STU0186,CRS04,7,62.7,64.43,0,11
STU0186,CRS04,8,113.53,53.97,0,11
STU0186,CRS04,9,70.18,41.33,0,11
STU0186,CRS05,1,55.79,64.85,0,8
STU0186,CRS05,2,76.92,65.8,0,8
STU0186,CRS05,3,179.93,62.42,0,8
STU0186,CRS05,4,163.24,65.75,0,8
STU0186,CRS05,5,54.5,62.64,0,8
STU0186,CRS05,6,218.33,82.19,0,8
STU0186,CRS05,7,228.49,72.77,0,8
STU0186,CRS05,8,177.53,73.34,1,8
STU0187,CRS01,1,77.96,77.65,0,9
STU0187,CRS01,2,77.24,70.94,0,9
STU0187,CRS01,3,72.24,55.06,0,9
STU0187,CRS01,4,50.3,57.11,0,9
STU0187,CRS02,1,28.62,69.08,0,11
STU0187,CRS02,2,60.95,63.22,0,11
STU0187,CRS02,3,211.29,81.88,0,11
STU0187,CRS02,4,152.41,95.15,0,11
STU0187,CRS02,5,119.32,65.88,0,11
STU0187,CRS02,6,133.5,76.32,0,11
STU0187,CRS02,7,184.28,99.26,0,11
STU0187,CRS02,8,229.51,77.82,0,11
STU0187,CRS02,9,220.15,90.87,0,11
STU0187,CRS02,10,45.68,81.18,0,11
STU0187,CRS02,11,51.31,51.3,1,11
STU0187,CRS03,1,152.29,100.0,0,12
STU0187,CRS03,2,120.36,100.0,0,12
STU0187,CRS03,3,103.45,90.38,0,12
STU0187,CRS04,1,94.5,100.0,0,10
STU0187,CRS04,2,13.41,86.08,0,10
STU0187,CRS04,3,28.87,74.84,0,10
STU0187,CRS05,1,44.68,52.71,0,10
STU0187,CRS05,2,24.16,78.09,0,10
STU0187,CRS05,3,73.12,100.0,0,10
STU0187,CRS05,4,52.64,89.24,0,10
STU0187,CRS05,5,67.14,85.36,0,10
STU0187,CRS05,6,11.43,58.48,0,10
STU0188,CRS01,1,130.64,88.9,0,11
STU0188,CRS01,2,94.0,74.76,0,11
STU0188,CRS01,3,131.24,71.36,0,11
STU0188,CRS01,4,37.67,82.22,0,11
STU0188,CRS01,5,48.84,97.11,0,11
STU0188,CRS01,6,163.71,91.23,0,11
STU0188,CRS02,1,134.07,63.71,0,11
STU0188,CRS02,2,157.84,61.31,0,11
STU0188,CRS02,3,214.96,61.72,0,11
STU0188,CRS02,4,174.06,66.14,0,11
STU0188,CRS02,5,101.3,59.65,0,11
STU0188,CRS02,6,203.97,46.42,0,11
STU0188,CRS02,7,71.87,43.77,0,11
STU0188,CRS02,8,210.12,66.92,0,11
STU0188,CRS02,9,96.13,55.48,0,11
STU0188,CRS02,10,200.37,41.44,0,11
STU0188,CRS02,11,181.54,66.91,1,11
STU0188,CRS03,1,193.77,68.27,0,8
STU0188,CRS03,2,84.01,58.26,0,8
STU0188,CRS03,3,198.57,70.8,0,8
STU0188,CRS03,4,162.53,57.15,0,8
STU0188,CRS03,5,229.3,69.55,0,8
STU0188,CRS03,6,277.79,65.15,0,8
STU0188,CRS03,7,219.95,55.38,0,8
STU0188,CRS03,8,35.34,48.41,1,8
STU0188,CRS04,1,34.46,38.02,0,11
STU0188,CRS04,2,107.44,39.09,0,11
STU0188,CRS04,3,40.09,45.7,0,11
STU0188,CRS04,4,121.39,61.22,0,11
STU0188,CRS04,5,50.93,40.53,0,11
STU0188,CRS04,6,29.2,38.84,0,11
STU0188,CRS05,1,85.66,49.67,0,9
STU0188,CRS05,2,34.74,42.22,0,9
STU0188,CRS05,3,95.3,31.84,0,9
STU0188,CRS05,4,56.19,43.04,0,9
STU0189,CRS01,1,132.41,54.13,0,9
STU0189,CRS01,2,130.03,66.26,0,9
STU0189,CRS01,3,178.3,60.27,0,9
STU0189,CRS01,4,145.5,51.39,0,9
STU0189,CRS02,1,42.81,95.76,0,11
STU0189,CRS02,2,115.12,68.9,0,11
STU0189,CRS02,3,20.97,92.2,0,11
STU0189,CRS02,4,73.92,94.78,0,11
STU0189,CRS02,5,82.46,92.29,0,11
STU0189,CRS03,1,104.65,98.05,0,12
STU0189,CRS03,2,93.7,77.52,0,12
STU0189,CRS03,3,26.91,83.41,0,12
STU0189,CRS03,4,127.81,96.47,0,12
STU0189,CRS03,5,218.54,90.87,0,12
STU0189,CRS03,6,27.32,74.06,0,12
STU0189,CRS03,7,142.29,88.75,0,12
STU0189,CRS03,8,219.56,74.31,0,12
STU0189,CRS03,9,41.66,73.35,0,12
STU0189,CRS03,10,196.1,79.91,0,12
STU0189,CRS03,11,98.92,73.6,0,12
STU0189,CRS03,12,175.9,100.0,1,12
STU0189,CRS04,1,165.47,80.04,0,10
STU0189,CRS04,2,78.84,57.92,0,10
STU0189,CRS04,3,239.18,83.83,0,10
STU0189,CRS04,4,240.32,78.52,0,10
STU0189,CRS04,5,240.48,94.52,0,10
STU0189,CRS04,6,188.84,93.08,0,10
STU0189,CRS04,7,186.89,79.51,0,10
STU0189,CRS05,1,34.64,52.31,0,8
STU0189,CRS05,2,26.68,70.18,0,8
STU0189,CRS05,3,51.26,54.72,0,8
STU0189,CRS05,4,132.81,79.53,0,8
STU0190,CRS01,1,42.28,85.28,0,10
STU0190,CRS01,2,81.3,76.36,0,10
STU0190,CRS01,3,47.34,82.68,0,10
STU0190,CRS01,4,80.93,77.59,0,10
STU0190,CRS01,5,10.53,58.05,0,10
STU0190,CRS01,6,15.77,57.44,0,10
STU0190,CRS01,7,21.99,85.31,0,10
STU0190,CRS01,8,78.8,85.46,0,10
STU0190,CRS01,9,27.44,78.24,0,10
STU0190,CRS02,1,31.01,54.24,0,8
STU0190,CRS02,2,37.05,56.02,0,8
STU0190,CRS02,3,47.44,49.75,0,8
STU0190,CRS02,4,93.09,53.39,0,8
STU0190,CRS02,5,58.23,60.84,0,8
STU0190,CRS02,6,58.82,56.42,0,8
STU0190,CRS02,7,62.37,43.71,0,8
STU0190,CRS02,8,101.04,37.43,1,8
STU0190,CRS03,1,65.27,72.26,0,11
STU0190,CRS03,2,124.18,100.0,0,11
STU0190,CRS03,3,26.64,100.0,0,11
STU0190,CRS03,4,94.41,100.0,0,11
STU0190,CRS03,5,31.62,84.98,0,11
STU0190,CRS03,6,55.5,96.58,0,11
STU0190,CRS03,7,39.16,85.63,0,11
STU0190,CRS03,8,113.67,92.6,0,11
STU0190,CRS03,9,184.92,87.16,0,11
STU0190,CRS04,1,110.94,69.48,0,9
STU0190,CRS04,2,32.19,40.37,0,9
STU0190,CRS04,3,98.7,50.24,0,9
STU0190,CRS04,4,108.9,46.78,0,9
STU0190,CRS04,5,94.21,60.91,0,9
STU0190,CRS04,6,72.72,43.56,0,9
STU0190,CRS04,7,114.6,66.82,0,9
STU0190,CRS05,1,95.58,78.23,0,9
STU0190,CRS05,2,30.58,81.97,0,9
STU0190,CRS05,3,81.2,52.65,0,9
STU0190,CRS05,4,125.97,95.56,0,9
STU0190,CRS05,5,98.4,88.78,0,9
STU0190,CRS05,6,209.44,83.13,0,9
STU0190,CRS05,7,126.63,76.81,0,9
STU0190,CRS05,8,201.94,85.12,0,9
STU0190,CRS05,9,92.98,85.4,1,9
STU0191,CRS01,1,147.39,49.33,0,10
STU0191,CRS01,2,218.59,60.3,0,10
STU0191,CRS01,3,173.75,45.37,0,10
STU0191,CRS01,4,171.45,71.53,0,10
STU0191,CRS01,5,189.45,44.25,0,10
STU0191,CRS01,6,81.67,41.76,0,10
STU0191,CRS01,7,30.35,49.45,0,10
STU0191,CRS01,8,29.23,32.13,0,10
STU0191,CRS01,9,91.87,17.51,0,10
STU0191,CRS01,10,37.28,30.45,1,10
STU0191,CRS02,1,114.67,98.35,0,8
STU0191,CRS02,2,248.7,100.0,0,8
STU0191,CRS02,3,153.66,84.9,0,8
STU0191,CRS02,4,68.25,88.31,0,8
STU0191,CRS02,5,219.29,100.0,0,8
STU0191,CRS02,6,145.43,97.44,0,8
STU0191,CRS02,7,91.26,92.86,0,8
STU0191,CRS02,8,212.86,100.0,1,8
STU0191,CRS03,1,24.42,40.72,0,10
STU0191,CRS03,2,47.3,37.42,0,10
STU0191,CRS03,3,89.11,58.59,0,10
STU0191,CRS03,4,100.82,44.01,0,10
STU0191,CRS03,5,12.28,32.15,0,10
STU0191,CRS04,1,58.09,79.61,0,9
STU0191,CRS04,2,177.03,100.0,0,9
STU0191,CRS04,3,33.3,84.72,0,9
STU0191,CRS04,4,195.09,75.6,0,9
STU0191,CRS04,5,74.38,76.16,0,9
STU0191,CRS04,6,124.01,64.94,0,9
STU0191,CRS04,7,46.77,71.15,0,9
STU0191,CRS04,8,169.65,94.62,0,9
STU0191,CRS04,9,138.97,90.56,1,9
STU0191,CRS05,1,136.87,84.67,0,8
STU0191,CRS05,2,70.41,69.88,0,8
STU0191,CRS05,3,137.89,66.63,0,8
STU0191,CRS05,4,76.87,81.84,0,8
STU0191,CRS05,5,33.58,51.51,0,8
STU0191,CRS05,6,66.94,76.7,0,8
STU0191,CRS05,7,27.31,67.98,0,8
STU0192,CRS01,1,57.6,89.92,0,12
STU0192,CRS01,2,33.94,71.09,0,12
STU0192,CRS01,3,31.82,75.96,0,12
STU0192,CRS01,4,99.28,72.55,0,12
STU0192,CRS01,5,81.33,88.14,0,12
STU0192,CRS01,6,162.66,100.0,0,12
STU0192,CRS01,7,173.35,96.75,0,12
STU0192,CRS01,8,187.45,99.57,0,12
STU0192,CRS01,9,176.9,89.25,0,12
STU0192,CRS02,1,146.78,49.09,0,11
STU0192,CRS02,2,237.99,55.6,0,11
STU0192,CRS02,3,150.46,48.27,0,11
STU0192,CRS02,4,199.52,53.23,0,11
STU0192,CRS02,5,80.35,59.3,0,11
STU0192,CRS02,6,62.01,47.69,0,11
STU0192,CRS02,7,60.0,53.96,0,11
STU0192,CRS02,8,58.03,19.99,0,11
STU0192,CRS03,1,127.07,94.22,0,9
STU0192,CRS03,2,173.72,61.41,0,9
STU0192,CRS03,3,220.41,92.85,0,9
STU0192,CRS03,4,151.28,79.32,0,9
STU0192,CRS03,5,59.29,71.38,0,9
STU0192,CRS03,6,75.34,88.82,0,9
STU0192,CRS04,1,140.89,60.73,0,9
STU0192,CRS04,2,80.96,49.61,0,9
STU0192,CRS04,3,48.02,65.37,0,9
STU0192,CRS04,4,68.27,54.53,0,9
STU0192,CRS04,5,129.56,62.94,0,9
STU0192,CRS05,1,79.16,48.48,0,12
STU0192,CRS05,2,25.88,29.07,0,12
STU0192,CRS05,3,89.75,24.24,0,12
STU0192,CRS05,4,45.14,54.42,0,12
STU0192,CRS05,5,51.61,34.72,0,12
STU0192,CRS05,6,89.54,44.51,0,12
STU0192,CRS05,7,58.37,46.75,0,12
STU0193,CRS01,1,38.09,41.87,0,8
STU0193,CRS01,2,72.04,72.15,0,8
STU0193,CRS01,3,83.08,22.71,0,8
STU0193,CRS01,4,92.0,44.2,0,8
STU0193,CRS01,5,107.32,45.4,0,8
STU0193,CRS02,1,195.92,68.63,0,11
STU0193,CRS02,2,178.43,59.6,0,11
STU0193,CRS02,3,149.51,48.46,0,11
STU0193,CRS02,4,83.88,39.97,0,11
STU0193,CRS02,5,253.75,46.67,0,11
STU0193,CRS02,6,199.37,67.42,0,11
STU0193,CRS02,7,255.32,59.65,0,11
STU0193,CRS02,8,51.96,48.07,0,11
STU0193,CRS02,9,109.25,36.29,0,11
STU0193,CRS02,10,152.2,54.15,0,11
STU0193,CRS02,11,204.8,37.68,1,11
STU0193,CRS03,1,50.95,67.2,0,9
STU0193,CRS03,2,138.82,82.07,0,9
STU0193,CRS03,3,97.36,61.79,0,9
STU0193,CRS03,4,151.1,84.39,0,9
STU0193,CRS03,5,243.48,87.59,0,9
STU0193,CRS03,6,251.26,74.65,0,9
STU0193,CRS03,7,216.95,51.72,0,9
STU0193,CRS03,8,234.08,84.83,0,9
STU0193,CRS03,9,208.85,68.91,1,9
STU0193,CRS04,1,82.68,57.3,0,12
STU0193,CRS04,2,11.73,32.11,0,12
STU0193,CRS04,3,12.8,48.69,0,12
STU0193,CRS04,4,95.38,48.17,0,12
STU0193,CRS04,5,95.02,42.59,0,12
STU0193,CRS05,1,129.23,100.0,0,10
STU0193,CRS05,2,85.02,100.0,0,10
STU0193,CRS05,3,104.8,90.85,0,10
STU0193,CRS05,4,136.38,78.81,0,10
STU0193,CRS05,5,54.48,86.84,0,10
STU0194,CRS01,1,112.37,100.0,0,9
STU0194,CRS01,2,110.18,100.0,0,9
STU0194,CRS01,3,198.35,100.0,0,9
STU0194,CRS01,4,46.31,83.35,0,9
STU0194,CRS01,5,198.48,98.62,0,9
STU0194,CRS01,6,139.94,96.78,0,9
STU0194,CRS01,7,185.18,87.62,0,9
STU0194,CRS02,1,133.37,60.09,0,11
STU0194,CRS02,2,53.46,57.09,0,11
STU0194,CRS02,3,134.79,56.86,0,11
STU0194,CRS02,4,57.05,54.52,0,11
STU0194,CRS02,5,171.64,55.19,0,11
STU0194,CRS02,6,67.02,43.58,0,11
STU0194,CRS02,7,161.19,70.86,0,11
STU0194,CRS02,8,164.8,59.55,0,11
STU0194,CRS02,9,214.5,64.15,0,11
STU0194,CRS02,10,138.14,53.34,0,11
STU0194,CRS02,11,136.94,57.54,1,11
STU0194,CRS03,1,29.86,40.05,0,9
STU0194,CRS03,2,78.21,49.08,0,9
STU0194,CRS03,3,208.97,56.21,0,9
STU0194,CRS03,4,197.56,78.49,0,9
STU0194,CRS03,5,127.53,50.69,0,9
STU0194,CRS03,6,133.91,58.55,0,9
STU0194,CRS03,7,191.41,34.69,0,9
STU0194,CRS03,8,159.46,47.73,0,9
STU0194,CRS03,9,125.92,44.45,1,9
STU0194,CRS04,1,128.5,99.1,0,10
STU0194,CRS04,2,19.99,88.63,0,10
STU0194,CRS04,3,65.52,89.62,0,10
STU0194,CRS04,4,24.6,69.89,0,10
STU0194,CRS04,5,87.57,71.82,0,10
STU0194,CRS04,6,84.17,93.31,0,10
STU0194,CRS04,7,65.56,87.98,0,10
STU0194,CRS04,8,63.07,92.88,0,10
STU0194,CRS04,9,80.2,86.88,0,10
STU0194,CRS04,10,70.54,69.91,1,10
STU0194,CRS05,1,161.4,100.0,0,10
STU0194,CRS05,2,39.67,79.21,0,10
STU0194,CRS05,3,130.58,79.13,0,10
STU0194,CRS05,4,80.24,80.07,0,10
STU0194,CRS05,5,57.92,86.26,0,10
STU0194,CRS05,6,74.4,73.15,0,10
STU0194,CRS05,7,64.67,80.7,0,10
STU0194,CRS05,8,29.95,79.76,0,10
STU0194,CRS05,9,114.03,72.08,0,10
STU0194,CRS05,10,147.75,76.17,1,10
STU0195,CRS01,1,174.79,50.35,0,12
STU0195,CRS01,2,175.38,47.54,0,12
STU0195,CRS01,3,77.06,51.68,0,12
STU0195,CRS01,4,140.43,48.16,0,12
STU0195,CRS01,5,150.5,44.03,0,12
STU0195,CRS01,6,149.31,42.41,0,12
STU0195,CRS01,7,61.93,48.65,0,12
STU0195,CRS01,8,166.21,51.49,0,12
STU0195,CRS01,9,169.69,55.05,0,12
STU0195,CRS01,10,28.22,25.61,0,12
STU0195,CRS02,1,86.29,47.68,0,12
STU0195,CRS02,2,95.98,51.38,0,12
STU0195,CRS02,3,57.79,60.13,0,12
STU0195,CRS02,4,128.26,65.27,0,12
STU0195,CRS02,5,120.47,53.26,0,12
STU0195,CRS03,1,20.45,72.35,0,9
STU0195,CRS03,2,20.93,94.88,0,9
STU0195,CRS03,3,105.0,86.86,0,9
STU0195,CRS03,4,111.62,99.87,0,9
STU0195,CRS03,5,81.29,70.12,0,9
STU0195,CRS03,6,79.67,67.31,0,9
STU0195,CRS03,7,95.6,82.9,0,9
STU0195,CRS04,1,105.7,81.71,0,11
STU0195,CRS04,2,30.34,84.68,0,11
STU0195,CRS04,3,61.99,72.73,0,11
STU0195,CRS04,4,71.03,59.86,0,11
STU0195,CRS04,5,122.31,89.08,0,11
STU0195,CRS04,6,101.45,63.29,0,11
STU0195,CRS04,7,78.95,67.94,0,11
STU0195,CRS04,8,137.57,80.63,0,11
STU0195,CRS04,9,123.78,74.58,0,11
STU0195,CRS05,1,81.36,73.01,0,12
STU0195,CRS05,2,192.74,82.16,0,12
STU0195,CRS05,3,123.93,55.87,0,12
STU0195,CRS05,4,123.75,64.31,0,12
STU0195,CRS05,5,195.44,76.1,0,12
STU0195,CRS05,6,148.83,62.34,0,12
STU0195,CRS05,7,119.95,77.8,0,12
STU0196,CRS01,1,68.61,41.96,0,9
STU0196,CRS01,2,43.54,54.85,0,9
STU0196,CRS01,3,139.8,60.88,0,9
STU0196,CRS01,4,144.95,53.28,0,9
STU0196,CRS01,5,17.75,50.59,0,9
STU0196,CRS01,6,21.24,22.88,0,9
STU0196,CRS01,7,81.59,35.33,0,9
STU0196,CRS02,1,14.7,58.68,0,12
STU0196,CRS02,2,28.39,42.74,0,12
STU0196,CRS02,3,83.44,41.6,0,12
STU0196,CRS02,4,76.72,55.72,0,12
STU0196,CRS02,5,37.08,50.22,0,12
STU0196,CRS02,6,18.39,54.61,0,12
STU0196,CRS02,7,143.56,60.05,0,12
STU0196,CRS02,8,80.4,75.41,0,12
STU0196,CRS03,1,158.23,70.49,0,8
STU0196,CRS03,2,49.9,72.84,0,8
STU0196,CRS03,3,102.95,66.71,0,8
STU0196,CRS03,4,41.04,54.71,0,8
STU0196,CRS04,1,50.28,47.93,0,11
STU0196,CRS04,2,85.41,49.9,0,11
STU0196,CRS04,3,29.16,25.89,0,11
STU0196,CRS04,4,68.07,25.54,0,11
STU0196,CRS04,5,16.64,45.88,0,11
STU0196,CRS05,1,135.74,46.3,0,11
STU0196,CRS05,2,69.39,67.19,0,11
STU0196,CRS05,3,76.78,29.9,0,11
STU0196,CRS05,4,148.79,47.75,0,11
STU0196,CRS05,5,56.8,46.91,0,11
STU0196,CRS05,6,172.35,62.06,0,11
STU0196,CRS05,7,69.33,41.49,0,11
STU0196,CRS05,8,35.82,29.17,0,11
STU0196,CRS05,9,198.73,60.98,0,11
STU0196,CRS05,10,144.88,43.04,0,11
STU0196,CRS05,11,45.63,58.93,1,11
STU0197,CRS01,1,94.81,76.68,0,9
STU0197,CRS01,2,72.8,48.24,0,9
STU0197,CRS01,3,51.18,61.1,0,9
STU0197,CRS01,4,103.28,58.2,0,9
STU0197,CRS01,5,125.63,58.39,0,9
STU0197,CRS01,6,156.67,89.85,0,9
STU0197,CRS01,7,76.43,55.07,0,9
STU0197,CRS01,8,194.82,75.17,0,9
STU0197,CRS01,9,235.81,96.41,1,9
STU0197,CRS02,1,19.68,77.4,0,12
STU0197,CRS02,2,99.55,82.82,0,12
STU0197,CRS02,3,31.39,79.83,0,12
STU0197,CRS02,4,108.49,88.59,0,12
STU0197,CRS02,5,34.27,73.97,0,12
STU0197,CRS02,6,150.98,88.43,0,12
STU0197,CRS02,7,125.36,98.26,0,12
STU0197,CRS02,8,41.22,80.03,0,12
STU0197,CRS02,9,61.61,95.95,0,12
STU0197,CRS02,10,131.64,100.0,0,12
STU0197,CRS02,11,163.81,100.0,0,12
STU0197,CRS02,12,60.82,83.38,1,12
STU0197,CRS03,1,112.07,51.3,0,12
STU0197,CRS03,2,143.59,36.43,0,12
STU0197,CRS03,3,35.67,46.82,0,12
STU0197,CRS03,4,25.01,30.72,0,12
STU0197,CRS03,5,132.97,35.83,0,12
STU0197,CRS03,6,118.9,55.01,0,12
STU0197,CRS03,7,182.4,12.06,0,12
STU0197,CRS03,8,80.1,38.46,0,12
STU0197,CRS03,9,75.65,32.73,0,12
STU0197,CRS03,10,49.85,40.62,0,12
STU0197,CRS03,11,27.19,48.16,0,12
STU0197,CRS03,12,159.97,21.39,1,12
STU0197,CRS04,1,190.3,70.0,0,12
STU0197,CRS04,2,109.03,70.83,0,12
STU0197,CRS04,3,232.22,70.31,0,12
STU0197,CRS04,4,148.49,78.78,0,12
STU0197,CRS04,5,168.34,89.55,0,12
STU0197,CRS04,6,91.98,66.08,0,12
STU0197,CRS04,7,217.52,76.59,0,12
STU0197,CRS04,8,75.08,67.97,0,12
STU0197,CRS04,9,122.5,86.78,0,12
STU0197,CRS04,10,48.29,51.29,0,12
STU0197,CRS04,11,272.92,80.43,0,12
STU0197,CRS04,12,113.15,65.82,1,12
STU0197,CRS05,1,209.62,96.33,0,10
STU0197,CRS05,2,33.2,74.42,0,10
STU0197,CRS05,3,209.45,74.53,0,10
STU0197,CRS05,4,187.47,97.42,0,10
STU0197,CRS05,5,40.18,66.84,0,10
STU0197,CRS05,6,183.82,82.02,0,10
STU0197,CRS05,7,211.62,72.52,0,10
STU0197,CRS05,8,78.3,65.59,0,10
STU0197,CRS05,9,132.21,85.44,0,10
STU0197,CRS05,10,107.21,64.51,1,10
STU0198,CRS01,1,68.11,64.71,0,9
STU0198,CRS01,2,18.23,58.54,0,9
STU0198,CRS01,3,29.32,36.98,0,9
STU0198,CRS01,4,28.57,39.65,0,9
STU0198,CRS01,5,88.27,50.18,0,9
STU0198,CRS01,6,59.75,57.53,0,9
STU0198,CRS01,7,11.45,55.5,0,9
STU0198,CRS01,8,73.05,47.03,0,9
STU0198,CRS01,9,29.1,66.54,1,9
STU0198,CRS02,1,205.46,78.62,0,8
STU0198,CRS02,2,172.78,100.0,0,8
STU0198,CRS02,3,33.2,67.13,0,8
STU0198,CRS02,4,32.68,71.91,0,8
STU0198,CRS02,5,224.02,95.72,0,8
STU0198,CRS02,6,239.44,68.14,0,8
STU0198,CRS02,7,115.17,81.48,0,8
STU0198,CRS02,8,216.51,79.7,1,8
STU0198,CRS03,1,173.62,70.33,0,10
STU0198,CRS03,2,116.86,79.69,0,10
STU0198,CRS03,3,221.04,80.3,0,10
STU0198,CRS03,4,88.88,63.13,0,10
STU0198,CRS03,5,62.2,73.73,0,10
STU0198,CRS03,6,156.48,71.49,0,10
STU0198,CRS03,7,32.35,41.34,0,10
STU0198,CRS03,8,160.3,78.21,0,10
STU0198,CRS03,9,98.3,56.41,0,10
STU0198,CRS03,10,199.3,67.16,1,10
STU0198,CRS04,1,103.14,80.48,0,9
STU0198,CRS04,2,101.02,72.91,0,9
STU0198,CRS04,3,32.93,66.18,0,9
STU0198,CRS04,4,151.59,81.71,0,9
STU0198,CRS04,5,98.94,81.75,0,9
STU0198,CRS04,6,173.89,84.2,0,9
STU0198,CRS04,7,93.17,70.49,0,9
STU0198,CRS04,8,194.69,87.87,0,9
STU0198,CRS04,9,23.3,79.34,1,9
STU0198,CRS05,1,189.67,54.75,0,9
STU0198,CRS05,2,159.12,25.59,0,9
STU0198,CRS05,3,174.09,46.87,0,9
STU0198,CRS05,4,95.1,31.54,0,9
STU0198,CRS05,5,57.53,36.86,0,9
STU0198,CRS05,6,154.34,43.26,0,9
STU0198,CRS05,7,33.2,28.52,0,9
STU0198,CRS05,8,40.06,39.12,0,9
STU0198,CRS05,9,111.41,46.89,1,9
STU0199,CRS01,1,165.08,49.64,0,12
STU0199,CRS01,2,62.71,32.89,0,12
STU0199,CRS01,3,141.84,54.58,0,12
STU0199,CRS01,4,194.77,65.04,0,12
STU0199,CRS01,5,130.9,71.86,0,12
STU0199,CRS01,6,204.51,51.71,0,12
STU0199,CRS01,7,44.32,36.72,0,12
STU0199,CRS01,8,111.73,47.25,0,12
STU0199,CRS01,9,103.49,43.94,0,12
STU0199,CRS02,1,75.55,85.54,0,11
STU0199,CRS02,2,198.65,100.0,0,11
STU0199,CRS02,3,97.05,87.6,0,11
STU0199,CRS02,4,196.97,99.91,0,11
STU0199,CRS02,5,49.27,94.81,0,11
STU0199,CRS02,6,135.11,70.19,0,11
STU0199,CRS02,7,148.69,82.55,0,11
STU0199,CRS02,8,73.58,84.58,0,11
STU0199,CRS03,1,81.6,41.31,0,12
STU0199,CRS03,2,189.07,49.33,0,12
STU0199,CRS03,3,168.48,38.37,0,12
STU0199,CRS03,4,204.12,40.22,0,12
STU0199,CRS03,5,195.92,56.28,0,12
STU0199,CRS03,6,95.89,45.57,0,12
STU0199,CRS03,7,207.21,39.15,0,12
STU0199,CRS03,8,36.99,24.39,0,12
STU0199,CRS03,9,94.15,49.75,0,12
STU0199,CRS04,1,118.28,95.35,0,9
STU0199,CRS04,2,25.49,87.91,0,9
STU0199,CRS04,3,75.17,78.21,0,9
STU0199,CRS04,4,20.0,85.07,0,9
STU0199,CRS04,5,39.45,81.15,0,9
STU0199,CRS04,6,119.75,95.81,0,9
STU0199,CRS04,7,96.83,76.49,0,9
STU0199,CRS05,1,134.42,67.33,0,11
STU0199,CRS05,2,63.17,61.13,0,11
STU0199,CRS05,3,203.92,80.54,0,11
STU0199,CRS05,4,167.93,84.51,0,11
STU0199,CRS05,5,183.85,86.93,0,11
STU0199,CRS05,6,45.08,79.55,0,11
STU0199,CRS05,7,126.99,79.53,0,11
STU0199,CRS05,8,199.93,69.11,0,11
STU0199,CRS05,9,224.72,75.52,0,11
STU0199,CRS05,10,195.65,69.86,0,11
STU0199,CRS05,11,122.04,72.08,1,11
STU0200,CRS01,1,79.53,37.76,0,10
STU0200,CRS01,2,88.85,44.05,0,10
STU0200,CRS01,3,63.01,21.67,0,10
STU0200,CRS01,4,19.31,33.96,0,10
STU0200,CRS01,5,75.46,34.6,0,10
STU0200,CRS02,1,41.16,90.84,0,12
STU0200,CRS02,2,90.27,100.0,0,12
STU0200,CRS02,3,214.36,98.61,0,12
STU0200,CRS02,4,137.01,100.0,0,12
STU0200,CRS02,5,112.91,81.48,0,12
STU0200,CRS02,6,51.28,97.24,0,12
STU0200,CRS02,7,149.39,100.0,0,12
STU0200,CRS02,8,171.8,90.22,0,12
STU0200,CRS02,9,150.52,100.0,0,12
STU0200,CRS02,10,57.55,96.03,0,12
STU0200,CRS02,11,216.33,100.0,0,12
STU0200,CRS02,12,36.08,85.21,1,12
STU0200,CRS03,1,96.52,35.8,0,12
STU0200,CRS03,2,127.99,65.17,0,12
STU0200,CRS03,3,48.16,55.49,0,12
STU0200,CRS03,4,125.9,55.3,0,12
STU0200,CRS03,5,86.79,45.92,0,12
STU0200,CRS03,6,183.72,44.65,0,12
STU0200,CRS03,7,46.78,25.8,0,12
STU0200,CRS03,8,260.62,51.57,0,12
STU0200,CRS03,9,58.37,36.58,0,12
STU0200,CRS03,10,178.33,49.76,0,12
STU0200,CRS03,11,143.02,42.81,0,12
STU0200,CRS03,12,87.84,37.7,1,12
STU0200,CRS04,1,56.05,100.0,0,11
STU0200,CRS04,2,38.71,82.29,0,11
STU0200,CRS04,3,91.13,92.02,0,11
STU0200,CRS04,4,18.63,72.12,0,11
STU0200,CRS04,5,28.22,81.96,0,11
STU0200,CRS04,6,76.08,100.0,0,11
STU0200,CRS05,1,176.76,100.0,0,10
STU0200,CRS05,2,192.15,92.12,0,10
STU0200,CRS05,3,146.81,91.19,0,10
STU0200,CRS05,4,151.21,92.89,0,10
STU0200,CRS05,5,92.42,63.81,0,10
STU0200,CRS05,6,108.85,75.55,0,10
STU0200,CRS05,7,147.4,77.99,0,10
STU0200,CRS05,8,133.38,87.75,0,10
STU0201,CRS01,1,36.75,78.64,0,9
STU0201,CRS01,2,81.1,77.26,0,9
STU0201,CRS01,3,89.15,97.0,0,9
STU0201,CRS01,4,29.04,96.36,0,9
STU0201,CRS01,5,80.05,82.79,0,9
STU0201,CRS01,6,45.83,89.99,0,9
STU0201,CRS01,7,92.43,100.0,0,9
STU0201,CRS02,1,225.92,85.91,0,11
STU0201,CRS02,2,222.09,88.65,0,11
STU0201,CRS02,3,207.47,65.49,0,11
STU0201,CRS02,4,126.15,78.31,0,11
STU0201,CRS03,1,35.9,44.79,0,11
STU0201,CRS03,2,144.42,45.41,0,11
STU0201,CRS03,3,120.94,50.66,0,11
STU0201,CRS03,4,74.22,27.18,0,11
STU0201,CRS03,5,97.57,54.6,0,11
STU0201,CRS03,6,147.88,39.48,0,11
STU0201,CRS03,7,124.52,44.89,0,11
STU0201,CRS03,8,96.94,37.4,0,11
STU0201,CRS04,1,170.54,83.98,0,8
STU0201,CRS04,2,41.52,66.18,0,8
STU0201,CRS04,3,104.87,72.87,0,8
STU0201,CRS04,4,52.72,43.33,0,8
STU0201,CRS04,5,122.07,59.19,0,8
STU0201,CRS04,6,205.68,67.38,0,8
STU0201,CRS04,7,206.45,70.52,0,8
STU0201,CRS04,8,264.02,59.76,1,8
STU0201,CRS05,1,136.24,64.89,0,11
STU0201,CRS05,2,79.53,31.58,0,11
STU0201,CRS05,3,188.28,66.64,0,11
STU0201,CRS05,4,114.05,39.21,0,11
STU0201,CRS05,5,109.79,40.16,0,11
STU0201,CRS05,6,148.75,46.27,0,11
STU0201,CRS05,7,110.88,41.67,0,11
STU0201,CRS05,8,37.74,54.47,0,11
STU0201,CRS05,9,77.21,45.3,0,11
STU0201,CRS05,10,213.41,63.04,0,11
STU0201,CRS05,11,73.59,41.51,1,11
STU0202,CRS01,1,78.43,55.39,0,10
STU0202,CRS01,2,100.46,58.92,0,10
STU0202,CRS01,3,26.61,59.89,0,10
STU0202,CRS01,4,118.68,54.24,0,10
STU0202,CRS02,1,101.98,98.89,0,10
STU0202,CRS02,2,71.94,80.37,0,10
STU0202,CRS02,3,194.73,94.8,0,10
STU0202,CRS02,4,65.17,77.92,0,10
STU0202,CRS02,5,116.95,94.62,0,10
STU0202,CRS02,6,43.09,85.01,0,10
STU0202,CRS02,7,194.33,74.86,0,10
STU0202,CRS02,8,90.94,88.43,0,10
STU0202,CRS02,9,68.94,96.73,0,10
STU0202,CRS02,10,78.49,76.26,1,10
STU0202,CRS03,1,96.5,76.42,0,10
STU0202,CRS03,2,109.63,48.56,0,10
STU0202,CRS03,3,127.09,85.99,0,10
STU0202,CRS03,4,120.18,93.45,0,10
STU0202,CRS04,1,247.31,26.91,0,12
STU0202,CRS04,2,130.68,48.48,0,12
STU0202,CRS04,3,113.1,34.12,0,12
STU0202,CRS04,4,141.13,35.19,0,12
STU0202,CRS04,5,149.03,41.9,0,12
STU0202,CRS04,6,72.01,50.44,0,12
STU0202,CRS04,7,100.01,25.95,0,12
STU0202,CRS04,8,206.89,53.81,0,12
STU0202,CRS04,9,207.4,34.71,0,12
STU0202,CRS04,10,67.56,29.94,0,12
STU0202,CRS04,11,105.71,61.77,0,12
STU0202,CRS04,12,227.13,52.23,1,12
STU0202,CRS05,1,66.88,100.0,0,8
STU0202,CRS05,2,52.61,92.24,0,8
STU0202,CRS05,3,48.26,82.36,0,8
STU0202,CRS05,4,33.88,99.61,0,8
STU0202,CRS05,5,42.21,96.9,0,8
STU0203,CRS01,1,35.4,37.6,0,10
STU0203,CRS01,2,39.29,37.59,0,10
STU0203,CRS01,3,120.05,51.84,0,10
STU0203,CRS01,4,39.7,40.07,0,10
STU0203,CRS01,5,100.72,26.27,0,10
STU0203,CRS01,6,88.31,58.48,0,10
STU0203,CRS01,7,115.62,45.63,0,10
STU0203,CRS02,1,38.31,41.45,0,12
STU0203,CRS02,2,143.75,67.89,0,12
STU0203,CRS02,3,136.46,74.61,0,12
STU0203,CRS02,4,166.01,55.36,0,12
STU0203,CRS02,5,214.71,67.92,0,12
STU0203,CRS03,1,27.94,73.2,0,11
STU0203,CRS03,2,87.86,77.77,0,11
STU0203,CRS03,3,88.24,91.41,0,11
STU0203,CRS03,4,30.9,67.1,0,11
STU0203,CRS03,5,208.28,89.82,0,11
STU0203,CRS03,6,92.32,83.63,0,11
STU0203,CRS03,7,187.57,87.42,0,11
STU0203,CRS03,8,206.05,66.62,0,11
STU0203,CRS03,9,177.56,81.83,0,11
STU0203,CRS03,10,79.2,90.32,0,11
STU0203,CRS03,11,193.45,73.94,1,11
STU0203,CRS04,1,132.27,93.39,0,12
STU0203,CRS04,2,162.82,100.0,0,12
STU0203,CRS04,3,114.06,94.4,0,12
STU0203,CRS04,4,204.76,100.0,0,12
STU0203,CRS04,5,195.35,100.0,0,12
STU0203,CRS04,6,164.45,87.85,0,12
STU0203,CRS04,7,76.45,96.53,0,12
STU0203,CRS04,8,201.87,86.96,0,12
STU0203,CRS05,1,199.15,41.43,0,10
STU0203,CRS05,2,80.16,39.01,0,10
STU0203,CRS05,3,140.31,49.87,0,10
STU0203,CRS05,4,216.35,48.18,0,10
STU0203,CRS05,5,187.0,52.62,0,10
STU0203,CRS05,6,205.24,77.88,0,10
STU0203,CRS05,7,56.75,37.03,0,10
STU0203,CRS05,8,206.02,48.34,0,10
STU0203,CRS05,9,289.14,62.45,0,10
STU0203,CRS05,10,246.99,41.79,1,10
STU0204,CRS01,1,118.45,51.45,0,10
STU0204,CRS01,2,54.77,54.33,0,10
STU0204,CRS01,3,36.99,45.21,0,10
STU0204,CRS01,4,155.83,63.75,0,10
STU0204,CRS01,5,182.72,60.44,0,10
STU0204,CRS01,6,132.8,55.3,0,10
STU0204,CRS01,7,233.18,65.97,0,10
STU0204,CRS01,8,131.95,58.36,0,10
STU0204,CRS01,9,157.95,58.77,0,10
STU0204,CRS02,1,166.49,93.85,0,10
STU0204,CRS02,2,207.0,100.0,0,10
STU0204,CRS02,3,113.42,81.36,0,10
STU0204,CRS02,4,215.82,99.93,0,10
STU0204,CRS02,5,28.63,100.0,0,10
STU0204,CRS02,6,238.2,99.64,0,10
STU0204,CRS03,1,37.19,54.86,0,11
STU0204,CRS03,2,101.12,43.52,0,11
STU0204,CRS03,3,137.24,46.73,0,11
STU0204,CRS03,4,161.8,74.93,0,11
STU0204,CRS03,5,193.34,60.19,0,11
STU0204,CRS03,6,72.57,58.3,0,11
STU0204,CRS03,7,230.32,76.89,0,11
STU0204,CRS03,8,152.37,75.44,0,11
STU0204,CRS03,9,194.98,68.81,0,11
STU0204,CRS03,10,178.4,75.54,0,11
STU0204,CRS03,11,85.06,51.22,1,11
STU0204,CRS04,1,85.71,76.25,0,9
STU0204,CRS04,2,189.17,98.83,0,9
STU0204,CRS04,3,253.33,75.73,0,9
STU0204,CRS04,4,220.33,100.0,0,9
STU0204,CRS04,5,185.93,83.62,0,9
STU0204,CRS04,6,200.53,86.8,0,9
STU0204,CRS04,7,34.78,83.09,0,9
STU0204,CRS04,8,230.93,79.96,0,9
STU0204,CRS04,9,288.27,76.22,1,9
STU0204,CRS05,1,161.53,63.85,0,11
STU0204,CRS05,2,33.7,68.42,0,11
STU0204,CRS05,3,188.36,68.5,0,11
STU0205,CRS01,1,55.23,77.58,0,12
STU0205,CRS01,2,54.65,47.53,0,12
STU0205,CRS01,3,129.31,64.52,0,12
STU0205,CRS01,4,82.44,73.58,0,12
STU0205,CRS01,5,59.67,84.97,0,12
STU0205,CRS01,6,107.59,56.22,0,12
STU0205,CRS02,1,161.64,49.04,0,8
STU0205,CRS02,2,178.58,44.29,0,8
STU0205,CRS03,1,64.17,64.45,0,8
STU0205,CRS03,2,50.59,71.09,0,8
STU0205,CRS03,3,170.34,83.25,0,8
STU0205,CRS03,4,197.61,85.88,0,8
STU0205,CRS03,5,112.84,77.69,0,8
STU0205,CRS03,6,62.81,64.5,0,8
STU0205,CRS03,7,31.64,60.35,0,8
STU0205,CRS03,8,168.65,81.69,1,8
STU0205,CRS04,1,57.09,86.14,0,10
STU0205,CRS04,2,25.61,77.0,0,10
STU0205,CRS04,3,87.42,97.72,0,10
STU0205,CRS04,4,152.63,100.0,0,10
STU0205,CRS04,5,159.67,100.0,0,10
STU0205,CRS04,6,184.03,100.0,0,10
STU0205,CRS04,7,181.83,100.0,0,10
STU0205,CRS04,8,154.81,84.77,0,10
STU0205,CRS04,9,147.4,75.76,0,10
STU0205,CRS05,1,57.73,75.13,0,9
STU0206,CRS01,1,73.1,98.15,0,8
STU0206,CRS01,2,157.16,98.25,0,8
STU0206,CRS01,3,193.82,99.27,0,8
STU0206,CRS01,4,146.69,88.01,0,8
STU0206,CRS01,5,80.71,75.08,0,8
STU0206,CRS01,6,38.19,73.6,0,8
STU0206,CRS01,7,70.13,79.68,0,8
STU0206,CRS01,8,278.51,62.83,1,8
STU0206,CRS02,1,47.97,47.0,0,10
STU0206,CRS02,2,71.14,54.16,0,10
STU0206,CRS02,3,136.66,75.67,0,10
STU0206,CRS02,4,129.72,47.86,0,10
STU0206,CRS02,5,257.53,73.96,0,10
STU0206,CRS02,6,200.31,73.15,0,10
STU0206,CRS02,7,240.73,60.92,0,10
STU0206,CRS02,8,238.23,71.37,0,10
STU0206,CRS02,9,86.32,48.79,0,10
STU0206,CRS02,10,72.04,45.66,1,10
STU0206,CRS03,1,54.97,42.86,0,8
STU0206,CRS03,2,49.69,35.33,0,8
STU0206,CRS03,3,33.09,52.19,0,8
STU0206,CRS03,4,99.16,67.68,0,8
STU0206,CRS03,5,93.2,43.84,0,8
STU0206,CRS03,6,95.16,54.07,0,8
STU0206,CRS03,7,69.05,41.65,0,8
STU0206,CRS03,8,130.88,42.64,1,8
STU0206,CRS04,1,78.3,76.6,0,9
STU0206,CRS04,2,139.8,100.0,0,9
STU0206,CRS04,3,33.37,58.14,0,9
STU0206,CRS04,4,140.84,75.87,0,9
STU0206,CRS04,5,44.01,87.29,0,9
STU0206,CRS04,6,99.24,72.75,0,9
STU0206,CRS04,7,110.0,90.53,0,9
STU0206,CRS04,8,67.86,85.63,0,9
STU0206,CRS04,9,21.53,69.0,1,9
STU0206,CRS05,1,13.93,81.13,0,11
STU0206,CRS05,2,90.97,87.13,0,11
STU0206,CRS05,3,80.42,87.7,0,11
STU0206,CRS05,4,43.28,93.96,0,11
STU0206,CRS05,5,21.92,79.6,0,11
STU0206,CRS05,6,14.92,76.32,0,11
STU0206,CRS05,7,25.79,85.08,0,11
STU0206,CRS05,8,89.12,87.52,0,11
STU0207,CRS01,1,95.51,73.38,0,11
STU0207,CRS01,2,67.41,49.06,0,11
STU0207,CRS01,3,137.7,63.92,0,11
STU0207,CRS01,4,109.95,63.89,0,11
STU0207,CRS01,5,142.64,83.98,0,11
STU0207,CRS01,6,129.84,67.24,0,11
STU0207,CRS01,7,43.71,57.65,0,11
STU0207,CRS01,8,48.48,51.34,0,11
STU0207,CRS02,1,92.2,98.85,0,12
STU0207,CRS02,2,126.88,81.06,0,12
STU0207,CRS02,3,19.17,84.11,0,12
STU0207,CRS02,4,58.15,88.19,0,12
STU0207,CRS02,5,113.34,100.0,0,12
STU0207,CRS02,6,102.69,92.46,0,12
STU0207,CRS02,7,71.44,90.77,0,12
STU0207,CRS03,1,97.15,100.0,0,9
STU0207,CRS03,2,91.67,100.0,0,9
STU0207,CRS03,3,130.94,92.66,0,9
STU0207,CRS03,4,25.87,73.71,0,9
STU0207,CRS03,5,124.19,96.64,0,9
STU0207,CRS04,1,78.1,65.66,0,12
STU0207,CRS04,2,98.0,76.51,0,12
STU0207,CRS04,3,32.35,87.83,0,12
STU0207,CRS04,4,88.58,88.39,0,12
STU0207,CRS04,5,41.83,81.06,0,12
STU0207,CRS05,1,178.86,100.0,0,11
STU0207,CRS05,2,207.38,100.0,0,11
STU0207,CRS05,3,255.0,100.0,0,11
STU0207,CRS05,4,240.2,100.0,0,11
STU0207,CRS05,5,255.33,100.0,0,11
STU0207,CRS05,6,115.76,100.0,0,11
STU0207,CRS05,7,91.75,100.0,0,11
STU0207,CRS05,8,276.32,95.66,0,11
STU0207,CRS05,9,241.16,100.0,0,11
STU0207,CRS05,10,90.01,95.37,0,11
STU0207,CRS05,11,223.37,99.06,1,11
STU0208,CRS01,1,163.84,73.02,0,8
STU0208,CRS01,2,137.48,41.63,0,8
STU0208,CRS01,3,26.86,37.85,0,8
STU0208,CRS01,4,42.81,32.82,0,8
STU0208,CRS02,1,29.19,84.36,0,9
STU0208,CRS02,2,60.35,87.24,0,9
STU0208,CRS02,3,102.26,91.29,0,9
STU0208,CRS03,1,88.4,44.77,0,11
STU0208,CRS03,2,102.04,46.18,0,11
STU0208,CRS03,3,35.34,63.41,0,11
STU0208,CRS03,4,42.92,35.2,0,11
STU0208,CRS03,5,78.0,46.55,0,11
STU0208,CRS04,1,138.27,77.33,0,10
STU0208,CRS04,2,92.51,96.51,0,10
STU0208,CRS04,3,75.35,75.32,0,10
STU0208,CRS04,4,72.65,81.28,0,10
STU0208,CRS04,5,18.96,70.97,0,10
STU0208,CRS04,6,147.97,88.39,0,10
STU0208,CRS04,7,28.22,64.43,0,10
STU0208,CRS05,1,29.59,79.17,0,12
STU0208,CRS05,2,130.57,100.0,0,12
STU0208,CRS05,3,91.1,89.39,0,12
STU0208,CRS05,4,156.44,84.31,0,12
STU0208,CRS05,5,103.29,77.69,0,12
STU0208,CRS05,6,94.1,85.74,0,12
STU0208,CRS05,7,168.79,98.42,0,12
STU0208,CRS05,8,26.94,81.17,0,12
STU0208,CRS05,9,86.16,69.04,0,12
STU0208,CRS05,10,137.7,65.4,0,12
STU0208,CRS05,11,160.06,98.43,0,12
STU0209,CRS01,1,154.86,73.97,0,9
STU0209,CRS01,2,117.83,67.05,0,9
STU0209,CRS01,3,110.93,57.17,0,9
STU0209,CRS01,4,166.31,60.15,0,9
STU0209,CRS02,1,74.7,88.38,0,12
STU0209,CRS02,2,72.93,88.57,0,12
STU0209,CRS02,3,102.9,66.84,0,12
STU0209,CRS02,4,124.3,81.33,0,12
STU0209,CRS02,5,15.18,73.4,0,12
STU0209,CRS03,1,11.03,72.25,0,8
STU0209,CRS03,2,15.15,68.23,0,8
STU0209,CRS03,3,30.38,85.21,0,8
STU0209,CRS03,4,49.07,72.67,0,8
STU0209,CRS03,5,90.04,99.25,0,8
STU0209,CRS03,6,28.54,74.78,0,8
STU0209,CRS03,7,70.31,60.97,0,8
STU0209,CRS03,8,36.39,71.05,1,8
STU0209,CRS04,1,146.18,59.64,0,8
STU0209,CRS04,2,87.92,76.6,0,8
STU0209,CRS04,3,148.14,83.62,0,8
STU0209,CRS04,4,93.86,54.43,0,8
STU0209,CRS04,5,43.27,67.4,0,8
STU0209,CRS04,6,56.06,60.15,0,8
STU0209,CRS05,1,181.44,36.94,0,12
STU0209,CRS05,2,209.42,54.07,0,12
STU0209,CRS05,3,172.16,37.74,0,12
STU0209,CRS05,4,135.99,38.6,0,12
STU0209,CRS05,5,139.96,54.25,0,12
STU0209,CRS05,6,186.53,57.24,0,12
STU0209,CRS05,7,29.63,33.68,0,12
STU0209,CRS05,8,59.51,29.34,0,12
STU0210,CRS01,1,78.36,86.02,0,9
STU0210,CRS01,2,105.22,100.0,0,9
STU0210,CRS01,3,92.13,98.31,0,9
STU0210,CRS01,4,49.97,92.19,0,9
STU0210,CRS02,1,113.52,30.09,0,12
STU0210,CRS02,2,26.46,37.47,0,12
STU0210,CRS02,3,111.95,29.45,0,12
STU0210,CRS02,4,152.06,44.93,0,12
STU0210,CRS02,5,165.06,40.14,0,12
STU0210,CRS03,1,232.48,53.72,0,11
STU0210,CRS03,2,236.49,59.54,0,11
STU0210,CRS03,3,89.67,60.75,0,11
STU0210,CRS03,4,237.92,83.56,0,11
STU0210,CRS03,5,202.24,70.85,0,11
STU0210,CRS03,6,248.76,87.61,0,11
STU0210,CRS03,7,223.83,71.1,0,11
STU0210,CRS03,8,189.7,60.9,0,11
STU0210,CRS03,9,215.08,57.74,0,11
STU0210,CRS03,10,262.86,59.93,0,11
STU0210,CRS03,11,212.69,62.54,1,11
STU0210,CRS04,1,129.74,49.82,0,9
STU0210,CRS04,2,113.81,53.33,0,9
STU0210,CRS04,3,153.91,52.82,0,9
STU0210,CRS04,4,146.12,59.1,0,9
STU0210,CRS04,5,19.48,28.0,0,9
STU0210,CRS04,6,140.76,39.83,0,9
STU0210,CRS04,7,44.37,31.04,0,9
STU0210,CRS04,8,74.93,48.03,0,9
STU0210,CRS04,9,69.49,29.21,1,9
STU0210,CRS05,1,144.13,49.43,0,12
STU0210,CRS05,2,52.5,56.54,0,12
STU0210,CRS05,3,151.44,52.25,0,12
STU0210,CRS05,4,50.03,25.85,0,12
STU0210,CRS05,5,67.71,47.96,0,12
STU0211,CRS01,1,96.79,56.31,0,11
STU0211,CRS01,2,108.07,47.15,0,11
STU0211,CRS01,3,150.2,39.42,0,11
STU0211,CRS01,4,143.52,37.26,0,11
STU0211,CRS01,5,73.08,35.24,0,11
STU0211,CRS02,1,70.51,74.13,0,8
STU0211,CRS02,2,82.72,82.79,0,8
STU0211,CRS02,3,56.4,70.75,0,8
STU0211,CRS02,4,104.59,53.62,0,8
STU0211,CRS02,5,72.97,67.47,0,8
STU0211,CRS02,6,65.9,76.88,0,8
STU0211,CRS02,7,167.68,76.97,0,8
STU0211,CRS02,8,101.38,60.32,1,8
STU0211,CRS03,1,84.26,79.03,0,10
STU0211,CRS03,2,90.43,67.36,0,10
STU0211,CRS03,3,73.24,62.06,0,10
STU0211,CRS03,4,53.51,69.81,0,10
STU0211,CRS03,5,42.46,73.27,0,10
STU0211,CRS03,6,62.71,84.66,0,10
STU0211,CRS04,1,32.43,43.54,0,8
STU0211,CRS04,2,190.01,71.27,0,8
STU0211,CRS04,3,172.33,46.77,0,8
STU0211,CRS04,4,109.66,32.36,0,8
STU0211,CRS04,5,85.06,20.5,0,8
STU0211,CRS04,6,34.06,36.57,0,8
STU0211,CRS04,7,148.36,42.57,0,8
STU0211,CRS04,8,167.91,43.83,1,8
STU0211,CRS05,1,190.03,62.0,0,9
STU0211,CRS05,2,60.38,82.34,0,9
STU0211,CRS05,3,132.22,64.87,0,9
STU0211,CRS05,4,197.79,83.9,0,9
STU0211,CRS05,5,30.13,72.29,0,9
STU0211,CRS05,6,175.69,99.68,0,9
STU0211,CRS05,7,150.9,83.19,0,9
STU0211,CRS05,8,213.08,98.68,0,9
STU0211,CRS05,9,76.23,66.29,1,9
STU0212,CRS01,1,83.7,31.49,0,9
STU0212,CRS01,2,33.34,53.85,0,9
STU0212,CRS01,3,38.13,32.22,0,9
STU0212,CRS01,4,93.12,42.91,0,9
STU0212,CRS02,1,112.79,100.0,0,11
STU0212,CRS02,2,87.67,87.31,0,11
STU0212,CRS02,3,157.98,92.27,0,11
STU0212,CRS02,4,93.36,88.34,0,11
STU0212,CRS03,1,29.16,76.77,0,12
STU0212,CRS03,2,161.9,72.57,0,12
STU0212,CRS03,3,72.59,68.53,0,12
STU0212,CRS03,4,90.99,92.31,0,12
STU0212,CRS03,5,168.91,74.13,0,12
STU0212,CRS03,6,138.19,79.79,0,12
STU0212,CRS03,7,137.94,96.95,0,12
STU0212,CRS03,8,69.64,63.13,0,12
STU0212,CRS03,9,88.68,66.24,0,12
STU0212,CRS03,10,162.13,75.89,0,12
STU0212,CRS03,11,145.55,80.69,0,12
STU0212,CRS04,1,68.13,51.84,0,8
STU0212,CRS04,2,62.15,35.32,0,8
STU0212,CRS04,3,60.8,32.94,0,8
STU0212,CRS04,4,22.9,28.97,0,8
STU0212,CRS04,5,81.69,51.17,0,8
STU0212,CRS04,6,83.15,43.46,0,8
STU0212,CRS04,7,84.3,62.14,0,8
STU0212,CRS04,8,88.02,56.69,1,8
STU0212,CRS05,1,213.78,75.2,0,12
STU0212,CRS05,2,175.83,78.16,0,12
STU0212,CRS05,3,167.41,83.31,0,12
STU0212,CRS05,4,110.21,65.0,0,12
STU0212,CRS05,5,270.37,75.33,0,12
STU0212,CRS05,6,40.58,68.04,0,12
STU0212,CRS05,7,149.44,91.55,0,12
STU0212,CRS05,8,217.59,91.79,0,12
STU0212,CRS05,9,132.62,72.54,0,12
STU0212,CRS05,10,172.2,74.01,0,12
STU0212,CRS05,11,36.6,50.19,0,12
STU0212,CRS05,12,95.53,67.94,1,12
STU0213,CRS01,1,97.78,89.35,0,12
STU0213,CRS01,2,89.78,95.29,0,12
STU0213,CRS01,3,68.81,95.55,0,12
STU0213,CRS01,4,39.14,81.52,0,12
STU0213,CRS01,5,79.42,97.53,0,12
STU0213,CRS01,6,115.01,100.0,0,12
STU0213,CRS01,7,67.0,97.09,0,12
STU0213,CRS01,8,36.14,96.64,0,12
STU0213,CRS02,1,34.35,28.37,0,9
STU0213,CRS02,2,149.03,51.04,0,9
STU0213,CRS02,3,132.58,54.57,0,9
STU0213,CRS02,4,145.4,39.9,0,9
STU0213,CRS02,5,73.52,30.85,0,9
STU0213,CRS02,6,50.2,50.15,0,9
STU0213,CRS02,7,164.46,43.71,0,9
STU0213,CRS02,8,151.66,41.11,0,9
STU0213,CRS02,9,139.78,40.42,1,9
STU0213,CRS03,1,179.2,58.52,0,10
STU0213,CRS03,2,163.36,57.89,0,10
STU0213,CRS03,3,135.02,41.91,0,10
STU0213,CRS03,4,122.9,52.47,0,10
STU0213,CRS03,5,210.43,32.57,0,10
STU0213,CRS03,6,106.45,47.88,0,10
STU0213,CRS03,7,42.6,33.64,0,10
STU0213,CRS03,8,145.72,51.9,0,10
STU0213,CRS03,9,187.79,45.97,0,10
STU0213,CRS03,10,81.51,43.25,1,10
STU0213,CRS04,1,46.67,83.76,0,9
STU0213,CRS04,2,146.9,94.14,0,9
STU0213,CRS04,3,41.88,87.28,0,9
STU0213,CRS04,4,137.63,79.7,0,9
STU0213,CRS05,1,103.19,67.04,0,9
STU0213,CRS05,2,81.78,65.98,0,9
STU0213,CRS05,3,29.47,53.14,0,9
STU0213,CRS05,4,47.86,45.28,0,9
STU0213,CRS05,5,94.36,51.4,0,9
STU0213,CRS05,6,51.93,47.49,0,9
STU0213,CRS05,7,117.03,57.0,0,9
STU0213,CRS05,8,117.64,60.75,0,9
STU0214,CRS01,1,82.77,82.54,0,11
STU0214,CRS01,2,56.64,96.99,0,11
STU0214,CRS01,3,66.35,100.0,0,11
STU0214,CRS01,4,20.23,87.35,0,11
STU0214,CRS01,5,64.82,80.81,0,11
STU0214,CRS01,6,27.63,90.4,0,11
STU0214,CRS01,7,41.46,78.47,0,11
STU0214,CRS01,8,26.12,81.69,0,11
STU0214,CRS01,9,83.49,92.74,0,11
STU0214,CRS01,10,17.09,70.24,0,11
STU0214,CRS01,11,33.33,80.93,1,11
STU0214,CRS02,1,120.34,32.03,0,12
STU0214,CRS02,2,88.88,39.92,0,12
STU0214,CRS02,3,93.27,39.25,0,12
STU0214,CRS02,4,133.04,50.45,0,12
STU0214,CRS02,5,82.44,21.11,0,12
STU0214,CRS02,6,115.33,38.01,0,12
STU0214,CRS03,1,94.1,49.42,0,11
STU0214,CRS03,2,95.44,65.73,0,11
STU0214,CRS03,3,118.17,45.43,0,11
STU0214,CRS03,4,164.91,63.97,0,11
STU0214,CRS03,5,127.57,46.98,0,11
STU0214,CRS03,6,88.97,47.92,0,11
STU0214,CRS03,7,90.18,49.64,0,11
STU0214,CRS03,8,62.18,34.94,0,11
STU0214,CRS03,9,144.58,57.83,0,11
STU0214,CRS03,10,153.43,61.92,0,11
STU0214,CRS04,1,82.47,54.07,0,10
STU0214,CRS04,2,179.04,56.56,0,10
STU0214,CRS04,3,237.43,40.25,0,10
STU0214,CRS04,4,69.55,62.2,0,10
STU0214,CRS04,5,241.03,48.93,0,10
STU0214,CRS04,6,96.69,65.69,0,10
STU0214,CRS04,7,110.05,47.15,0,10
STU0214,CRS04,8,248.23,55.45,0,10
STU0214,CRS04,9,228.54,35.72,0,10
STU0214,CRS04,10,112.74,55.42,1,10
STU0214,CRS05,1,180.39,73.91,0,8
STU0214,CRS05,2,211.14,74.7,0,8
STU0214,CRS05,3,217.11,85.2,0,8
STU0214,CRS05,4,50.2,61.44,0,8
STU0214,CRS05,5,129.56,73.38,0,8
STU0214,CRS05,6,90.86,62.35,0,8
STU0214,CRS05,7,48.6,67.87,0,8
STU0214,CRS05,8,149.16,74.09,1,8
STU0215,CRS01,1,67.49,44.17,0,11
STU0215,CRS01,2,96.93,79.39,0,11
STU0215,CRS01,3,40.05,53.77,0,11
STU0215,CRS01,4,114.31,70.8,0,11
STU0215,CRS01,5,20.97,44.72,0,11
STU0215,CRS01,6,23.29,30.58,0,11
STU0215,CRS01,7,37.37,54.08,0,11
STU0215,CRS01,8,26.7,38.97,0,11
STU0215,CRS02,1,147.97,53.41,0,9
STU0215,CRS02,2,78.44,24.88,0,9
STU0215,CRS02,3,152.29,61.82,0,9
STU0215,CRS02,4,202.51,57.16,0,9
STU0215,CRS02,5,127.67,38.5,0,9
STU0215,CRS02,6,38.11,32.64,0,9
STU0215,CRS02,7,268.18,61.63,0,9
STU0215,CRS02,8,133.06,47.53,0,9
STU0215,CRS02,9,205.19,50.12,1,9
STU0215,CRS03,1,103.03,68.82,0,9
STU0215,CRS03,2,40.39,75.78,0,9
STU0215,CRS03,3,69.39,83.49,0,9
STU0215,CRS03,4,212.03,93.59,0,9
STU0215,CRS03,5,261.27,71.61,0,9
STU0215,CRS03,6,122.21,89.26,0,9
STU0215,CRS03,7,152.12,80.13,0,9
STU0215,CRS03,8,277.6,88.57,0,9
STU0215,CRS03,9,223.81,93.78,1,9
STU0215,CRS04,1,66.73,73.09,0,11
STU0215,CRS04,2,117.14,79.86,0,11
STU0215,CRS04,3,183.04,100.0,0,11
STU0215,CRS04,4,144.03,86.03,0,11
STU0215,CRS04,5,212.13,88.55,0,11
STU0215,CRS04,6,72.27,88.84,0,11
STU0215,CRS04,7,63.8,82.76,0,11
STU0215,CRS05,1,151.79,100.0,0,9
STU0215,CRS05,2,147.18,83.97,0,9
STU0215,CRS05,3,35.2,70.94,0,9
STU0215,CRS05,4,135.18,100.0,0,9
STU0215,CRS05,5,73.54,80.68,0,9
STU0215,CRS05,6,98.64,76.38,0,9
STU0215,CRS05,7,164.01,96.44,0,9
STU0216,CRS01,1,100.72,76.88,0,8
STU0216,CRS01,2,123.97,66.96,0,8
STU0216,CRS02,1,104.25,78.66,0,11
STU0216,CRS02,2,76.88,63.24,0,11
STU0216,CRS02,3,106.58,68.16,0,11
STU0216,CRS02,4,43.13,59.99,0,11
STU0216,CRS02,5,90.56,66.6,0,11
STU0216,CRS02,6,143.11,80.94,0,11
STU0216,CRS02,7,158.11,75.04,0,11
STU0216,CRS03,1,152.6,69.71,0,11
STU0216,CRS03,2,39.07,41.33,0,11
STU0216,CRS03,3,158.57,53.81,0,11
STU0216,CRS03,4,56.94,52.31,0,11
STU0216,CRS03,5,67.8,41.71,0,11
STU0216,CRS03,6,29.23,48.09,0,11
STU0216,CRS03,7,49.25,43.96,0,11
STU0216,CRS03,8,64.35,64.62,0,11
STU0216,CRS03,9,152.25,50.69,0,11
STU0216,CRS03,10,51.06,41.7,0,11
STU0216,CRS03,11,35.54,50.32,1,11
STU0216,CRS04,1,88.54,88.66,0,9
STU0216,CRS04,2,40.95,60.67,0,9
STU0216,CRS04,3,183.05,76.19,0,9
STU0216,CRS04,4,142.3,77.93,0,9
STU0216,CRS04,5,136.2,57.94,0,9
STU0216,CRS04,6,77.71,50.32,0,9
STU0216,CRS04,7,169.33,65.68,0,9
STU0216,CRS04,8,97.57,67.46,0,9
STU0216,CRS04,9,116.24,57.42,1,9
STU0216,CRS05,1,138.17,72.63,0,12
STU0216,CRS05,2,107.89,99.75,0,12
STU0216,CRS05,3,127.26,94.33,0,12
STU0216,CRS05,4,221.25,80.72,0,12
STU0216,CRS05,5,38.74,69.68,0,12
STU0216,CRS05,6,208.74,90.27,0,12
STU0216,CRS05,7,65.68,82.48,0,12
STU0216,CRS05,8,175.37,80.54,0,12
STU0216,CRS05,9,114.47,84.59,0,12
STU0216,CRS05,10,230.07,89.44,0,12
STU0216,CRS05,11,116.97,87.6,0,12
STU0217,CRS01,1,85.0,92.02,0,11
STU0217,CRS01,2,126.06,91.61,0,11
STU0217,CRS01,3,37.9,81.11,0,11
STU0217,CRS01,4,98.99,98.68,0,11
STU0217,CRS01,5,18.13,87.02,0,11
STU0217,CRS01,6,89.08,85.02,0,11
STU0217,CRS01,7,59.03,88.33,0,11
STU0217,CRS01,8,50.5,75.44,0,11
STU0217,CRS01,9,163.01,84.48,0,11
STU0217,CRS01,10,104.93,83.93,0,11
STU0217,CRS01,11,111.74,71.51,1,11
STU0217,CRS02,1,87.94,46.4,0,11
STU0217,CRS02,2,214.49,87.87,0,11
STU0217,CRS02,3,181.83,52.72,0,11
STU0217,CRS02,4,25.42,40.96,0,11
STU0217,CRS03,1,243.87,100.0,0,9
STU0217,CRS03,2,263.17,100.0,0,9
STU0217,CRS03,3,97.25,75.02,0,9
STU0217,CRS03,4,103.92,89.37,0,9
STU0217,CRS03,5,242.31,88.21,0,9
STU0217,CRS03,6,200.0,88.99,0,9
STU0217,CRS03,7,119.72,75.16,0,9
STU0217,CRS03,8,78.24,100.0,0,9
STU0217,CRS03,9,151.64,96.57,1,9
STU0217,CRS04,1,25.69,68.99,0,9
STU0217,CRS04,2,104.72,73.99,0,9
STU0217,CRS04,3,101.32,55.65,0,9
STU0217,CRS04,4,45.89,75.48,0,9
STU0217,CRS04,5,69.32,78.19,0,9
STU0217,CRS04,6,56.65,76.31,0,9
STU0217,CRS05,1,40.72,98.01,0,8
STU0217,CRS05,2,111.68,93.94,0,8
STU0217,CRS05,3,26.77,64.72,0,8
STU0217,CRS05,4,70.75,79.01,0,8
STU0218,CRS01,1,62.71,81.93,0,8
STU0218,CRS01,2,65.05,98.11,0,8
STU0218,CRS02,1,33.64,100.0,0,11
STU0218,CRS02,2,21.86,76.76,0,11
STU0218,CRS02,3,47.79,79.76,0,11
STU0218,CRS02,4,47.08,83.38,0,11
STU0218,CRS02,5,88.65,94.88,0,11
STU0218,CRS02,6,101.78,92.38,0,11
STU0218,CRS02,7,84.2,100.0,0,11
STU0218,CRS03,1,20.44,50.79,0,12
STU0218,CRS03,2,78.27,56.59,0,12
STU0218,CRS03,3,44.26,55.88,0,12
STU0218,CRS03,4,34.94,60.73,0,12
STU0218,CRS03,5,55.47,58.83,0,12
STU0218,CRS03,6,81.47,40.88,0,12
STU0218,CRS03,7,30.3,55.0,0,12
STU0218,CRS04,1,77.7,58.64,0,9
STU0218,CRS04,2,99.45,98.71,0,9
STU0218,CRS04,3,57.31,69.39,0,9
STU0218,CRS04,4,46.31,59.25,0,9
STU0218,CRS05,1,236.0,82.84,0,11
STU0218,CRS05,2,134.94,83.9,0,11
STU0218,CRS05,3,40.87,61.97,0,11
STU0218,CRS05,4,43.56,84.36,0,11
STU0218,CRS05,5,237.02,91.97,0,11
STU0218,CRS05,6,251.8,76.26,0,11
STU0218,CRS05,7,229.47,87.75,0,11
STU0218,CRS05,8,108.11,54.91,0,11
STU0218,CRS05,9,33.83,59.2,0,11
STU0218,CRS05,10,244.46,97.7,0,11
STU0218,CRS05,11,200.87,67.81,1,11
STU0219,CRS01,1,103.39,63.85,0,12
STU0219,CRS01,2,146.98,91.65,0,12
STU0219,CRS01,3,172.6,70.37,0,12
STU0219,CRS01,4,151.29,80.32,0,12
STU0219,CRS01,5,173.75,73.48,0,12
STU0219,CRS01,6,88.93,77.54,0,12
STU0219,CRS01,7,208.74,92.08,0,12
STU0219,CRS01,8,30.57,58.99,0,12
STU0219,CRS01,9,184.15,86.9,0,12
STU0219,CRS01,10,40.43,63.77,0,12
STU0219,CRS02,1,132.18,83.33,0,10
STU0219,CRS02,2,142.29,65.22,0,10
STU0219,CRS02,3,242.26,75.34,0,10
STU0219,CRS02,4,85.41,67.0,0,10
STU0219,CRS02,5,177.19,74.7,0,10
STU0219,CRS02,6,74.89,69.14,0,10
STU0219,CRS02,7,172.33,76.63,0,10
STU0219,CRS02,8,123.48,48.43,0,10
STU0219,CRS02,9,124.27,62.48,0,10
STU0219,CRS02,10,35.57,51.76,1,10
STU0219,CRS03,1,79.74,90.75,0,9
STU0219,CRS03,2,47.31,87.48,0,9
STU0219,CRS03,3,121.79,93.44,0,9
STU0219,CRS04,1,123.05,74.09,0,10
STU0219,CRS04,2,72.46,83.36,0,10
STU0219,CRS04,3,62.23,67.33,0,10
STU0219,CRS04,4,92.32,82.62,0,10
STU0219,CRS04,5,67.89,67.44,0,10
STU0219,CRS05,1,102.94,53.35,0,11
STU0219,CRS05,2,33.42,38.11,0,11
STU0219,CRS05,3,132.59,59.67,0,11
STU0219,CRS05,4,138.1,72.93,0,11
STU0219,CRS05,5,35.88,61.02,0,11
STU0219,CRS05,6,67.56,43.12,0,11
STU0219,CRS05,7,113.56,51.37,0,11
STU0220,CRS01,1,41.57,62.31,0,12
STU0220,CRS01,2,107.26,85.34,0,12
STU0220,CRS01,3,119.58,70.92,0,12
STU0220,CRS01,4,97.05,86.89,0,12
STU0220,CRS01,5,28.22,59.74,0,12
STU0220,CRS01,6,69.49,57.22,0,12
STU0220,CRS01,7,198.86,73.5,0,12
STU0220,CRS01,8,145.68,78.18,0,12
STU0220,CRS01,9,218.86,59.07,0,12
STU0220,CRS01,10,46.21,52.77,0,12
STU0220,CRS01,11,53.52,82.62,0,12
STU0220,CRS01,12,95.39,75.7,1,12
STU0220,CRS02,1,110.71,57.13,0,12
STU0220,CRS02,2,166.11,72.72,0,12
STU0220,CRS02,3,30.77,69.3,0,12
STU0220,CRS02,4,72.02,47.64,0,12
STU0220,CRS02,5,33.04,64.43,0,12
STU0220,CRS02,6,127.2,83.01,0,12
STU0220,CRS02,7,158.92,78.29,0,12
STU0220,CRS02,8,87.05,68.4,0,12
STU0220,CRS02,9,61.83,59.41,0,12
STU0220,CRS02,10,99.87,72.36,0,12
STU0220,CRS03,1,144.75,59.93,0,10
STU0220,CRS03,2,64.32,60.63,0,10
STU0220,CRS03,3,91.72,57.14,0,10
STU0220,CRS03,4,167.7,68.09,0,10
STU0220,CRS03,5,199.64,80.97,0,10
STU0220,CRS03,6,218.65,65.01,0,10
STU0220,CRS04,1,86.71,93.04,0,12
STU0220,CRS04,2,96.04,67.5,0,12
STU0220,CRS04,3,79.43,77.85,0,12
STU0220,CRS04,4,109.19,96.91,0,12
STU0220,CRS04,5,51.71,100.0,0,12
STU0220,CRS04,6,206.53,86.74,0,12
STU0220,CRS04,7,182.79,91.03,0,12
STU0220,CRS05,1,19.84,88.62,0,9
STU0220,CRS05,2,120.35,75.58,0,9
STU0220,CRS05,3,76.97,82.3,0,9
STU0220,CRS05,4,103.61,93.81,0,9
STU0220,CRS05,5,61.87,70.58,0,9
STU0220,CRS05,6,114.53,69.38,0,9
STU0220,CRS05,7,79.1,65.21,0,9
STU0220,CRS05,8,30.02,63.67,0,9
STU0221,CRS01,1,98.89,69.21,0,8
STU0221,CRS01,2,89.69,81.72,0,8
STU0221,CRS01,3,113.74,68.37,0,8
STU0221,CRS01,4,122.08,55.3,0,8
STU0221,CRS01,5,143.39,90.59,0,8
STU0221,CRS01,6,82.07,75.08,0,8
STU0221,CRS01,7,67.44,60.38,0,8
STU0221,CRS02,1,111.17,38.38,0,9
STU0221,CRS02,2,153.94,70.37,0,9
STU0221,CRS02,3,82.33,36.89,0,9
STU0221,CRS02,4,69.05,21.05,0,9
STU0221,CRS02,5,137.11,60.11,0,9
STU0221,CRS02,6,237.99,60.09,0,9
STU0221,CRS02,7,115.1,53.73,0,9
STU0221,CRS03,1,136.42,97.96,0,12
STU0221,CRS03,2,40.92,88.85,0,12
STU0221,CRS03,3,53.92,80.72,0,12
STU0221,CRS03,4,98.29,93.26,0,12
STU0221,CRS03,5,52.42,82.7,0,12
STU0221,CRS03,6,44.99,87.43,0,12
STU0221,CRS03,7,50.37,83.2,0,12
STU0221,CRS04,1,22.25,100.0,0,11
STU0221,CRS04,2,32.74,94.92,0,11
STU0221,CRS04,3,55.96,100.0,0,11
STU0221,CRS04,4,35.31,100.0,0,11
STU0221,CRS04,5,73.27,98.58,0,11
STU0221,CRS04,6,15.11,80.78,0,11
STU0221,CRS05,1,80.18,87.13,0,8
STU0221,CRS05,2,62.34,84.56,0,8
STU0221,CRS05,3,72.07,79.93,0,8
STU0221,CRS05,4,94.67,86.71,0,8
STU0221,CRS05,5,25.37,57.71,0,8
STU0221,CRS05,6,19.42,72.7,0,8
STU0222,CRS01,1,166.76,50.45,0,12
STU0222,CRS01,2,81.65,42.07,0,12
STU0222,CRS01,3,22.89,43.65,0,12
STU0222,CRS01,4,171.54,80.79,0,12
STU0222,CRS02,1,54.45,68.2,0,8
STU0222,CRS02,2,172.52,76.45,0,8
STU0222,CRS02,3,231.9,51.41,0,8
STU0222,CRS02,4,116.24,71.6,0,8
STU0222,CRS02,5,246.08,67.45,0,8
STU0222,CRS02,6,44.55,32.36,0,8
STU0222,CRS02,7,146.62,61.94,0,8
STU0222,CRS02,8,186.01,64.76,1,8
STU0222,CRS03,1,142.38,68.71,0,12
STU0222,CRS03,2,115.39,77.96,0,12
STU0222,CRS03,3,120.84,64.68,0,12
STU0222,CRS03,4,51.81,49.5,0,12
STU0222,CRS03,5,169.62,55.65,0,12
STU0222,CRS03,6,69.41,66.55,0,12
STU0222,CRS03,7,215.16,57.36,0,12
STU0222,CRS03,8,163.25,62.76,0,12
STU0222,CRS03,9,135.22,75.14,0,12
STU0222,CRS03,10,126.13,38.18,0,12
STU0222,CRS03,11,169.74,62.09,0,12
STU0222,CRS03,12,221.76,65.97,1,12
STU0222,CRS04,1,106.68,82.7,0,10
STU0222,CRS04,2,157.43,68.28,0,10
STU0222,CRS04,3,43.2,74.31,0,10
STU0222,CRS04,4,63.63,54.21,0,10
STU0222,CRS04,5,181.61,72.08,0,10
STU0222,CRS04,6,66.8,35.51,0,10
STU0222,CRS04,7,199.92,61.67,0,10
STU0222,CRS04,8,89.05,37.66,0,10
STU0222,CRS04,9,195.05,67.79,0,10
STU0222,CRS04,10,171.07,42.07,1,10
STU0222,CRS05,1,43.9,43.0,0,9
STU0222,CRS05,2,169.18,44.64,0,9
STU0222,CRS05,3,36.25,31.17,0,9
STU0222,CRS05,4,90.37,43.11,0,9
STU0222,CRS05,5,34.82,26.01,0,9
STU0222,CRS05,6,262.34,55.03,0,9
STU0222,CRS05,7,85.74,35.29,0,9
STU0222,CRS05,8,53.55,37.35,0,9
STU0222,CRS05,9,86.52,45.01,1,9
STU0223,CRS01,1,203.91,93.81,0,11
STU0223,CRS01,2,73.26,71.66,0,11
STU0223,CRS01,3,135.3,86.79,0,11
STU0223,CRS01,4,97.56,86.05,0,11
STU0223,CRS01,5,94.52,88.71,0,11
STU0223,CRS01,6,60.85,79.01,0,11
STU0223,CRS01,7,120.88,100.0,0,11
STU0223,CRS01,8,182.31,76.14,0,11
STU0223,CRS01,9,113.09,92.29,0,11
STU0223,CRS01,10,212.7,79.05,0,11
STU0223,CRS01,11,80.03,79.62,1,11
STU0223,CRS02,1,55.07,49.2,0,10
STU0223,CRS02,2,52.95,61.73,0,10
STU0223,CRS02,3,59.39,37.86,0,10
STU0223,CRS02,4,119.0,60.74,0,10
STU0223,CRS02,5,62.22,38.78,0,10
STU0223,CRS02,6,78.52,51.85,0,10
STU0223,CRS02,7,219.38,42.64,0,10
STU0223,CRS02,8,115.13,45.08,0,10
STU0223,CRS02,9,199.72,41.18,0,10
STU0223,CRS03,1,45.75,54.48,0,9
STU0223,CRS03,2,47.04,47.85,0,9
STU0223,CRS03,3,48.33,40.53,0,9
STU0223,CRS03,4,79.73,57.21,0,9
STU0223,CRS03,5,89.31,72.53,0,9
STU0223,CRS03,6,58.14,64.05,0,9
STU0223,CRS04,1,71.48,74.02,0,11
STU0223,CRS04,2,47.33,63.47,0,11
STU0223,CRS04,3,39.26,71.5,0,11
STU0223,CRS04,4,121.35,62.26,0,11
STU0223,CRS04,5,61.81,48.18,0,11
STU0223,CRS04,6,38.33,56.12,0,11
STU0223,CRS04,7,73.46,54.97,0,11
STU0223,CRS05,1,131.04,97.98,0,10
STU0223,CRS05,2,131.28,83.33,0,10
STU0223,CRS05,3,147.81,100.0,0,10
STU0223,CRS05,4,91.43,84.8,0,10
STU0223,CRS05,5,149.49,87.35,0,10
STU0223,CRS05,6,136.73,100.0,0,10
STU0223,CRS05,7,68.28,95.86,0,10
STU0223,CRS05,8,24.42,79.48,0,10
STU0223,CRS05,9,87.12,69.17,0,10
STU0223,CRS05,10,125.04,85.94,1,10
STU0224,CRS01,1,97.16,34.64,0,8
STU0224,CRS01,2,77.47,17.79,0,8
STU0224,CRS01,3,171.87,50.06,0,8
STU0224,CRS01,4,259.64,52.06,0,8
STU0224,CRS01,5,290.5,45.55,0,8
STU0224,CRS01,6,50.54,41.11,0,8
STU0224,CRS01,7,209.58,46.55,0,8
STU0224,CRS01,8,137.27,45.13,1,8
STU0224,CRS02,1,87.6,54.65,0,8
STU0224,CRS02,2,45.91,80.21,0,8
STU0224,CRS02,3,98.82,76.77,0,8
STU0224,CRS02,4,65.98,80.87,0,8
STU0224,CRS02,5,41.51,57.24,0,8
STU0224,CRS02,6,131.57,67.49,0,8
STU0224,CRS02,7,27.44,76.87,0,8
STU0224,CRS03,1,73.62,54.58,0,10
STU0224,CRS03,2,72.6,50.99,0,10
STU0224,CRS03,3,105.82,58.4,0,10
STU0224,CRS03,4,70.2,49.68,0,10
STU0224,CRS04,1,230.12,62.16,0,10
STU0224,CRS04,2,44.95,16.42,0,10
STU0224,CRS04,3,248.33,42.15,0,10
STU0224,CRS04,4,258.2,53.95,0,10
STU0224,CRS04,5,280.02,75.51,0,10
STU0224,CRS04,6,226.71,67.65,0,10
STU0224,CRS04,7,222.21,63.76,0,10
STU0224,CRS04,8,126.41,57.54,0,10
STU0224,CRS04,9,250.32,52.13,0,10
STU0224,CRS04,10,167.43,60.92,1,10
STU0224,CRS05,1,152.64,95.27,0,8
STU0225,CRS01,1,91.88,25.5,0,8
STU0225,CRS01,2,56.46,50.61,0,8
STU0225,CRS01,3,50.52,24.38,0,8
STU0225,CRS01,4,95.3,28.11,0,8
STU0225,CRS02,1,92.12,94.28,0,12
STU0225,CRS03,1,60.04,66.11,0,9
STU0225,CRS03,2,171.1,74.29,0,9
STU0225,CRS03,3,94.52,85.13,0,9
STU0225,CRS03,4,104.72,48.0,0,9
STU0225,CRS04,1,82.68,51.18,0,11
STU0225,CRS04,2,61.02,28.44,0,11
STU0225,CRS04,3,171.09,64.54,0,11
STU0225,CRS04,4,128.26,35.0,0,11
STU0225,CRS04,5,36.59,26.58,0,11
STU0225,CRS04,6,178.62,45.22,0,11
STU0225,CRS04,7,33.99,33.76,0,11
STU0225,CRS04,8,222.45,29.01,0,11
STU0225,CRS04,9,87.29,29.22,0,11
STU0225,CRS04,10,160.1,53.76,0,11
STU0225,CRS04,11,43.06,36.24,1,11
STU0225,CRS05,1,130.84,96.6,0,11
STU0225,CRS05,2,101.09,82.36,0,11
STU0225,CRS05,3,193.01,81.66,0,11
STU0225,CRS05,4,112.74,79.79,0,11
STU0225,CRS05,5,127.02,100.0,0,11
STU0225,CRS05,6,56.84,88.42,0,11
STU0225,CRS05,7,237.26,79.5,0,11
STU0225,CRS05,8,95.84,78.09,0,11
STU0225,CRS05,9,153.7,90.99,0,11
STU0225,CRS05,10,69.08,86.19,0,11
STU0225,CRS05,11,258.45,75.69,1,11
STU0226,CRS01,1,87.63,76.86,0,10
STU0226,CRS01,2,173.98,61.13,0,10
STU0226,CRS01,3,83.91,64.73,0,10
STU0226,CRS01,4,105.22,85.76,0,10
STU0226,CRS01,5,96.52,56.03,0,10
STU0226,CRS01,6,135.82,55.33,0,10
STU0226,CRS01,7,194.57,78.85,0,10
STU0226,CRS01,8,231.81,60.01,0,10
STU0226,CRS01,9,202.41,80.88,0,10
STU0226,CRS01,10,49.0,67.15,1,10
STU0226,CRS02,1,127.12,78.29,0,9
STU0226,CRS02,2,104.15,86.57,0,9
STU0226,CRS03,1,163.28,66.84,0,8
STU0226,CRS03,2,260.71,98.11,0,8
STU0226,CRS03,3,46.9,61.56,0,8
STU0226,CRS03,4,181.52,71.83,0,8
STU0226,CRS03,5,68.74,56.03,0,8
STU0226,CRS03,6,135.22,72.87,0,8
STU0226,CRS03,7,56.48,51.92,0,8
STU0226,CRS03,8,307.63,81.15,1,8
STU0226,CRS04,1,62.17,27.53,0,9
STU0226,CRS04,2,86.89,45.55,0,9
STU0226,CRS04,3,59.47,38.64,0,9
STU0226,CRS04,4,46.73,58.2,0,9
STU0226,CRS04,5,69.5,62.37,0,9
STU0226,CRS04,6,90.22,47.88,0,9
STU0226,CRS04,7,56.6,29.1,0,9
STU0226,CRS05,1,154.86,100.0,0,12
STU0226,CRS05,2,114.85,100.0,0,12
STU0226,CRS05,3,228.58,100.0,0,12
STU0226,CRS05,4,180.75,100.0,0,12
STU0226,CRS05,5,258.38,100.0,0,12
STU0226,CRS05,6,67.09,97.14,0,12
STU0226,CRS05,7,252.22,86.81,0,12
STU0226,CRS05,8,241.41,93.14,0,12
STU0226,CRS05,9,96.17,79.46,0,12
STU0226,CRS05,10,273.02,100.0,0,12
STU0226,CRS05,11,44.41,71.64,0,12
STU0226,CRS05,12,50.05,87.53,1,12
STU0227,CRS01,1,49.4,45.96,0,11
STU0227,CRS01,2,198.31,46.58,0,11
STU0227,CRS01,3,174.37,54.13,0,11
STU0227,CRS01,4,201.79,47.44,0,11
STU0227,CRS01,5,153.37,50.1,0,11
STU0227,CRS01,6,223.96,64.41,0,11
STU0227,CRS01,7,56.1,16.09,0,11
STU0227,CRS01,8,146.77,58.16,0,11
STU0227,CRS01,9,161.39,53.07,0,11
STU0227,CRS01,10,173.03,41.18,0,11
STU0227,CRS01,11,98.81,44.56,1,11
STU0227,CRS02,1,163.07,60.73,0,9
STU0227,CRS02,2,85.88,83.26,0,9
STU0227,CRS02,3,101.1,65.48,0,9
STU0227,CRS02,4,190.79,82.92,0,9
STU0227,CRS02,5,149.42,70.09,0,9
STU0227,CRS02,6,188.04,70.51,0,9
STU0227,CRS02,7,36.04,58.94,0,9
STU0227,CRS02,8,53.96,46.94,0,9
STU0227,CRS03,1,159.31,48.79,0,8
STU0227,CRS03,2,81.82,33.52,0,8
STU0227,CRS03,3,46.48,46.75,0,8
STU0227,CRS03,4,108.66,54.37,0,8
STU0227,CRS03,5,116.03,50.78,0,8
STU0227,CRS03,6,142.12,48.15,0,8
STU0227,CRS03,7,200.95,36.16,0,8
STU0227,CRS03,8,67.78,29.79,1,8
STU0227,CRS04,1,59.34,100.0,0,12
STU0227,CRS04,2,57.69,100.0,0,12
STU0227,CRS04,3,72.4,93.62,0,12
STU0227,CRS04,4,45.03,99.58,0,12
STU0227,CRS04,5,49.15,95.14,0,12
STU0227,CRS04,6,65.12,61.29,0,12
STU0227,CRS05,1,91.28,75.81,0,8
STU0227,CRS05,2,151.88,95.13,0,8
STU0227,CRS05,3,52.37,61.9,0,8
STU0227,CRS05,4,160.25,78.65,0,8
STU0227,CRS05,5,188.02,89.39,0,8
STU0227,CRS05,6,197.51,79.96,0,8
STU0227,CRS05,7,235.01,80.69,0,8
STU0227,CRS05,8,185.97,78.43,1,8
STU0228,CRS01,1,134.87,65.44,0,11
STU0228,CRS01,2,84.79,63.77,0,11
STU0228,CRS01,3,76.35,65.41,0,11
STU0228,CRS01,4,177.96,77.86,0,11
STU0228,CRS01,5,94.22,57.52,0,11
STU0228,CRS01,6,46.31,53.52,0,11
STU0228,CRS01,7,210.06,67.69,0,11
STU0228,CRS01,8,120.43,86.05,0,11
STU0228,CRS01,9,181.08,72.33,0,11
STU0228,CRS01,10,159.18,69.36,0,11
STU0228,CRS01,11,76.8,76.06,1,11
STU0228,CRS02,1,31.98,36.88,0,8
STU0228,CRS02,2,52.15,41.6,0,8
STU0228,CRS02,3,114.4,44.13,0,8
STU0228,CRS02,4,63.83,39.97,0,8
STU0228,CRS02,5,160.44,47.68,0,8
STU0228,CRS02,6,20.72,23.3,0,8
STU0228,CRS03,1,52.41,49.4,0,12
STU0228,CRS03,2,103.54,51.78,0,12
STU0228,CRS03,3,191.46,54.55,0,12
STU0228,CRS03,4,58.05,41.35,0,12
STU0228,CRS03,5,78.41,53.35,0,12
STU0228,CRS03,6,72.82,54.51,0,12
STU0228,CRS03,7,179.85,35.09,0,12
STU0228,CRS03,8,43.58,17.22,0,12
STU0228,CRS03,9,67.33,39.63,0,12
STU0228,CRS03,10,242.55,54.86,0,12
STU0228,CRS04,1,94.38,67.29,0,11
STU0228,CRS04,2,75.57,42.27,0,11
STU0228,CRS04,3,67.05,63.62,0,11
STU0228,CRS04,4,28.17,61.11,0,11
STU0228,CRS04,5,83.86,70.03,0,11
STU0228,CRS05,1,91.77,92.79,0,9
STU0228,CRS05,2,56.6,78.74,0,9
STU0228,CRS05,3,177.75,100.0,0,9
STU0228,CRS05,4,195.04,95.73,0,9
STU0228,CRS05,5,52.09,70.85,0,9
STU0228,CRS05,6,93.67,81.29,0,9
STU0228,CRS05,7,172.5,88.59,0,9
STU0228,CRS05,8,38.17,75.3,0,9
STU0229,CRS01,1,32.21,55.78,0,12
STU0229,CRS01,2,72.06,78.47,0,12
STU0229,CRS01,3,70.28,62.19,0,12
STU0229,CRS01,4,41.58,64.55,0,12
STU0229,CRS01,5,34.41,69.59,0,12
STU0229,CRS01,6,33.75,73.25,0,12
STU0229,CRS01,7,77.93,54.92,0,12
STU0229,CRS01,8,93.53,82.99,0,12
STU0229,CRS01,9,62.6,63.5,0,12
STU0229,CRS01,10,58.14,77.33,0,12
STU0229,CRS02,1,12.74,38.33,0,10
STU0229,CRS02,2,52.53,50.52,0,10
STU0229,CRS02,3,31.52,70.55,0,10
STU0229,CRS02,4,49.67,62.42,0,10
STU0229,CRS02,5,40.72,62.89,0,10
STU0229,CRS02,6,81.7,55.6,0,10
STU0229,CRS02,7,93.14,45.0,0,10
STU0229,CRS02,8,56.27,63.15,0,10
STU0229,CRS02,9,81.92,53.9,0,10
STU0229,CRS03,1,44.37,68.75,0,10
STU0229,CRS03,2,159.05,55.52,0,10
STU0229,CRS03,3,96.85,56.4,0,10
STU0229,CRS03,4,165.87,68.24,0,10
STU0229,CRS03,5,230.98,60.11,0,10
STU0229,CRS03,6,250.51,69.67,0,10
STU0229,CRS04,1,169.42,95.92,0,9
STU0229,CRS04,2,153.76,88.62,0,9
STU0229,CRS04,3,90.11,80.82,0,9
STU0229,CRS04,4,186.31,88.21,0,9
STU0229,CRS04,5,55.07,79.81,0,9
STU0229,CRS04,6,199.21,100.0,0,9
STU0229,CRS04,7,129.33,74.06,0,9
STU0229,CRS05,1,30.09,84.84,0,11
STU0229,CRS05,2,200.66,100.0,0,11
STU0229,CRS05,3,196.19,100.0,0,11
STU0229,CRS05,4,142.18,98.9,0,11
STU0229,CRS05,5,219.47,88.48,0,11
STU0229,CRS05,6,50.24,87.19,0,11
STU0229,CRS05,7,128.59,88.57,0,11
STU0229,CRS05,8,89.89,100.0,0,11
STU0229,CRS05,9,49.43,99.69,0,11
STU0229,CRS05,10,139.91,100.0,0,11
STU0229,CRS05,11,111.75,82.47,1,11
STU0230,CRS01,1,157.34,79.88,0,12
STU0230,CRS01,2,180.25,100.0,0,12
STU0230,CRS01,3,176.18,100.0,0,12
STU0230,CRS01,4,47.09,88.69,0,12
STU0230,CRS01,5,198.01,95.58,0,12
STU0230,CRS01,6,204.19,100.0,0,12
STU0230,CRS01,7,88.87,85.98,0,12
STU0230,CRS01,8,169.37,100.0,0,12
STU0230,CRS02,1,62.48,34.87,0,11
STU0230,CRS02,2,52.8,47.05,0,11
STU0230,CRS02,3,60.53,47.55,0,11
STU0230,CRS02,4,101.22,45.44,0,11
STU0230,CRS02,5,48.81,36.99,0,11
STU0230,CRS02,6,192.79,47.85,0,11
STU0230,CRS02,7,192.27,62.0,0,11
STU0230,CRS02,8,87.86,24.13,0,11
STU0230,CRS02,9,138.37,37.14,0,11
STU0230,CRS02,10,111.07,29.4,0,11
STU0230,CRS03,1,80.89,100.0,0,11
STU0230,CRS03,2,65.22,80.49,0,11
STU0230,CRS03,3,116.89,96.59,0,11
STU0230,CRS03,4,130.61,98.82,0,11
STU0230,CRS03,5,19.6,73.42,0,11
STU0230,CRS03,6,84.29,81.26,0,11
STU0230,CRS03,7,112.08,76.57,0,11
STU0230,CRS03,8,44.68,62.01,0,11
STU0230,CRS03,9,64.4,73.09,0,11
STU0230,CRS03,10,21.67,89.86,0,11
STU0230,CRS04,1,67.38,41.89,0,10
STU0230,CRS04,2,109.77,66.51,0,10
STU0230,CRS05,1,131.31,78.86,0,9
STU0230,CRS05,2,160.04,85.84,0,9
STU0230,CRS05,3,220.03,76.73,0,9
STU0230,CRS05,4,214.44,71.99,0,9
STU0230,CRS05,5,131.54,67.53,0,9
STU0230,CRS05,6,175.63,86.85,0,9
STU0230,CRS05,7,155.96,75.21,0,9
STU0230,CRS05,8,133.68,90.35,0,9
STU0230,CRS05,9,94.59,58.99,1,9
STU0231,CRS01,1,45.3,45.91,0,10
STU0231,CRS01,2,16.61,39.9,0,10
STU0231,CRS01,3,18.48,29.16,0,10
STU0231,CRS01,4,54.64,73.74,0,10
STU0231,CRS01,5,16.47,60.72,0,10
STU0231,CRS02,1,104.5,38.41,0,11
STU0231,CRS02,2,86.0,36.13,0,11
STU0231,CRS02,3,179.02,52.89,0,11
STU0231,CRS02,4,94.01,44.03,0,11
STU0231,CRS02,5,173.09,67.18,0,11
STU0231,CRS02,6,63.63,53.57,0,11
STU0231,CRS02,7,90.49,38.72,0,11
STU0231,CRS02,8,96.83,52.13,0,11
STU0231,CRS02,9,37.62,25.34,0,11
STU0231,CRS02,10,31.56,21.02,0,11
STU0231,CRS02,11,118.05,47.76,1,11
STU0231,CRS03,1,25.85,92.54,0,9
STU0231,CRS03,2,221.22,100.0,0,9
STU0231,CRS03,3,86.1,78.68,0,9
STU0231,CRS03,4,118.47,84.17,0,9
STU0231,CRS03,5,92.77,94.4,0,9
STU0231,CRS03,6,147.82,92.47,0,9
STU0231,CRS03,7,224.56,100.0,0,9
STU0231,CRS03,8,94.13,91.38,0,9
STU0231,CRS03,9,148.63,100.0,1,9
STU0231,CRS04,1,136.37,92.96,0,12
STU0231,CRS04,2,192.45,84.76,0,12
STU0231,CRS04,3,115.47,86.31,0,12
STU0231,CRS05,1,36.32,37.84,0,11
STU0231,CRS05,2,65.11,48.22,0,11
STU0231,CRS05,3,70.95,16.72,0,11
STU0231,CRS05,4,79.96,47.76,0,11
STU0231,CRS05,5,42.39,34.65,0,11
STU0231,CRS05,6,92.71,25.98,0,11
STU0231,CRS05,7,11.68,28.0,0,11
STU0232,CRS01,1,237.75,95.61,0,10
STU0232,CRS01,2,236.19,100.0,0,10
STU0232,CRS01,3,225.2,100.0,0,10
STU0232,CRS01,4,171.52,100.0,0,10
STU0232,CRS01,5,192.9,99.65,0,10
STU0232,CRS02,1,32.31,95.39,0,10
STU0232,CRS02,2,13.71,66.14,0,10
STU0232,CRS02,3,87.19,79.31,0,10
STU0232,CRS02,4,104.19,86.73,0,10
STU0232,CRS02,5,79.94,91.58,0,10
STU0232,CRS03,1,217.34,100.0,0,12
STU0232,CRS03,2,167.67,96.45,0,12
STU0232,CRS03,3,213.69,100.0,0,12
STU0232,CRS03,4,71.99,100.0,0,12
STU0232,CRS03,5,28.82,72.83,0,12
STU0232,CRS03,6,73.34,84.0,0,12
STU0232,CRS03,7,168.22,98.67,0,12
STU0232,CRS03,8,92.1,91.74,0,12
STU0232,CRS03,9,106.98,96.6,0,12
STU0232,CRS03,10,243.38,100.0,0,12
STU0232,CRS03,11,63.79,100.0,0,12
STU0232,CRS03,12,201.29,92.93,1,12
STU0232,CRS04,1,98.07,100.0,0,10
STU0232,CRS04,2,94.42,96.58,0,10
STU0232,CRS04,3,19.76,78.77,0,10
STU0232,CRS04,4,32.03,63.67,0,10
STU0232,CRS04,5,117.92,73.3,0,10
STU0232,CRS04,6,87.68,86.22,0,10
STU0232,CRS04,7,173.81,100.0,0,10
STU0232,CRS04,8,168.99,93.56,0,10
STU0232,CRS04,9,154.27,90.09,0,10
STU0232,CRS04,10,159.76,86.14,1,10
STU0232,CRS05,1,54.21,39.91,0,11
STU0232,CRS05,2,94.46,49.16,0,11
STU0232,CRS05,3,22.76,28.49,0,11
STU0232,CRS05,4,62.23,55.55,0,11
STU0232,CRS05,5,17.02,44.55,0,11
STU0233,CRS01,1,94.51,67.72,0,11
STU0233,CRS01,2,114.31,72.31,0,11
STU0233,CRS01,3,141.54,68.77,0,11
STU0233,CRS01,4,174.72,92.98,0,11
STU0233,CRS02,1,112.51,76.42,0,11
STU0233,CRS02,2,86.23,70.81,0,11
STU0233,CRS02,3,89.5,51.46,0,11
STU0233,CRS02,4,35.09,48.82,0,11
STU0233,CRS02,5,67.95,77.03,0,11
STU0233,CRS03,1,83.82,36.13,0,8
STU0233,CRS03,2,36.09,47.75,0,8
STU0233,CRS03,3,90.11,36.41,0,8
STU0233,CRS03,4,25.92,46.88,0,8
STU0233,CRS03,5,142.23,48.31,0,8
STU0233,CRS03,6,31.81,45.72,0,8
STU0233,CRS04,1,40.49,84.17,0,11
STU0233,CRS04,2,68.4,100.0,0,11
STU0233,CRS04,3,73.1,83.35,0,11
STU0233,CRS04,4,22.09,71.16,0,11
STU0233,CRS04,5,75.56,74.9,0,11
STU0233,CRS04,6,57.95,76.11,0,11
STU0233,CRS05,1,76.76,100.0,0,10
STU0233,CRS05,2,121.3,100.0,0,10
STU0233,CRS05,3,40.3,96.77,0,10
STU0233,CRS05,4,66.29,95.37,0,10
STU0233,CRS05,5,132.21,89.53,0,10
STU0233,CRS05,6,76.2,77.64,0,10
STU0233,CRS05,7,54.65,88.8,0,10
STU0233,CRS05,8,113.11,75.0,0,10
STU0233,CRS05,9,102.83,99.55,0,10
STU0233,CRS05,10,139.77,95.65,1,10
STU0234,CRS01,1,164.58,89.75,0,9
STU0234,CRS01,2,110.37,100.0,0,9
STU0234,CRS01,3,72.42,91.52,0,9
STU0234,CRS01,4,236.85,98.41,0,9
STU0234,CRS01,5,170.7,89.51,0,9
STU0234,CRS01,6,82.76,69.92,0,9
STU0234,CRS01,7,212.58,100.0,0,9
STU0234,CRS01,8,104.71,100.0,0,9
STU0234,CRS01,9,156.69,93.59,1,9
STU0234,CRS02,1,114.18,49.64,0,11
STU0234,CRS02,2,29.54,29.35,0,11
STU0234,CRS02,3,64.03,37.5,0,11
STU0234,CRS02,4,131.84,47.64,0,11
STU0234,CRS02,5,149.15,47.61,0,11
STU0234,CRS02,6,129.21,32.34,0,11
STU0234,CRS02,7,146.46,44.47,0,11
STU0234,CRS02,8,162.54,45.44,0,11
STU0234,CRS02,9,156.93,53.47,0,11
STU0234,CRS03,1,54.04,81.28,0,9
STU0234,CRS03,2,177.65,100.0,0,9
STU0234,CRS03,3,98.59,77.22,0,9
STU0234,CRS03,4,32.74,69.89,0,9
STU0234,CRS03,5,163.71,99.82,0,9
STU0234,CRS03,6,95.67,72.67,0,9
STU0234,CRS03,7,169.19,97.52,0,9
STU0234,CRS03,8,70.89,76.4,0,9
STU0234,CRS04,1,112.03,56.87,0,11
STU0234,CRS04,2,166.24,51.11,0,11
STU0234,CRS04,3,177.17,45.71,0,11
STU0234,CRS04,4,168.06,62.06,0,11
STU0234,CRS05,1,50.9,61.65,0,8
STU0234,CRS05,2,243.91,89.55,0,8
STU0234,CRS05,3,162.97,68.61,0,8
STU0234,CRS05,4,235.7,92.49,0,8
STU0234,CRS05,5,291.46,95.47,0,8
STU0234,CRS05,6,248.46,89.6,0,8
STU0234,CRS05,7,98.96,86.49,0,8
STU0234,CRS05,8,85.13,67.12,1,8
STU0235,CRS01,1,70.46,83.38,0,8
STU0235,CRS01,2,128.48,88.25,0,8
STU0235,CRS01,3,173.51,70.35,0,8
STU0235,CRS01,4,159.44,76.25,0,8
STU0235,CRS01,5,149.11,79.99,0,8
STU0235,CRS01,6,33.22,49.31,0,8
STU0235,CRS01,7,91.05,64.36,0,8
STU0235,CRS01,8,135.1,65.89,1,8
STU0235,CRS02,1,203.69,41.47,0,12
STU0235,CRS02,2,77.73,49.81,0,12
STU0235,CRS02,3,72.01,48.55,0,12
STU0235,CRS02,4,164.25,53.16,0,12
STU0235,CRS02,5,107.85,31.12,0,12
STU0235,CRS02,6,229.58,79.01,0,12
STU0235,CRS02,7,169.24,50.55,0,12
STU0235,CRS02,8,51.02,30.02,0,12
STU0235,CRS02,9,219.44,58.13,0,12
STU0235,CRS02,10,121.19,35.44,0,12
STU0235,CRS02,11,54.22,36.08,0,12
STU0235,CRS02,12,93.71,26.94,1,12
STU0235,CRS03,1,72.15,67.77,0,10
STU0235,CRS03,2,91.18,64.87,0,10
STU0235,CRS03,3,86.3,50.47,0,10
STU0235,CRS04,1,22.57,59.66,0,10
STU0235,CRS04,2,56.09,44.74,0,10
STU0235,CRS04,3,85.62,70.74,0,10
STU0235,CRS04,4,88.39,45.99,0,10
STU0235,CRS04,5,80.37,60.13,0,10
STU0235,CRS04,6,79.82,53.01,0,10
STU0235,CRS04,7,88.31,49.1,0,10
STU0235,CRS04,8,131.81,56.66,0,10
STU0235,CRS04,9,99.27,71.92,0,10
STU0235,CRS04,10,74.26,40.96,1,10
STU0235,CRS05,1,172.14,92.42,0,9
STU0235,CRS05,2,128.4,100.0,0,9
STU0235,CRS05,3,76.41,78.75,0,9
STU0235,CRS05,4,49.83,84.0,0,9
STU0235,CRS05,5,210.98,100.0,0,9
STU0235,CRS05,6,64.93,90.07,0,9
STU0235,CRS05,7,142.14,81.32,0,9
STU0235,CRS05,8,71.07,79.68,0,9
STU0235,CRS05,9,92.02,88.19,1,9
STU0236,CRS01,1,200.2,76.65,0,9
STU0236,CRS01,2,129.05,69.44,0,9
STU0236,CRS02,1,42.09,29.87,0,11
STU0236,CRS02,2,110.2,65.18,0,11
STU0236,CRS02,3,120.02,30.45,0,11
STU0236,CRS02,4,167.55,74.54,0,11
STU0236,CRS02,5,257.56,61.12,0,11
STU0236,CRS02,6,174.71,72.97,0,11
STU0236,CRS02,7,98.52,59.39,0,11
STU0236,CRS02,8,40.71,57.17,0,11
STU0236,CRS02,9,172.22,55.63,0,11
STU0236,CRS02,10,253.55,49.02,0,11
STU0236,CRS02,11,58.79,50.43,1,11
STU0236,CRS03,1,32.15,52.27,0,11
STU0236,CRS03,2,32.05,49.89,0,11
STU0236,CRS03,3,35.41,31.38,0,11
STU0236,CRS03,4,29.76,21.78,0,11
STU0236,CRS03,5,88.29,52.43,0,11
STU0236,CRS03,6,60.99,48.2,0,11
STU0236,CRS03,7,49.1,52.56,0,11
STU0236,CRS04,1,42.12,51.56,0,12
STU0236,CRS04,2,38.92,59.02,0,12
STU0236,CRS04,3,104.14,38.91,0,12
STU0236,CRS04,4,184.42,60.0,0,12
STU0236,CRS04,5,198.34,58.09,0,12
STU0236,CRS04,6,197.92,63.96,0,12
STU0236,CRS04,7,204.18,62.97,0,12
STU0236,CRS04,8,151.73,38.78,0,12
STU0236,CRS04,9,97.54,32.03,0,12
STU0236,CRS04,10,156.1,44.91,0,12
STU0236,CRS04,11,163.87,63.2,0,12
STU0236,CRS04,12,185.29,83.26,1,12
STU0236,CRS05,1,54.2,100.0,0,12
STU0236,CRS05,2,150.57,98.98,0,12
STU0236,CRS05,3,42.37,72.77,0,12
STU0236,CRS05,4,118.3,100.0,0,12
STU0236,CRS05,5,45.58,82.85,0,12
STU0236,CRS05,6,74.47,90.76,0,12
STU0237,CRS01,1,52.2,88.16,0,11
STU0237,CRS01,2,114.0,77.92,0,11
STU0237,CRS01,3,70.4,81.63,0,11
STU0237,CRS01,4,150.1,86.09,0,11
STU0237,CRS01,5,192.03,94.82,0,11
STU0237,CRS01,6,152.8,53.9,0,11
STU0237,CRS01,7,148.21,75.58,0,11
STU0237,CRS01,8,97.81,66.88,0,11
STU0237,CRS01,9,185.04,77.96,0,11
STU0237,CRS01,10,168.28,83.07,0,11
STU0237,CRS01,11,86.88,61.21,1,11
STU0237,CRS02,1,50.56,82.12,0,11
STU0237,CRS02,2,34.29,92.84,0,11
STU0237,CRS02,3,102.1,80.88,0,11
STU0237,CRS02,4,31.72,90.39,0,11
STU0237,CRS02,5,80.9,94.05,0,11
STU0237,CRS03,1,245.64,48.95,0,9
STU0237,CRS03,2,201.56,58.2,0,9
STU0237,CRS03,3,184.05,45.78,0,9
STU0237,CRS03,4,176.4,45.44,0,9
STU0237,CRS03,5,35.78,32.82,0,9
STU0237,CRS03,6,268.82,39.56,0,9
STU0237,CRS03,7,38.31,27.67,0,9
STU0237,CRS03,8,100.05,32.33,0,9
STU0237,CRS04,1,72.64,73.6,0,10
STU0237,CRS04,2,17.6,77.3,0,10
STU0237,CRS05,1,69.33,60.62,0,9
STU0237,CRS05,2,91.59,68.32,0,9
STU0237,CRS05,3,25.87,86.0,0,9
STU0237,CRS05,4,53.42,81.03,0,9
STU0237,CRS05,5,63.33,82.77,0,9
STU0238,CRS01,1,118.25,82.21,0,9
STU0238,CRS01,2,116.44,91.75,0,9
STU0238,CRS01,3,73.53,83.36,0,9
STU0238,CRS01,4,123.78,76.75,0,9
STU0238,CRS01,5,93.31,84.03,0,9
STU0238,CRS01,6,169.24,80.77,0,9
STU0238,CRS01,7,31.68,86.75,0,9
STU0238,CRS02,1,93.09,89.44,0,12
STU0238,CRS02,2,121.55,72.07,0,12
STU0238,CRS02,3,59.29,61.56,0,12
STU0238,CRS02,4,45.35,85.47,0,12
STU0238,CRS02,5,129.29,83.03,0,12
STU0238,CRS02,6,77.67,83.79,0,12
STU0238,CRS02,7,134.26,82.71,0,12
STU0238,CRS02,8,44.45,73.28,0,12
STU0238,CRS03,1,92.9,63.91,0,11
STU0238,CRS03,2,95.72,63.48,0,11
STU0238,CRS03,3,38.31,42.28,0,11
STU0238,CRS03,4,36.47,44.84,0,11
STU0238,CRS03,5,72.93,49.55,0,11
STU0238,CRS03,6,23.41,47.19,0,11
STU0238,CRS03,7,27.18,51.25,0,11
STU0238,CRS04,1,75.86,83.68,0,12
STU0238,CRS04,2,120.27,69.8,0,12
STU0238,CRS04,3,68.92,70.98,0,12
STU0238,CRS04,4,99.35,62.39,0,12
STU0238,CRS04,5,58.43,89.67,0,12
STU0238,CRS04,6,196.64,98.8,0,12
STU0238,CRS04,7,54.05,87.31,0,12
STU0238,CRS04,8,135.62,87.3,0,12
STU0238,CRS04,9,188.7,79.73,0,12
STU0238,CRS05,1,18.29,35.09,0,10
STU0238,CRS05,2,28.73,30.85,0,10
STU0238,CRS05,3,34.73,25.02,0,10
STU0238,CRS05,4,109.76,34.92,0,10
STU0238,CRS05,5,66.83,47.41,0,10
STU0238,CRS05,6,113.05,51.82,0,10
STU0238,CRS05,7,93.05,36.45,0,10
STU0238,CRS05,8,170.4,51.79,0,10
STU0238,CRS05,9,32.55,42.79,0,10
STU0239,CRS01,1,49.44,42.33,0,10
STU0239,CRS01,2,16.47,20.06,0,10
STU0239,CRS01,3,112.24,30.93,0,10
STU0239,CRS01,4,58.5,25.89,0,10
STU0239,CRS01,5,16.48,43.81,0,10
STU0239,CRS01,6,42.81,39.38,0,10
STU0239,CRS01,7,117.11,54.9,0,10
STU0239,CRS01,8,34.02,49.49,0,10
STU0239,CRS01,9,33.51,42.52,0,10
STU0239,CRS01,10,42.42,30.11,1,10
STU0239,CRS02,1,105.31,100.0,0,9
STU0239,CRS02,2,177.47,92.57,0,9
STU0239,CRS02,3,131.87,91.32,0,9
STU0239,CRS02,4,166.01,92.0,0,9
STU0239,CRS02,5,39.8,84.19,0,9
STU0239,CRS02,6,29.62,74.35,0,9
STU0239,CRS02,7,147.63,98.06,0,9
STU0239,CRS02,8,46.86,87.59,0,9
STU0239,CRS02,9,207.93,97.54,1,9
STU0239,CRS03,1,81.74,65.12,0,9
STU0239,CRS03,2,240.06,79.24,0,9
STU0239,CRS03,3,267.51,75.17,0,9
STU0239,CRS03,4,160.84,79.36,0,9
STU0239,CRS03,5,139.59,62.2,0,9
STU0239,CRS03,6,150.34,75.68,0,9
STU0239,CRS03,7,180.38,56.81,0,9
STU0239,CRS03,8,129.03,45.9,0,9
STU0239,CRS03,9,60.6,77.35,1,9
STU0239,CRS04,1,67.97,54.81,0,12
STU0239,CRS04,2,74.79,70.37,0,12
STU0239,CRS04,3,125.16,50.72,0,12
STU0239,CRS05,1,100.71,67.9,0,10
STU0239,CRS05,2,62.72,64.66,0,10
STU0239,CRS05,3,118.3,54.66,0,10
STU0239,CRS05,4,27.83,59.26,0,10
STU0239,CRS05,5,18.73,57.89,0,10
STU0239,CRS05,6,64.97,60.57,0,10
STU0239,CRS05,7,78.68,57.18,0,10
STU0239,CRS05,8,89.59,53.24,0,10
STU0239,CRS05,9,23.1,49.1,0,10
STU0239,CRS05,10,28.29,57.48,1,10
STU0240,CRS01,1,37.84,56.84,0,11
STU0240,CRS01,2,101.35,48.86,0,11
STU0240,CRS01,3,95.44,35.74,0,11
STU0240,CRS01,4,109.57,58.76,0,11
STU0240,CRS01,5,84.77,65.04,0,11
STU0240,CRS01,6,150.21,46.49,0,11
STU0240,CRS01,7,86.41,40.75,0,11
STU0240,CRS02,1,37.88,95.94,0,11
STU0240,CRS02,2,100.64,81.36,0,11
STU0240,CRS02,3,59.34,70.75,0,11
STU0240,CRS02,4,111.14,69.11,0,11
STU0240,CRS03,1,114.32,88.88,0,9
STU0240,CRS03,2,25.88,50.49,0,9
STU0240,CRS03,3,43.05,87.58,0,9
STU0240,CRS03,4,98.88,57.6,0,9
STU0240,CRS03,5,48.27,73.04,0,9
STU0240,CRS03,6,135.33,75.6,0,9
STU0240,CRS03,7,56.47,67.54,0,9
STU0240,CRS03,8,215.08,55.18,0,9
STU0240,CRS03,9,32.12,72.58,1,9
STU0240,CRS04,1,25.39,59.27,0,9
STU0240,CRS04,2,40.02,56.52,0,9
STU0240,CRS04,3,178.36,58.66,0,9
STU0240,CRS04,4,188.57,91.29,0,9
STU0240,CRS04,5,131.0,69.76,0,9
STU0240,CRS04,6,24.55,60.06,0,9
STU0240,CRS04,7,92.08,58.19,0,9
STU0240,CRS05,1,259.7,92.39,0,11
STU0240,CRS05,2,264.9,79.54,0,11
STU0240,CRS05,3,273.81,89.4,0,11
STU0240,CRS05,4,166.07,78.72,0,11
STU0240,CRS05,5,218.53,69.67,0,11
STU0240,CRS05,6,281.3,100.0,0,11
STU0240,CRS05,7,189.91,83.96,0,11
STU0240,CRS05,8,276.14,89.58,0,11
STU0240,CRS05,9,231.56,83.53,0,11
STU0240,CRS05,10,119.6,56.1,0,11
STU0240,CRS05,11,123.68,75.84,1,11
STU0241,CRS01,1,69.29,61.84,0,10
STU0241,CRS01,2,68.19,57.51,0,10
STU0241,CRS01,3,22.12,49.13,0,10
STU0241,CRS01,4,48.49,37.43,0,10
STU0241,CRS01,5,166.51,62.31,0,10
STU0241,CRS01,6,117.27,58.38,0,10
STU0241,CRS02,1,100.14,70.62,0,11
STU0241,CRS02,2,40.17,61.95,0,11
STU0241,CRS02,3,80.3,55.33,0,11
STU0241,CRS02,4,66.78,62.53,0,11
STU0241,CRS02,5,17.97,45.27,0,11
STU0241,CRS02,6,78.79,51.76,0,11
STU0241,CRS02,7,114.51,56.82,0,11
STU0241,CRS02,8,151.43,53.22,0,11
STU0241,CRS03,1,83.07,88.15,0,11
STU0241,CRS03,2,99.51,94.01,0,11
STU0241,CRS03,3,94.56,81.65,0,11
STU0241,CRS03,4,201.58,99.41,0,11
STU0241,CRS03,5,187.65,96.05,0,11
STU0241,CRS03,6,28.55,84.38,0,11
STU0241,CRS03,7,158.14,90.62,0,11
STU0241,CRS03,8,74.17,77.29,0,11
STU0241,CRS04,1,85.97,64.65,0,12
STU0241,CRS04,2,162.66,64.66,0,12
STU0241,CRS04,3,129.96,51.29,0,12
STU0241,CRS04,4,103.73,69.74,0,12
STU0241,CRS04,5,103.25,42.91,0,12
STU0241,CRS04,6,61.11,51.17,0,12
STU0241,CRS04,7,77.01,53.9,0,12
STU0241,CRS04,8,73.72,53.56,0,12
STU0241,CRS04,9,167.57,64.54,0,12
STU0241,CRS04,10,122.16,60.34,0,12
STU0241,CRS04,11,149.99,64.74,0,12
STU0241,CRS05,1,208.2,100.0,0,11
STU0241,CRS05,2,89.83,73.61,0,11
STU0241,CRS05,3,216.01,78.85,0,11
STU0241,CRS05,4,148.9,99.31,0,11
STU0241,CRS05,5,155.47,78.01,0,11
STU0241,CRS05,6,150.2,76.74,0,11
STU0241,CRS05,7,229.74,82.4,0,11
STU0241,CRS05,8,115.35,80.99,0,11
STU0241,CRS05,9,222.11,98.74,0,11
STU0241,CRS05,10,162.59,54.83,0,11
STU0241,CRS05,11,264.62,76.89,1,11
STU0242,CRS01,1,178.61,76.74,0,12
STU0242,CRS01,2,48.86,61.35,0,12
STU0242,CRS01,3,152.65,75.23,0,12
STU0242,CRS01,4,53.74,52.8,0,12
STU0242,CRS01,5,146.76,77.39,0,12
STU0242,CRS01,6,58.12,60.55,0,12
STU0242,CRS01,7,76.73,85.72,0,12
STU0242,CRS01,8,57.95,68.26,0,12
STU0242,CRS01,9,34.08,60.17,0,12
STU0242,CRS01,10,55.68,63.95,0,12
STU0242,CRS01,11,60.58,79.16,0,12
STU0242,CRS02,1,49.86,78.34,0,12
STU0242,CRS02,2,146.11,78.48,0,12
STU0242,CRS02,3,51.8,71.46,0,12
STU0242,CRS02,4,142.61,100.0,0,12
STU0242,CRS02,5,165.64,98.24,0,12
STU0242,CRS02,6,31.02,88.67,0,12
STU0242,CRS02,7,204.37,93.48,0,12
STU0242,CRS02,8,61.24,77.04,0,12
STU0242,CRS02,9,227.8,93.68,0,12
STU0242,CRS02,10,94.78,84.91,0,12
STU0242,CRS02,11,116.4,69.24,0,12
STU0242,CRS02,12,36.94,78.12,1,12
STU0242,CRS03,1,47.32,72.35,0,8
STU0242,CRS03,2,59.6,68.67,0,8
STU0242,CRS03,3,38.58,57.56,0,8
STU0242,CRS03,4,100.13,70.44,0,8
STU0242,CRS03,5,34.11,62.75,0,8
STU0242,CRS04,1,86.64,94.3,0,9
STU0242,CRS05,1,70.22,45.1,0,12
STU0242,CRS05,2,37.36,81.67,0,12
STU0242,CRS05,3,108.01,63.61,0,12
STU0242,CRS05,4,23.4,54.6,0,12
STU0242,CRS05,5,162.76,67.02,0,12
STU0243,CRS01,1,53.29,59.94,0,9
STU0243,CRS01,2,46.56,45.37,0,9
STU0243,CRS01,3,28.56,58.22,0,9
STU0243,CRS02,1,21.71,69.87,0,8
STU0243,CRS02,2,72.58,90.74,0,8
STU0243,CRS02,3,19.55,77.55,0,8
STU0243,CRS02,4,30.87,76.14,0,8
STU0243,CRS02,5,60.46,83.37,0,8
STU0243,CRS03,1,97.0,64.46,0,10
STU0243,CRS03,2,107.08,72.78,0,10
STU0243,CRS03,3,42.78,66.08,0,10
STU0243,CRS03,4,33.56,55.92,0,10
STU0243,CRS03,5,40.38,64.07,0,10
STU0243,CRS03,6,181.17,81.91,0,10
STU0243,CRS04,1,56.65,81.15,0,8
STU0243,CRS04,2,42.44,80.29,0,8
STU0243,CRS04,3,99.84,82.86,0,8
STU0243,CRS05,1,101.71,37.32,0,11
STU0243,CRS05,2,69.26,36.14,0,11
STU0243,CRS05,3,100.72,31.62,0,11
STU0243,CRS05,4,140.43,46.68,0,11
STU0243,CRS05,5,86.69,50.92,0,11
STU0243,CRS05,6,34.89,33.67,0,11
STU0243,CRS05,7,150.73,42.73,0,11
STU0243,CRS05,8,96.62,55.17,0,11
STU0243,CRS05,9,163.4,43.94,0,11
STU0243,CRS05,10,37.39,41.67,0,11
STU0244,CRS01,1,22.7,71.3,0,8
STU0244,CRS01,2,166.17,84.79,0,8
STU0244,CRS01,3,143.54,59.24,0,8
STU0244,CRS01,4,161.53,80.04,0,8
STU0244,CRS01,5,175.68,78.54,0,8
STU0244,CRS01,6,60.23,59.39,0,8
STU0244,CRS01,7,206.88,65.87,0,8
STU0244,CRS01,8,145.35,80.85,1,8
STU0244,CRS02,1,152.88,59.02,0,11
STU0244,CRS02,2,139.91,67.47,0,11
STU0244,CRS02,3,177.8,63.93,0,11
STU0244,CRS02,4,75.5,46.65,0,11
STU0244,CRS02,5,102.39,50.67,0,11
STU0244,CRS03,1,171.35,43.14,0,9
STU0244,CRS03,2,82.95,40.3,0,9
STU0244,CRS03,3,46.37,49.31,0,9
STU0244,CRS03,4,106.45,43.5,0,9
STU0244,CRS03,5,145.5,44.01,0,9
STU0244,CRS03,6,206.53,73.64,0,9
STU0244,CRS03,7,53.16,37.95,0,9
STU0244,CRS03,8,232.72,62.63,0,9
STU0244,CRS03,9,238.08,39.96,1,9
STU0244,CRS04,1,174.26,52.63,0,12
STU0244,CRS04,2,171.9,60.72,0,12
STU0244,CRS04,3,109.08,32.69,0,12
STU0244,CRS04,4,142.66,40.5,0,12
STU0244,CRS04,5,202.94,27.6,0,12
STU0244,CRS04,6,193.05,56.14,0,12
STU0244,CRS04,7,72.54,54.41,0,12
STU0244,CRS04,8,193.61,37.12,0,12
STU0244,CRS04,9,231.26,59.57,0,12
STU0244,CRS04,10,150.82,42.5,0,12
STU0244,CRS04,11,210.8,58.07,0,12
STU0244,CRS04,12,91.88,40.81,1,12
STU0244,CRS05,1,59.69,59.22,0,11
STU0244,CRS05,2,34.48,47.37,0,11
STU0244,CRS05,3,51.81,25.75,0,11
STU0244,CRS05,4,168.11,40.11,0,11
STU0244,CRS05,5,67.56,38.37,0,11
STU0244,CRS05,6,108.25,27.04,0,11
STU0244,CRS05,7,54.43,20.91,0,11
STU0244,CRS05,8,232.87,32.11,0,11
STU0244,CRS05,9,54.67,24.35,0,11
STU0245,CRS01,1,34.05,50.15,0,11
STU0245,CRS01,2,88.25,60.03,0,11
STU0245,CRS01,3,118.95,69.66,0,11
STU0245,CRS01,4,101.14,56.36,0,11
STU0245,CRS01,5,111.3,50.46,0,11
STU0245,CRS02,1,121.42,88.37,0,10
STU0245,CRS02,2,51.6,75.72,0,10
STU0245,CRS02,3,118.76,100.0,0,10
STU0245,CRS02,4,101.47,65.33,0,10
STU0245,CRS02,5,99.38,87.34,0,10
STU0245,CRS02,6,152.43,75.67,0,10
STU0245,CRS03,1,85.0,46.78,0,11
STU0245,CRS03,2,60.65,55.68,0,11
STU0245,CRS03,3,108.86,39.71,0,11
STU0245,CRS03,4,113.69,31.69,0,11
STU0245,CRS03,5,95.61,56.44,0,11
STU0245,CRS03,6,140.17,44.36,0,11
STU0245,CRS04,1,167.78,55.99,0,9
STU0245,CRS04,2,62.82,33.44,0,9
STU0245,CRS04,3,190.42,45.31,0,9
STU0245,CRS04,4,120.04,35.94,0,9
STU0245,CRS04,5,136.8,45.53,0,9
STU0245,CRS04,6,189.44,47.63,0,9
STU0245,CRS04,7,27.98,34.16,0,9
STU0245,CRS04,8,133.51,24.81,0,9
STU0245,CRS04,9,166.67,34.3,1,9
STU0245,CRS05,1,205.47,40.18,0,11
STU0245,CRS05,2,104.23,52.28,0,11
STU0245,CRS05,3,110.71,43.12,0,11
STU0245,CRS05,4,25.03,39.06,0,11
STU0245,CRS05,5,90.27,35.36,0,11
STU0245,CRS05,6,86.62,48.05,0,11
STU0245,CRS05,7,62.29,42.71,0,11
STU0245,CRS05,8,230.43,38.02,0,11
STU0245,CRS05,9,175.01,61.18,0,11
STU0245,CRS05,10,50.04,47.55,0,11
STU0245,CRS05,11,77.23,41.58,1,11
STU0246,CRS01,1,47.52,100.0,0,8
STU0246,CRS01,2,28.03,100.0,0,8
STU0246,CRS01,3,15.03,93.67,0,8
STU0246,CRS02,1,26.57,62.79,0,9
STU0246,CRS02,2,24.93,47.26,0,9
STU0246,CRS02,3,120.59,50.91,0,9
STU0246,CRS02,4,76.88,38.4,0,9
STU0246,CRS02,5,130.24,74.91,0,9
STU0246,CRS02,6,154.87,37.66,0,9
STU0246,CRS02,7,114.56,62.95,0,9
STU0246,CRS02,8,152.98,61.48,0,9
STU0246,CRS02,9,124.29,33.79,1,9
STU0246,CRS03,1,141.42,43.24,0,11
STU0246,CRS03,2,90.85,40.97,0,11
STU0246,CRS03,3,126.42,54.96,0,11
STU0246,CRS03,4,74.61,37.85,0,11
STU0246,CRS03,5,112.57,55.59,0,11
STU0246,CRS03,6,105.14,46.95,0,11
STU0246,CRS03,7,155.04,47.49,0,11
STU0246,CRS03,8,167.62,62.63,0,11
STU0246,CRS03,9,66.87,51.69,0,11
STU0246,CRS03,10,34.48,24.07,0,11
STU0246,CRS04,1,206.37,69.34,0,10
STU0246,CRS04,2,216.19,62.24,0,10
STU0246,CRS04,3,99.15,64.3,0,10
STU0246,CRS04,4,193.93,83.26,0,10
STU0246,CRS04,5,28.3,46.69,0,10
STU0246,CRS04,6,115.28,67.76,0,10
STU0246,CRS04,7,174.48,66.19,0,10
STU0246,CRS04,8,43.54,49.8,0,10
STU0246,CRS04,9,127.8,78.88,0,10
STU0246,CRS04,10,122.45,47.67,1,10
STU0246,CRS05,1,107.75,91.2,0,10
STU0246,CRS05,2,86.74,100.0,0,10
STU0246,CRS05,3,36.54,80.48,0,10
STU0246,CRS05,4,179.23,100.0,0,10
STU0246,CRS05,5,43.86,79.66,0,10
STU0247,CRS01,1,86.29,72.4,0,8
STU0247,CRS01,2,54.33,55.5,0,8
STU0247,CRS01,3,94.98,77.39,0,8
STU0247,CRS01,4,123.5,72.98,0,8
STU0247,CRS02,1,65.51,59.29,0,11
STU0247,CRS02,2,31.92,63.55,0,11
STU0247,CRS02,3,110.31,72.66,0,11
STU0247,CRS02,4,56.9,65.39,0,11
STU0247,CRS02,5,89.47,54.01,0,11
STU0247,CRS02,6,36.35,52.2,0,11
STU0247,CRS02,7,114.67,62.43,0,11
STU0247,CRS03,1,94.64,86.03,0,11
STU0247,CRS03,2,87.37,83.77,0,11
STU0247,CRS03,3,144.43,100.0,0,11
STU0247,CRS03,4,67.19,100.0,0,11
STU0247,CRS04,1,229.87,81.5,0,10
STU0247,CRS04,2,181.09,100.0,0,10
STU0247,CRS04,3,148.54,93.26,0,10
STU0247,CRS04,4,118.5,85.47,0,10
STU0247,CRS04,5,41.7,72.08,0,10
STU0247,CRS04,6,152.68,87.86,0,10
STU0247,CRS04,7,200.75,99.54,0,10
STU0247,CRS04,8,34.9,67.47,0,10
STU0247,CRS04,9,162.19,87.37,0,10
STU0247,CRS04,10,82.49,91.11,1,10
STU0247,CRS05,1,102.88,84.95,0,9
STU0247,CRS05,2,69.46,83.17,0,9
STU0247,CRS05,3,88.09,90.71,0,9
STU0247,CRS05,4,28.99,73.93,0,9
STU0247,CRS05,5,68.11,82.4,0,9
STU0248,CRS01,1,123.43,62.2,0,8
STU0248,CRS01,2,123.17,41.43,0,8
STU0248,CRS01,3,150.83,48.24,0,8
STU0248,CRS01,4,63.36,54.84,0,8
STU0248,CRS01,5,24.87,58.16,0,8
STU0248,CRS01,6,136.6,57.23,0,8
STU0248,CRS01,7,153.4,50.28,0,8
STU0248,CRS01,8,122.5,57.28,1,8
STU0248,CRS02,1,99.56,55.32,0,10
STU0248,CRS02,2,70.78,23.01,0,10
STU0248,CRS02,3,15.84,48.85,0,10
STU0248,CRS02,4,119.21,27.99,0,10
STU0248,CRS02,5,52.18,36.03,0,10
STU0248,CRS03,1,32.76,77.87,0,9
STU0248,CRS03,2,48.05,76.1,0,9
STU0248,CRS03,3,100.56,76.49,0,9
STU0248,CRS03,4,156.14,69.4,0,9
STU0248,CRS03,5,151.33,75.04,0,9
STU0248,CRS03,6,260.97,85.75,0,9
STU0248,CRS03,7,168.12,69.34,0,9
STU0248,CRS03,8,159.4,78.09,0,9
STU0248,CRS03,9,259.98,81.89,1,9
STU0248,CRS04,1,201.14,96.83,0,12
STU0248,CRS04,2,55.93,78.67,0,12
STU0248,CRS04,3,183.3,86.92,0,12
STU0248,CRS04,4,147.36,75.09,0,12
STU0248,CRS04,5,206.83,94.62,0,12
STU0248,CRS04,6,183.36,82.59,0,12
STU0248,CRS04,7,97.07,71.96,0,12
STU0248,CRS04,8,97.86,72.95,0,12
STU0248,CRS04,9,169.46,78.83,0,12
STU0248,CRS04,10,171.69,90.73,0,12
STU0248,CRS04,11,192.65,100.0,0,12
STU0248,CRS04,12,147.37,83.2,1,12
STU0248,CRS05,1,133.0,71.99,0,12
STU0248,CRS05,2,93.93,46.76,0,12
STU0248,CRS05,3,135.1,58.25,0,12
STU0248,CRS05,4,64.65,48.04,0,12
STU0249,CRS01,1,57.01,66.87,0,8
STU0249,CRS01,2,16.03,57.58,0,8
STU0249,CRS01,3,39.08,68.68,0,8
STU0249,CRS01,4,25.59,65.68,0,8
STU0249,CRS01,5,27.84,61.76,0,8
STU0249,CRS01,6,62.32,68.82,0,8
STU0249,CRS01,7,25.43,61.73,0,8
STU0249,CRS01,8,47.13,65.31,1,8
STU0249,CRS02,1,18.99,57.37,0,11
STU0249,CRS02,2,49.0,73.83,0,11
STU0249,CRS02,3,89.85,53.27,0,11
STU0249,CRS02,4,28.75,63.57,0,11
STU0249,CRS02,5,35.05,56.83,0,11
STU0249,CRS02,6,113.43,61.09,0,11
STU0249,CRS02,7,76.21,54.94,0,11
STU0249,CRS02,8,22.8,46.62,0,11
STU0249,CRS02,9,71.44,61.36,0,11
STU0249,CRS02,10,22.1,43.78,0,11
STU0249,CRS03,1,43.95,89.57,0,10
STU0249,CRS03,2,143.81,94.66,0,10
STU0249,CRS03,3,178.55,86.93,0,10
STU0249,CRS03,4,87.42,67.61,0,10
STU0249,CRS03,5,60.49,75.86,0,10
STU0249,CRS03,6,102.76,79.8,0,10
STU0249,CRS03,7,209.76,72.07,0,10
STU0249,CRS03,8,157.74,88.27,0,10
STU0249,CRS03,9,185.51,74.02,0,10
STU0249,CRS03,10,46.88,67.04,1,10
STU0249,CRS04,1,41.05,52.46,0,12
STU0249,CRS04,2,103.18,58.13,0,12
STU0249,CRS04,3,45.37,55.22,0,12
STU0249,CRS04,4,200.67,62.01,0,12
STU0249,CRS04,5,116.0,52.31,0,12
STU0249,CRS04,6,121.17,38.08,0,12
STU0249,CRS04,7,176.46,70.89,0,12
STU0249,CRS04,8,135.53,61.5,0,12
STU0249,CRS04,9,28.37,26.79,0,12
STU0249,CRS04,10,53.4,44.7,0,12
STU0249,CRS04,11,156.62,58.11,0,12
STU0249,CRS04,12,205.84,52.31,1,12
STU0249,CRS05,1,40.33,44.79,0,9
STU0249,CRS05,2,117.48,57.55,0,9
STU0249,CRS05,3,88.87,48.52,0,9
STU0249,CRS05,4,131.74,57.07,0,9
STU0250,CRS01,1,31.33,99.11,0,9
STU0250,CRS01,2,99.99,97.0,0,9
STU0250,CRS01,3,101.0,91.38,0,9
STU0250,CRS01,4,33.21,92.52,0,9
STU0250,CRS01,5,101.51,100.0,0,9
STU0250,CRS01,6,91.64,95.49,0,9
STU0250,CRS02,1,69.44,51.32,0,10
STU0250,CRS02,2,247.95,55.58,0,10
STU0250,CRS02,3,227.75,61.75,0,10
STU0250,CRS02,4,113.51,75.45,0,10
STU0250,CRS02,5,56.14,41.83,0,10
STU0250,CRS02,6,62.51,58.98,0,10
STU0250,CRS02,7,241.0,64.99,0,10
STU0250,CRS02,8,197.03,62.97,0,10
STU0250,CRS02,9,209.46,62.82,0,10
STU0250,CRS02,10,281.1,56.35,1,10
STU0250,CRS03,1,28.34,28.63,0,8
STU0250,CRS03,2,41.75,61.01,0,8
STU0250,CRS03,3,30.83,54.52,0,8
STU0250,CRS03,4,66.94,40.41,0,8
STU0250,CRS03,5,114.52,46.19,0,8
STU0250,CRS04,1,86.66,47.64,0,10
STU0250,CRS04,2,21.78,54.81,0,10
STU0250,CRS04,3,164.46,51.01,0,10
STU0250,CRS04,4,53.74,72.83,0,10
STU0250,CRS05,1,117.84,45.02,0,9
STU0250,CRS05,2,38.68,36.29,0,9
STU0250,CRS05,3,103.32,38.0,0,9
STU0250,CRS05,4,59.28,56.94,0,9
STU0250,CRS05,5,220.82,54.18,0,9
STU0250,CRS05,6,169.92,34.53,0,9
STU0250,CRS05,7,191.27,52.46,0,9
STU0250,CRS05,8,148.19,56.22,0,9
STU0250,CRS05,9,254.25,73.61,1,9
STU0251,CRS01,1,225.28,98.92,0,8
STU0251,CRS01,2,92.0,93.55,0,8
STU0251,CRS01,3,123.56,92.63,0,8
STU0251,CRS01,4,243.34,85.69,0,8
STU0251,CRS01,5,216.6,81.99,0,8
STU0251,CRS01,6,259.05,100.0,0,8
STU0251,CRS01,7,82.7,79.9,0,8
STU0251,CRS01,8,164.1,98.41,1,8
STU0251,CRS02,1,80.97,61.12,0,9
STU0251,CRS02,2,47.96,47.52,0,9
STU0251,CRS02,3,74.32,56.32,0,9
STU0251,CRS03,1,123.59,66.85,0,8
STU0251,CRS03,2,77.9,47.72,0,8
STU0251,CRS03,3,259.4,54.4,0,8
STU0251,CRS03,4,245.33,64.82,0,8
STU0251,CRS03,5,38.0,36.01,0,8
STU0251,CRS03,6,163.08,53.97,0,8
STU0251,CRS03,7,200.17,72.21,0,8
STU0251,CRS03,8,167.22,61.5,1,8
STU0251,CRS04,1,62.76,63.84,0,8
STU0251,CRS04,2,82.36,67.22,0,8
STU0251,CRS04,3,57.32,59.01,0,8
STU0251,CRS04,4,88.64,48.75,0,8
STU0251,CRS04,5,45.03,57.75,0,8
STU0251,CRS04,6,56.09,52.73,0,8
STU0251,CRS04,7,32.49,52.21,0,8
STU0251,CRS04,8,134.89,63.24,1,8
STU0251,CRS05,1,19.59,63.04,0,8
STU0251,CRS05,2,87.37,67.67,0,8
STU0251,CRS05,3,56.4,46.69,0,8
STU0251,CRS05,4,38.91,64.49,0,8
STU0251,CRS05,5,86.08,63.36,0,8
STU0251,CRS05,6,37.98,58.6,0,8
STU0251,CRS05,7,87.74,31.08,0,8
STU0251,CRS05,8,81.33,66.35,1,8
STU0252,CRS01,1,118.57,98.75,0,9
STU0252,CRS01,2,126.2,66.62,0,9
STU0252,CRS02,1,49.81,100.0,0,11
STU0252,CRS02,2,19.66,96.31,0,11
STU0252,CRS02,3,16.68,100.0,0,11
STU0252,CRS02,4,88.57,98.49,0,11
STU0252,CRS02,5,108.41,92.11,0,11
STU0252,CRS02,6,43.96,91.12,0,11
STU0252,CRS02,7,27.97,94.82,0,11
STU0252,CRS02,8,70.0,72.99,0,11
STU0252,CRS02,9,16.68,83.48,0,11
STU0252,CRS03,1,59.79,100.0,0,8
STU0252,CRS03,2,112.14,100.0,0,8
STU0252,CRS03,3,168.02,100.0,0,8
STU0252,CRS03,4,111.15,99.39,0,8
STU0252,CRS03,5,110.27,88.17,0,8
STU0252,CRS03,6,157.6,100.0,0,8
STU0252,CRS04,1,75.11,37.09,0,9
STU0252,CRS04,2,124.0,62.81,0,9
STU0252,CRS04,3,119.85,62.91,0,9
STU0252,CRS04,4,108.97,50.7,0,9
STU0252,CRS04,5,47.98,49.45,0,9
STU0252,CRS05,1,101.35,84.43,0,9
STU0252,CRS05,2,69.34,70.95,0,9
STU0252,CRS05,3,111.15,75.9,0,9
STU0252,CRS05,4,35.72,75.53,0,9
STU0252,CRS05,5,18.77,70.83,0,9
STU0252,CRS05,6,40.37,48.51,0,9
STU0252,CRS05,7,28.92,52.33,0,9
STU0252,CRS05,8,35.35,62.39,0,9
STU0252,CRS05,9,32.65,43.61,1,9
STU0253,CRS01,1,156.15,89.87,0,9
STU0253,CRS01,2,140.76,100.0,0,9
STU0253,CRS01,3,91.19,100.0,0,9
STU0253,CRS01,4,165.39,89.46,0,9
STU0253,CRS01,5,217.29,100.0,0,9
STU0253,CRS01,6,157.66,97.69,0,9
STU0253,CRS01,7,205.39,100.0,0,9
STU0253,CRS01,8,47.31,80.99,0,9
STU0253,CRS01,9,86.14,77.75,1,9
STU0253,CRS02,1,20.28,79.97,0,12
STU0253,CRS03,1,85.01,66.74,0,10
STU0253,CRS03,2,94.53,75.99,0,10
STU0253,CRS03,3,45.21,70.77,0,10
STU0253,CRS03,4,70.11,74.3,0,10
STU0253,CRS04,1,29.84,57.97,0,10
STU0253,CRS04,2,57.17,68.36,0,10
STU0253,CRS04,3,34.11,61.44,0,10
STU0253,CRS04,4,63.07,89.72,0,10
STU0253,CRS04,5,85.41,74.08,0,10
STU0253,CRS04,6,65.01,70.64,0,10
STU0253,CRS04,7,131.87,74.48,0,10
STU0253,CRS04,8,69.67,82.16,0,10
STU0253,CRS04,9,52.68,76.46,0,10
STU0253,CRS04,10,55.82,77.68,1,10
STU0253,CRS05,1,29.42,59.49,0,10
STU0253,CRS05,2,105.5,79.99,0,10
STU0254,CRS01,1,115.53,86.43,0,10
STU0254,CRS01,2,201.71,86.51,0,10
STU0254,CRS01,3,115.04,82.52,0,10
STU0254,CRS01,4,167.35,95.26,0,10
STU0254,CRS01,5,147.83,86.11,0,10
STU0254,CRS01,6,207.35,96.6,0,10
STU0254,CRS01,7,189.53,96.03,0,10
STU0254,CRS01,8,243.07,86.17,0,10
STU0254,CRS02,1,61.14,52.53,0,8
STU0254,CRS02,2,60.4,47.3,0,8
STU0254,CRS02,3,57.65,52.43,0,8
STU0254,CRS02,4,92.58,60.09,0,8
STU0254,CRS02,5,76.61,31.97,0,8
STU0254,CRS02,6,88.4,52.28,0,8
STU0254,CRS02,7,60.49,41.44,0,8
STU0254,CRS03,1,97.17,72.53,0,8
STU0254,CRS03,2,77.59,51.63,0,8
STU0254,CRS03,3,53.17,67.31,0,8
STU0254,CRS03,4,51.23,72.19,0,8
STU0254,CRS04,1,138.93,57.4,0,10
STU0254,CRS04,2,212.8,64.87,0,10
STU0254,CRS04,3,209.81,65.96,0,10
STU0254,CRS04,4,50.94,44.62,0,10
STU0254,CRS04,5,192.44,53.82,0,10
STU0254,CRS04,6,228.94,70.3,0,10
STU0254,CRS04,7,94.53,47.32,0,10
STU0254,CRS04,8,66.44,51.13,0,10
STU0254,CRS05,1,214.57,97.44,0,9
STU0254,CRS05,2,190.97,91.19,0,9
STU0254,CRS05,3,101.2,69.46,0,9
STU0254,CRS05,4,110.8,83.05,0,9
STU0254,CRS05,5,120.55,65.56,0,9
STU0254,CRS05,6,259.35,81.97,0,9
STU0254,CRS05,7,250.19,68.55,0,9
STU0255,CRS01,1,88.79,64.44,0,12
STU0255,CRS01,2,24.38,41.85,0,12
STU0255,CRS01,3,83.04,44.68,0,12
STU0255,CRS01,4,16.77,45.46,0,12
STU0255,CRS01,5,83.62,58.05,0,12
STU0255,CRS01,6,19.88,41.44,0,12
STU0255,CRS01,7,80.64,40.0,0,12
STU0255,CRS01,8,21.9,42.89,0,12
STU0255,CRS02,1,53.09,73.99,0,9
STU0255,CRS02,2,73.09,51.7,0,9
STU0255,CRS02,3,74.75,74.15,0,9
STU0255,CRS02,4,102.21,70.71,0,9
STU0255,CRS02,5,60.25,70.17,0,9
STU0255,CRS02,6,94.99,93.65,0,9
STU0255,CRS03,1,245.78,68.11,0,9
STU0255,CRS03,2,32.43,27.7,0,9
STU0255,CRS03,3,120.38,47.32,0,9
STU0255,CRS03,4,185.51,41.45,0,9
STU0255,CRS03,5,232.52,38.22,0,9
STU0255,CRS03,6,123.54,33.19,0,9
STU0255,CRS03,7,265.52,43.11,0,9
STU0255,CRS03,8,144.86,54.68,0,9
STU0255,CRS03,9,269.33,55.49,1,9
STU0255,CRS04,1,106.69,86.73,0,9
STU0255,CRS04,2,136.23,83.93,0,9
STU0255,CRS04,3,159.59,89.74,0,9
STU0255,CRS04,4,101.33,72.25,0,9
STU0255,CRS04,5,193.62,100.0,0,9
STU0255,CRS05,1,134.99,62.73,0,12
STU0255,CRS05,2,84.77,46.14,0,12
STU0255,CRS05,3,177.28,69.23,0,12
STU0256,CRS01,1,35.06,60.07,0,12
STU0256,CRS01,2,77.04,59.4,0,12
STU0256,CRS01,3,76.77,73.17,0,12
STU0256,CRS01,4,37.43,53.01,0,12
STU0256,CRS01,5,47.58,40.64,0,12
STU0256,CRS01,6,56.31,60.83,0,12
STU0256,CRS01,7,58.47,69.86,0,12
STU0256,CRS01,8,84.97,66.27,0,12
STU0256,CRS01,9,77.56,64.36,0,12
STU0256,CRS01,10,17.14,65.18,0,12
STU0256,CRS01,11,31.48,50.51,0,12
STU0256,CRS01,12,98.09,78.98,1,12
STU0256,CRS02,1,139.23,60.33,0,11
STU0256,CRS02,2,69.03,44.05,0,11
STU0256,CRS02,3,107.83,33.86,0,11
STU0256,CRS02,4,26.47,54.42,0,11
STU0256,CRS02,5,125.08,59.38,0,11
STU0256,CRS02,6,193.89,52.31,0,11
STU0256,CRS02,7,166.49,54.51,0,11
STU0256,CRS02,8,135.15,51.59,0,11
STU0256,CRS02,9,65.82,70.12,0,11
STU0256,CRS02,10,108.46,49.02,0,11
STU0256,CRS03,1,157.83,58.53,0,8
STU0256,CRS03,2,269.05,77.53,0,8
STU0256,CRS03,3,224.27,64.32,0,8
STU0256,CRS03,4,239.06,61.85,0,8
STU0256,CRS03,5,105.06,56.33,0,8
STU0256,CRS03,6,187.03,58.09,0,8
STU0256,CRS03,7,104.0,70.54,0,8
STU0256,CRS03,8,266.87,83.4,1,8
STU0256,CRS04,1,134.91,95.57,0,9
STU0256,CRS04,2,74.65,92.99,0,9
STU0256,CRS04,3,57.87,94.15,0,9
STU0256,CRS04,4,178.21,82.02,0,9
STU0256,CRS04,5,171.56,92.02,0,9
STU0256,CRS04,6,161.83,83.56,0,9
STU0256,CRS04,7,233.77,68.38,0,9
STU0256,CRS04,8,103.65,69.12,0,9
STU0256,CRS04,9,248.95,88.64,1,9
STU0256,CRS05,1,61.47,54.84,0,11
STU0257,CRS01,1,108.83,62.21,0,9
STU0257,CRS01,2,36.05,54.9,0,9
STU0257,CRS01,3,152.85,66.43,0,9
STU0257,CRS01,4,161.16,64.21,0,9
STU0257,CRS01,5,72.43,67.8,0,9
STU0257,CRS01,6,151.89,65.46,0,9
STU0257,CRS02,1,85.99,47.48,0,11
STU0257,CRS02,2,141.84,51.35,0,11
STU0257,CRS02,3,223.7,56.5,0,11
STU0257,CRS02,4,134.58,50.3,0,11
STU0257,CRS02,5,71.57,24.36,0,11
STU0257,CRS02,6,152.3,60.38,0,11
STU0257,CRS02,7,82.29,41.15,0,11
STU0257,CRS02,8,56.96,35.83,0,11
STU0257,CRS02,9,226.79,33.36,0,11
STU0257,CRS02,10,109.22,57.94,0,11
STU0257,CRS02,11,78.11,36.49,1,11
STU0257,CRS03,1,141.7,97.37,0,11
STU0257,CRS03,2,102.54,65.34,0,11
STU0257,CRS03,3,62.09,67.01,0,11
STU0257,CRS03,4,43.38,54.18,0,11
STU0257,CRS03,5,151.71,77.53,0,11
STU0257,CRS03,6,75.17,72.77,0,11
STU0257,CRS03,7,50.04,54.39,0,11
STU0257,CRS03,8,117.02,63.75,0,11
STU0257,CRS03,9,53.25,53.6,0,11
STU0257,CRS03,10,60.68,59.27,0,11
STU0257,CRS04,1,80.94,72.61,0,11
STU0257,CRS04,2,126.63,40.32,0,11
STU0257,CRS04,3,85.89,47.64,0,11
STU0257,CRS04,4,31.57,47.23,0,11
STU0257,CRS04,5,16.35,46.03,0,11
STU0257,CRS04,6,118.49,45.59,0,11
STU0257,CRS04,7,92.79,39.49,0,11
STU0257,CRS04,8,147.93,50.59,0,11
STU0257,CRS04,9,56.85,37.88,0,11
STU0257,CRS04,10,110.18,39.62,0,11
STU0257,CRS04,11,147.95,51.62,1,11
STU0257,CRS05,1,138.83,66.26,0,8
STU0257,CRS05,2,71.6,66.92,0,8
STU0257,CRS05,3,117.86,83.92,0,8
STU0257,CRS05,4,36.59,72.78,0,8
STU0257,CRS05,5,120.69,83.47,0,8
STU0258,CRS01,1,41.59,62.02,0,10
STU0258,CRS01,2,17.33,74.7,0,10
STU0258,CRS01,3,17.55,65.71,0,10
STU0258,CRS01,4,110.3,68.97,0,10
STU0258,CRS01,5,26.51,53.14,0,10
STU0258,CRS01,6,127.47,81.81,0,10
STU0258,CRS02,1,42.41,74.34,0,11
STU0258,CRS02,2,14.69,68.7,0,11
STU0258,CRS03,1,31.16,50.54,0,8
STU0258,CRS03,2,160.54,57.75,0,8
STU0258,CRS03,3,154.7,55.95,0,8
STU0258,CRS03,4,90.0,61.59,0,8
STU0258,CRS04,1,110.38,79.44,0,11
STU0258,CRS04,2,158.61,78.5,0,11
STU0258,CRS04,3,54.77,74.87,0,11
STU0258,CRS04,4,37.62,84.33,0,11
STU0258,CRS04,5,133.57,86.48,0,11
STU0258,CRS04,6,68.82,70.25,0,11
STU0258,CRS04,7,177.51,84.86,0,11
STU0258,CRS04,8,125.78,68.16,0,11
STU0258,CRS04,9,60.31,83.06,0,11
STU0258,CRS04,10,73.18,87.14,0,11
STU0258,CRS04,11,153.75,80.48,1,11
STU0258,CRS05,1,37.82,40.54,0,10
STU0258,CRS05,2,17.26,52.6,0,10
STU0258,CRS05,3,72.45,67.56,0,10
STU0258,CRS05,4,79.03,46.91,0,10
STU0258,CRS05,5,53.76,27.58,0,10
STU0258,CRS05,6,17.19,42.49,0,10
STU0258,CRS05,7,41.06,49.55,0,10
STU0258,CRS05,8,102.99,45.83,0,10
STU0258,CRS05,9,98.51,27.22,0,10
STU0258,CRS05,10,56.17,44.19,1,10
STU0259,CRS01,1,47.64,35.18,0,10
STU0259,CRS01,2,66.8,47.22,0,10
STU0259,CRS01,3,39.24,52.32,0,10
STU0259,CRS01,4,16.47,33.38,0,10
STU0259,CRS02,1,127.12,22.78,0,9
STU0259,CRS02,2,139.12,20.6,0,9
STU0259,CRS02,3,46.35,27.74,0,9
STU0259,CRS02,4,135.05,46.06,0,9
STU0259,CRS03,1,61.49,85.47,0,11
STU0259,CRS03,2,126.28,97.46,0,11
STU0259,CRS03,3,122.55,90.92,0,11
STU0259,CRS03,4,49.32,80.0,0,11
STU0259,CRS03,5,237.09,92.09,0,11
STU0259,CRS03,6,142.52,98.05,0,11
STU0259,CRS03,7,172.23,100.0,0,11
STU0259,CRS03,8,66.17,87.33,0,11
STU0259,CRS03,9,93.83,94.89,0,11
STU0259,CRS03,10,94.56,68.98,0,11
STU0259,CRS03,11,59.17,79.96,1,11
STU0259,CRS04,1,13.35,59.98,0,9
STU0259,CRS04,2,51.1,60.19,0,9
STU0259,CRS04,3,17.73,46.16,0,9
STU0259,CRS04,4,90.2,60.81,0,9
STU0259,CRS04,5,111.95,75.52,0,9
STU0259,CRS04,6,62.63,64.19,0,9
STU0259,CRS04,7,125.25,63.89,0,9
STU0259,CRS04,8,123.18,53.08,0,9
STU0259,CRS04,9,106.03,55.23,1,9
STU0259,CRS05,1,47.56,76.35,0,10
STU0259,CRS05,2,120.67,74.31,0,10
STU0259,CRS05,3,33.67,59.35,0,10
STU0259,CRS05,4,151.77,90.7,0,10
STU0259,CRS05,5,220.29,73.99,0,10
STU0259,CRS05,6,196.5,98.82,0,10
STU0259,CRS05,7,189.52,58.0,0,10
STU0259,CRS05,8,213.37,87.6,0,10
STU0260,CRS01,1,133.14,81.21,0,11
STU0260,CRS01,2,54.08,57.61,0,11
STU0260,CRS01,3,123.07,77.1,0,11
STU0260,CRS02,1,212.81,77.13,0,9
STU0260,CRS02,2,229.72,81.32,0,9
STU0260,CRS02,3,215.08,85.8,0,9
STU0260,CRS02,4,219.28,74.75,0,9
STU0260,CRS02,5,100.13,92.38,0,9
STU0260,CRS02,6,247.58,81.75,0,9
STU0260,CRS02,7,171.12,65.26,0,9
STU0260,CRS02,8,136.53,57.02,0,9
STU0260,CRS02,9,136.51,49.32,1,9
STU0260,CRS03,1,56.09,39.79,0,9
STU0260,CRS03,2,246.44,80.87,0,9
STU0260,CRS03,3,219.03,49.83,0,9
STU0260,CRS03,4,173.67,77.24,0,9
STU0260,CRS03,5,48.1,39.66,0,9
STU0260,CRS03,6,90.91,67.29,0,9
STU0260,CRS03,7,72.78,55.69,0,9
STU0260,CRS03,8,43.16,51.67,0,9
STU0260,CRS03,9,50.35,68.06,1,9
STU0260,CRS04,1,40.5,55.45,0,9
STU0260,CRS04,2,93.84,44.78,0,9
STU0260,CRS04,3,32.19,47.45,0,9
STU0260,CRS04,4,33.3,67.39,0,9
STU0260,CRS04,5,23.44,44.61,0,9
STU0260,CRS04,6,21.31,60.39,0,9
STU0260,CRS04,7,74.36,55.28,0,9
STU0260,CRS04,8,73.66,58.96,0,9
STU0260,CRS04,9,27.38,57.2,1,9
STU0260,CRS05,1,103.77,89.72,0,12
STU0260,CRS05,2,21.99,86.59,0,12
STU0260,CRS05,3,91.47,89.06,0,12
STU0260,CRS05,4,71.73,82.12,0,12
STU0260,CRS05,5,36.31,80.8,0,12
STU0260,CRS05,6,68.4,83.15,0,12
STU0261,CRS01,1,142.03,100.0,0,9
STU0261,CRS01,2,57.18,96.92,0,9
STU0261,CRS01,3,125.38,93.75,0,9
STU0261,CRS01,4,65.46,100.0,0,9
STU0261,CRS01,5,157.93,95.95,0,9
STU0261,CRS01,6,83.88,64.36,0,9
STU0261,CRS01,7,97.96,90.86,0,9
STU0261,CRS01,8,124.03,68.18,0,9
STU0261,CRS01,9,100.16,78.93,1,9
STU0261,CRS02,1,85.98,66.88,0,12
STU0261,CRS02,2,102.77,52.63,0,12
STU0261,CRS02,3,126.99,48.72,0,12
STU0261,CRS02,4,89.17,60.92,0,12
STU0261,CRS02,5,45.23,52.23,0,12
STU0261,CRS02,6,157.55,71.48,0,12
STU0261,CRS02,7,36.56,50.99,0,12
STU0261,CRS02,8,284.08,55.9,0,12
STU0261,CRS03,1,110.83,65.88,0,10
STU0261,CRS03,2,30.95,49.29,0,10
STU0261,CRS03,3,62.6,61.78,0,10
STU0261,CRS03,4,40.39,53.73,0,10
STU0261,CRS03,5,75.28,34.01,0,10
STU0261,CRS03,6,137.98,61.07,0,10
STU0261,CRS03,7,135.29,48.31,0,10
STU0261,CRS03,8,102.85,43.18,0,10
STU0261,CRS04,1,69.75,93.76,0,9
STU0261,CRS04,2,46.78,74.69,0,9
STU0261,CRS04,3,35.69,79.57,0,9
STU0261,CRS04,4,191.04,82.83,0,9
STU0261,CRS04,5,107.04,86.35,0,9
STU0261,CRS04,6,191.12,90.04,0,9
STU0261,CRS04,7,245.69,100.0,0,9
STU0261,CRS04,8,286.91,100.0,0,9
STU0261,CRS04,9,141.5,85.26,1,9
STU0261,CRS05,1,80.56,69.67,0,11
STU0261,CRS05,2,34.16,61.76,0,11
STU0261,CRS05,3,98.29,94.22,0,11
STU0261,CRS05,4,117.12,85.33,0,11
STU0261,CRS05,5,92.42,83.64,0,11
STU0261,CRS05,6,152.17,71.14,0,11
STU0261,CRS05,7,95.85,81.21,0,11
STU0261,CRS05,8,31.72,50.13,0,11
STU0261,CRS05,9,131.03,77.19,0,11
STU0261,CRS05,10,92.8,46.16,0,11
STU0261,CRS05,11,32.47,59.53,1,11
STU0262,CRS01,1,18.86,68.34,0,9
STU0262,CRS01,2,61.56,67.45,0,9
STU0262,CRS01,3,59.25,83.35,0,9
STU0262,CRS01,4,50.17,73.47,0,9
STU0262,CRS01,5,146.97,83.42,0,9
STU0262,CRS01,6,152.29,83.49,0,9
STU0262,CRS01,7,131.36,72.29,0,9
STU0262,CRS01,8,148.78,82.66,0,9
STU0262,CRS02,1,36.04,37.24,0,10
STU0262,CRS02,2,50.84,50.82,0,10
STU0262,CRS03,1,105.04,98.17,0,9
STU0262,CRS03,2,123.14,91.52,0,9
STU0262,CRS03,3,201.62,91.79,0,9
STU0262,CRS03,4,140.02,95.39,0,9
STU0262,CRS03,5,37.55,68.63,0,9
STU0262,CRS03,6,272.46,92.47,0,9
STU0262,CRS03,7,248.64,100.0,0,9
STU0262,CRS03,8,210.51,100.0,0,9
STU0262,CRS03,9,197.69,88.42,1,9
STU0262,CRS04,1,219.81,79.62,0,11
STU0262,CRS04,2,220.74,86.87,0,11
STU0262,CRS04,3,153.59,95.99,0,11
STU0262,CRS04,4,225.16,99.94,0,11
STU0262,CRS04,5,53.57,73.34,0,11
STU0262,CRS04,6,204.16,98.58,0,11
STU0262,CRS04,7,195.83,79.64,0,11
STU0262,CRS04,8,241.63,95.28,0,11
STU0262,CRS04,9,89.13,94.26,0,11
STU0262,CRS04,10,196.57,87.37,0,11
STU0262,CRS05,1,43.66,77.69,0,9
STU0262,CRS05,2,43.16,81.15,0,9
STU0262,CRS05,3,91.77,76.97,0,9
STU0262,CRS05,4,80.6,63.67,0,9
STU0263,CRS01,1,20.4,86.28,0,9
STU0263,CRS01,2,67.3,89.81,0,9
STU0263,CRS01,3,55.35,92.69,0,9
STU0263,CRS01,4,21.96,82.43,0,9
STU0263,CRS01,5,77.15,100.0,0,9
STU0263,CRS01,6,18.21,79.97,0,9
STU0263,CRS01,7,66.15,95.01,0,9
STU0263,CRS01,8,35.84,76.65,0,9
STU0263,CRS01,9,62.73,93.27,1,9
STU0263,CRS02,1,99.15,81.06,0,8
STU0263,CRS02,2,100.34,89.69,0,8
STU0263,CRS02,3,45.16,89.23,0,8
STU0263,CRS02,4,102.99,98.55,0,8
STU0263,CRS02,5,42.1,89.7,0,8
STU0263,CRS03,1,201.09,100.0,0,11
STU0263,CRS03,2,26.88,88.01,0,11
STU0263,CRS03,3,208.68,88.45,0,11
STU0263,CRS03,4,94.12,80.43,0,11
STU0263,CRS03,5,191.62,100.0,0,11
STU0263,CRS03,6,169.7,100.0,0,11
STU0263,CRS03,7,92.06,92.74,0,11
STU0263,CRS03,8,143.31,75.99,0,11
STU0263,CRS03,9,28.71,80.09,0,11
STU0263,CRS03,10,221.79,95.94,0,11
STU0263,CRS03,11,77.73,82.32,1,11
STU0263,CRS04,1,23.74,53.39,0,8
STU0263,CRS04,2,62.88,72.83,0,8
STU0263,CRS04,3,81.47,84.43,0,8
STU0263,CRS05,1,125.92,50.91,0,9
STU0263,CRS05,2,113.6,54.93,0,9
STU0263,CRS05,3,30.26,33.06,0,9
STU0263,CRS05,4,83.42,49.9,0,9
STU0263,CRS05,5,143.08,68.16,0,9
STU0263,CRS05,6,112.77,56.69,0,9
STU0263,CRS05,7,139.0,42.46,0,9
STU0263,CRS05,8,135.06,24.86,0,9
STU0263,CRS05,9,66.48,59.42,1,9
STU0264,CRS01,1,94.07,43.18,0,12
STU0264,CRS01,2,179.62,40.18,0,12
STU0264,CRS01,3,63.32,34.45,0,12
STU0264,CRS01,4,175.6,59.23,0,12
STU0264,CRS01,5,76.12,33.03,0,12
STU0264,CRS01,6,114.74,34.75,0,12
STU0264,CRS01,7,103.64,34.2,0,12
STU0264,CRS01,8,68.26,34.02,0,12
STU0264,CRS01,9,166.48,54.6,0,12
STU0264,CRS02,1,76.4,57.0,0,12
STU0264,CRS02,2,43.76,62.01,0,12
STU0264,CRS02,3,108.46,18.59,0,12
STU0264,CRS02,4,83.51,66.68,0,12
STU0264,CRS02,5,23.93,43.28,0,12
STU0264,CRS02,6,155.68,47.3,0,12
STU0264,CRS02,7,38.98,36.91,0,12
STU0264,CRS03,1,88.93,45.11,0,9
STU0264,CRS03,2,14.51,51.42,0,9
STU0264,CRS03,3,68.03,60.56,0,9
STU0264,CRS03,4,106.67,24.84,0,9
STU0264,CRS03,5,68.51,61.58,0,9
STU0264,CRS03,6,33.17,33.28,0,9
STU0264,CRS03,7,79.5,45.44,0,9
STU0264,CRS03,8,41.03,50.14,0,9
STU0264,CRS03,9,65.19,46.66,1,9
STU0264,CRS04,1,31.11,63.87,0,12
STU0264,CRS04,2,67.48,88.55,0,12
STU0264,CRS04,3,40.49,83.75,0,12
STU0264,CRS04,4,26.34,67.92,0,12
STU0264,CRS04,5,27.78,69.92,0,12
STU0264,CRS04,6,173.14,100.0,0,12
STU0264,CRS04,7,113.28,82.56,0,12
STU0264,CRS04,8,165.56,94.8,0,12
STU0264,CRS05,1,142.21,45.05,0,9
STU0264,CRS05,2,141.76,51.75,0,9
STU0264,CRS05,3,203.71,52.17,0,9
STU0264,CRS05,4,88.98,52.78,0,9
STU0264,CRS05,5,53.87,24.43,0,9
STU0264,CRS05,6,41.24,47.42,0,9
STU0264,CRS05,7,131.13,35.75,0,9
STU0264,CRS05,8,102.67,38.81,0,9
STU0264,CRS05,9,88.15,36.97,1,9
STU0265,CRS01,1,85.5,47.92,0,12
STU0265,CRS01,2,48.14,65.66,0,12
STU0265,CRS01,3,22.08,20.44,0,12
STU0265,CRS01,4,17.68,30.26,0,12
STU0265,CRS01,5,35.28,14.16,0,12
STU0265,CRS01,6,113.08,53.19,0,12
STU0265,CRS01,7,160.7,28.53,0,12
STU0265,CRS01,8,92.25,14.2,0,12
STU0265,CRS01,9,166.59,34.28,0,12
STU0265,CRS01,10,77.58,32.87,0,12
STU0265,CRS01,11,59.94,43.94,0,12
STU0265,CRS02,1,72.17,64.35,0,9
STU0265,CRS03,1,143.17,100.0,0,9
STU0265,CRS03,2,183.88,93.87,0,9
STU0265,CRS03,3,106.47,97.69,0,9
STU0265,CRS03,4,149.28,100.0,0,9
STU0265,CRS03,5,163.89,100.0,0,9
STU0265,CRS03,6,105.64,98.22,0,9
STU0265,CRS03,7,76.71,100.0,0,9
STU0265,CRS03,8,67.4,66.23,0,9
STU0265,CRS03,9,54.66,100.0,1,9
STU0265,CRS04,1,169.68,80.34,0,12
STU0265,CRS04,2,45.06,67.03,0,12
STU0265,CRS04,3,206.92,86.6,0,12
STU0265,CRS05,1,172.8,69.85,0,12
STU0265,CRS05,2,92.46,57.55,0,12
STU0265,CRS05,3,56.97,62.38,0,12
STU0265,CRS05,4,207.3,91.0,0,12
STU0265,CRS05,5,156.17,41.2,0,12
STU0265,CRS05,6,91.08,61.42,0,12
STU0265,CRS05,7,177.9,72.3,0,12
STU0265,CRS05,8,105.19,61.44,0,12
STU0265,CRS05,9,86.77,90.16,0,12
STU0265,CRS05,10,157.92,83.2,0,12
STU0265,CRS05,11,124.18,56.71,0,12
STU0265,CRS05,12,213.16,69.99,1,12
STU0266,CRS01,1,54.45,70.1,0,9
STU0266,CRS01,2,95.03,66.37,0,9
STU0266,CRS01,3,35.41,41.52,0,9
STU0266,CRS01,4,127.8,71.25,0,9
STU0266,CRS01,5,156.99,63.91,0,9
STU0266,CRS01,6,136.83,40.19,0,9
STU0266,CRS01,7,180.68,77.45,0,9
STU0266,CRS02,1,103.56,48.02,0,11
STU0266,CRS02,2,72.27,62.51,0,11
STU0266,CRS02,3,97.81,55.41,0,11
STU0266,CRS02,4,115.33,53.69,0,11
STU0266,CRS02,5,83.78,51.92,0,11
STU0266,CRS02,6,125.37,52.53,0,11
STU0266,CRS02,7,82.97,56.14,0,11
STU0266,CRS02,8,154.05,61.53,0,11
STU0266,CRS02,9,126.52,63.06,0,11
STU0266,CRS02,10,84.15,56.71,0,11
STU0266,CRS02,11,87.66,64.19,1,11
STU0266,CRS03,1,116.43,69.59,0,10
STU0266,CRS03,2,47.32,55.2,0,10
STU0266,CRS03,3,50.54,49.73,0,10
STU0266,CRS03,4,127.78,76.47,0,10
STU0266,CRS03,5,153.68,30.53,0,10
STU0266,CRS03,6,170.52,86.36,0,10
STU0266,CRS04,1,116.36,40.03,0,10
STU0266,CRS04,2,134.43,54.33,0,10
STU0266,CRS04,3,88.92,34.44,0,10
STU0266,CRS04,4,119.51,28.33,0,10
STU0266,CRS04,5,58.58,31.37,0,10
STU0266,CRS04,6,119.21,46.78,0,10
STU0266,CRS04,7,42.43,49.49,0,10
STU0266,CRS04,8,86.52,37.91,0,10
STU0266,CRS04,9,173.44,41.5,0,10
STU0266,CRS05,1,170.74,65.66,0,11
STU0266,CRS05,2,125.58,55.57,0,11
STU0266,CRS05,3,101.46,69.26,0,11
STU0266,CRS05,4,65.41,62.4,0,11
STU0266,CRS05,5,91.67,54.92,0,11
STU0266,CRS05,6,206.72,58.94,0,11
STU0266,CRS05,7,184.67,70.94,0,11
STU0266,CRS05,8,168.31,72.31,0,11
STU0267,CRS01,1,83.37,30.36,0,12
STU0267,CRS01,2,74.65,38.03,0,12
STU0267,CRS01,3,70.29,54.53,0,12
STU0267,CRS01,4,59.27,23.62,0,12
STU0267,CRS01,5,72.84,30.23,0,12
STU0267,CRS01,6,77.74,18.87,0,12
STU0267,CRS02,1,26.65,64.92,0,9
STU0267,CRS02,2,36.05,68.58,0,9
STU0267,CRS02,3,120.07,71.26,0,9
STU0267,CRS02,4,101.3,81.24,0,9
STU0267,CRS02,5,62.09,72.45,0,9
STU0267,CRS02,6,151.41,91.88,0,9
STU0267,CRS02,7,128.5,67.5,0,9
STU0267,CRS02,8,75.13,82.57,0,9
STU0267,CRS02,9,255.16,100.0,1,9
STU0267,CRS03,1,53.13,64.86,0,10
STU0267,CRS03,2,75.43,72.53,0,10
STU0267,CRS03,3,144.18,85.03,0,10
STU0267,CRS03,4,88.27,87.83,0,10
STU0267,CRS03,5,158.24,79.16,0,10
STU0267,CRS03,6,50.08,78.17,0,10
STU0267,CRS03,7,242.85,93.86,0,10
STU0267,CRS03,8,192.19,88.77,0,10
STU0267,CRS03,9,79.09,70.46,0,10
STU0267,CRS03,10,213.42,74.03,1,10
STU0267,CRS04,1,184.76,81.51,0,11
STU0267,CRS04,2,41.79,79.18,0,11
STU0267,CRS04,3,79.86,70.29,0,11
STU0267,CRS04,4,43.45,54.09,0,11
STU0267,CRS04,5,235.11,90.07,0,11
STU0267,CRS04,6,135.62,65.31,0,11
STU0267,CRS04,7,240.97,81.32,0,11
STU0267,CRS04,8,31.12,78.61,0,11
STU0267,CRS04,9,53.16,87.7,0,11
STU0267,CRS04,10,265.99,88.74,0,11
STU0267,CRS04,11,195.09,94.92,1,11
STU0267,CRS05,1,67.59,49.82,0,8
STU0267,CRS05,2,98.29,63.98,0,8
STU0267,CRS05,3,38.44,45.04,0,8
STU0267,CRS05,4,118.24,56.49,0,8
STU0268,CRS01,1,58.95,57.86,0,8
STU0268,CRS01,2,129.55,61.8,0,8
STU0268,CRS01,3,219.0,86.79,0,8
STU0268,CRS01,4,274.8,79.86,0,8
STU0268,CRS01,5,134.83,75.02,0,8
STU0268,CRS01,6,195.45,71.98,0,8
STU0268,CRS01,7,183.49,67.07,0,8
STU0268,CRS01,8,39.12,47.66,1,8
STU0268,CRS02,1,190.75,58.18,0,8
STU0268,CRS02,2,108.19,35.86,0,8
STU0268,CRS02,3,220.27,63.15,0,8
STU0268,CRS02,4,109.04,45.39,0,8
STU0268,CRS02,5,215.51,55.69,0,8
STU0268,CRS02,6,171.49,46.37,0,8
STU0268,CRS02,7,73.58,33.19,0,8
STU0268,CRS02,8,88.2,34.55,1,8
STU0268,CRS03,1,80.88,93.75,0,9
STU0268,CRS03,2,76.93,85.05,0,9
STU0268,CRS03,3,60.23,87.28,0,9
STU0268,CRS03,4,62.36,81.96,0,9
STU0268,CRS03,5,152.52,87.45,0,9
STU0268,CRS03,6,55.47,66.34,0,9
STU0268,CRS03,7,80.09,74.98,0,9
STU0268,CRS03,8,23.71,59.78,0,9
STU0268,CRS03,9,67.46,62.33,1,9
STU0268,CRS04,1,105.64,84.89,0,9
STU0268,CRS04,2,57.17,65.83,0,9
STU0268,CRS04,3,53.42,72.07,0,9
STU0268,CRS05,1,65.03,46.26,0,12
STU0268,CRS05,2,147.25,46.98,0,12
STU0268,CRS05,3,24.33,56.66,0,12
STU0268,CRS05,4,35.57,54.23,0,12
STU0268,CRS05,5,136.49,62.96,0,12
STU0268,CRS05,6,94.45,40.57,0,12
STU0268,CRS05,7,108.9,62.83,0,12
STU0268,CRS05,8,86.78,45.63,0,12
STU0269,CRS01,1,27.14,60.59,0,10
STU0269,CRS01,2,49.83,65.49,0,10
STU0269,CRS01,3,76.13,80.19,0,10
STU0269,CRS01,4,70.78,75.93,0,10
STU0269,CRS01,5,58.1,60.85,0,10
STU0269,CRS01,6,23.11,71.38,0,10
STU0269,CRS01,7,67.89,48.95,0,10
STU0269,CRS01,8,110.94,96.08,0,10
STU0269,CRS01,9,88.28,71.25,0,10
STU0269,CRS02,1,10.0,36.06,0,12
STU0269,CRS02,2,59.44,47.83,0,12
STU0269,CRS02,3,43.99,46.58,0,12
STU0269,CRS02,4,13.8,45.07,0,12
STU0269,CRS02,5,50.43,54.94,0,12
STU0269,CRS02,6,51.96,53.3,0,12
STU0269,CRS02,7,25.71,53.32,0,12
STU0269,CRS02,8,50.51,35.34,0,12
STU0269,CRS02,9,19.86,53.35,0,12
STU0269,CRS02,10,67.49,56.49,0,12
STU0269,CRS02,11,70.49,46.05,0,12
STU0269,CRS02,12,95.95,43.7,1,12
STU0269,CRS03,1,49.49,59.44,0,10
STU0269,CRS03,2,83.17,64.0,0,10
STU0269,CRS03,3,76.34,49.24,0,10
STU0269,CRS04,1,95.46,88.92,0,8
STU0269,CRS04,2,108.23,70.53,0,8
STU0269,CRS04,3,37.37,68.5,0,8
STU0269,CRS04,4,72.2,74.41,0,8
STU0269,CRS04,5,67.25,81.46,0,8
STU0269,CRS04,6,102.52,73.18,0,8
STU0269,CRS04,7,92.21,58.21,0,8
STU0269,CRS04,8,112.24,83.25,1,8
STU0269,CRS05,1,63.91,56.91,0,12
STU0269,CRS05,2,125.91,75.22,0,12
STU0270,CRS01,1,186.96,55.16,0,8
STU0270,CRS01,2,49.96,40.09,0,8
STU0270,CRS01,3,163.25,52.85,0,8
STU0270,CRS01,4,213.03,48.15,0,8
STU0270,CRS01,5,117.84,50.09,0,8
STU0270,CRS01,6,42.67,30.55,0,8
STU0270,CRS01,7,84.95,46.63,0,8
STU0270,CRS01,8,41.57,29.48,1,8
STU0270,CRS02,1,35.75,40.82,0,10
STU0270,CRS02,2,25.62,53.46,0,10
STU0270,CRS02,3,29.63,24.85,0,10
STU0270,CRS02,4,42.66,38.13,0,10
STU0270,CRS02,5,59.78,26.25,0,10
STU0270,CRS03,1,136.85,71.48,0,10
STU0270,CRS03,2,124.64,58.02,0,10
STU0270,CRS03,3,22.87,22.41,0,10
STU0270,CRS03,4,53.81,31.8,0,10
STU0270,CRS03,5,76.62,33.02,0,10
STU0270,CRS03,6,158.57,53.59,0,10
STU0270,CRS03,7,77.72,36.3,0,10
STU0270,CRS03,8,100.97,23.89,0,10
STU0270,CRS03,9,95.12,42.84,0,10
STU0270,CRS04,1,167.54,100.0,0,10
STU0270,CRS04,2,32.9,70.26,0,10
STU0270,CRS04,3,79.72,80.71,0,10
STU0270,CRS04,4,98.5,71.36,0,10
STU0270,CRS04,5,44.27,75.99,0,10
STU0270,CRS04,6,121.83,100.0,0,10
STU0270,CRS04,7,58.87,91.07,0,10
STU0270,CRS04,8,208.79,67.87,0,10
STU0270,CRS05,1,78.43,39.2,0,10
STU0270,CRS05,2,120.62,71.78,0,10
STU0270,CRS05,3,41.68,62.3,0,10
STU0270,CRS05,4,97.62,68.28,0,10
STU0270,CRS05,5,59.55,51.93,0,10
STU0270,CRS05,6,83.44,36.18,0,10
STU0270,CRS05,7,82.41,49.03,0,10
STU0270,CRS05,8,217.57,71.51,0,10
STU0271,CRS01,1,148.47,100.0,0,11
STU0271,CRS01,2,40.04,88.48,0,11
STU0271,CRS01,3,181.12,100.0,0,11
STU0271,CRS01,4,149.07,93.65,0,11
STU0271,CRS01,5,164.63,100.0,0,11
STU0271,CRS01,6,114.72,91.14,0,11
STU0271,CRS01,7,74.56,96.43,0,11
STU0271,CRS01,8,33.35,83.71,0,11
STU0271,CRS01,9,36.45,59.75,0,11
STU0271,CRS01,10,58.77,86.78,0,11
STU0271,CRS02,1,131.0,53.45,0,11
STU0271,CRS02,2,137.07,65.83,0,11
STU0271,CRS02,3,136.98,47.75,0,11
STU0271,CRS02,4,167.01,44.05,0,11
STU0271,CRS02,5,151.61,64.85,0,11
STU0271,CRS02,6,93.45,59.14,0,11
STU0271,CRS02,7,69.7,49.92,0,11
STU0271,CRS02,8,166.18,70.6,0,11
STU0271,CRS02,9,110.37,43.56,0,11
STU0271,CRS02,10,112.55,49.97,0,11
STU0271,CRS02,11,130.0,62.25,1,11
STU0271,CRS03,1,68.29,92.69,0,10
STU0271,CRS03,2,20.56,70.25,0,10
STU0271,CRS03,3,12.66,51.66,0,10
STU0271,CRS03,4,33.36,63.09,0,10
STU0271,CRS04,1,72.95,75.99,0,10
STU0271,CRS04,2,86.22,80.62,0,10
STU0271,CRS04,3,216.35,94.77,0,10
STU0271,CRS04,4,92.72,91.04,0,10
STU0271,CRS04,5,115.65,74.2,0,10
STU0271,CRS05,1,123.81,71.69,0,8
STU0271,CRS05,2,75.83,55.9,0,8
STU0271,CRS05,3,178.0,68.94,0,8
STU0271,CRS05,4,60.52,31.54,0,8
STU0271,CRS05,5,247.05,62.86,0,8
STU0272,CRS01,1,72.92,57.37,0,8
STU0272,CRS01,2,69.22,47.98,0,8
STU0272,CRS01,3,85.05,64.12,0,8
STU0272,CRS01,4,64.1,37.34,0,8
STU0272,CRS01,5,46.73,31.28,0,8
STU0272,CRS01,6,25.24,55.71,0,8
STU0272,CRS01,7,39.0,55.34,0,8
STU0272,CRS02,1,42.75,44.16,0,10
STU0272,CRS02,2,154.33,63.27,0,10
STU0272,CRS02,3,38.74,43.78,0,10
STU0272,CRS02,4,175.27,58.8,0,10
STU0272,CRS02,5,63.68,23.81,0,10
STU0272,CRS02,6,226.84,59.2,0,10
STU0272,CRS02,7,198.59,52.58,0,10
STU0272,CRS02,8,69.76,57.41,0,10
STU0272,CRS02,9,203.41,61.68,0,10
STU0272,CRS02,10,199.6,50.13,1,10
STU0272,CRS03,1,60.48,81.55,0,8
STU0272,CRS03,2,72.94,68.74,0,8
STU0272,CRS03,3,33.83,67.89,0,8
STU0272,CRS03,4,82.9,64.62,0,8
STU0272,CRS03,5,48.93,66.01,0,8
STU0272,CRS03,6,79.75,89.45,0,8
STU0272,CRS04,1,83.94,83.07,0,8
STU0272,CRS04,2,38.5,88.26,0,8
STU0272,CRS04,3,29.24,96.09,0,8
STU0272,CRS04,4,220.57,87.68,0,8
STU0272,CRS04,5,90.41,88.19,0,8
STU0272,CRS04,6,227.09,77.28,0,8
STU0272,CRS04,7,211.98,91.76,0,8
STU0272,CRS04,8,75.3,65.11,1,8
STU0272,CRS05,1,95.98,91.07,0,12
STU0272,CRS05,2,65.74,80.2,0,12
STU0272,CRS05,3,15.93,73.42,0,12
STU0272,CRS05,4,105.42,100.0,0,12
STU0272,CRS05,5,18.93,67.78,0,12
STU0273,CRS01,1,130.55,66.74,0,8
STU0273,CRS01,2,150.83,49.32,0,8
STU0273,CRS01,3,147.23,47.14,0,8
STU0273,CRS01,4,64.79,24.13,0,8
STU0273,CRS01,5,154.59,51.61,0,8
STU0273,CRS01,6,152.98,48.31,0,8
STU0273,CRS01,7,95.23,39.32,0,8
STU0273,CRS01,8,193.77,42.99,1,8
STU0273,CRS02,1,84.99,58.11,0,12
STU0273,CRS02,2,89.38,41.48,0,12
STU0273,CRS02,3,13.34,28.18,0,12
STU0273,CRS03,1,18.66,61.18,0,9
STU0273,CRS03,2,108.33,82.51,0,9
STU0273,CRS03,3,46.42,47.05,0,9
STU0273,CRS03,4,28.75,60.86,0,9
STU0273,CRS03,5,43.82,41.27,0,9
STU0273,CRS03,6,22.84,53.57,0,9
STU0273,CRS04,1,39.43,57.26,0,10
STU0273,CRS04,2,69.18,32.43,0,10
STU0273,CRS04,3,105.94,53.63,0,10
STU0273,CRS04,4,119.28,55.92,0,10
STU0273,CRS04,5,70.02,34.93,0,10
STU0273,CRS04,6,26.25,37.31,0,10
STU0273,CRS04,7,96.84,43.87,0,10
STU0273,CRS04,8,44.01,21.73,0,10
STU0273,CRS05,1,188.92,100.0,0,11
STU0273,CRS05,2,167.9,93.43,0,11
STU0273,CRS05,3,133.54,100.0,0,11
STU0273,CRS05,4,254.54,100.0,0,11
STU0273,CRS05,5,108.71,84.03,0,11
STU0273,CRS05,6,245.31,100.0,0,11
STU0273,CRS05,7,30.98,93.31,0,11
STU0273,CRS05,8,226.82,95.72,0,11
STU0273,CRS05,9,140.26,87.45,0,11
STU0273,CRS05,10,123.51,70.84,0,11
STU0273,CRS05,11,262.21,100.0,1,11
STU0274,CRS01,1,28.46,54.4,0,9
STU0274,CRS01,2,89.41,67.04,0,9
STU0274,CRS01,3,83.92,56.1,0,9
STU0274,CRS01,4,64.44,45.57,0,9
STU0274,CRS01,5,80.67,62.33,0,9
STU0274,CRS02,1,70.23,60.75,0,12
STU0274,CRS02,2,15.88,68.46,0,12
STU0274,CRS02,3,19.72,57.44,0,12
STU0274,CRS02,4,62.47,70.05,0,12
STU0274,CRS02,5,99.8,41.97,0,12
STU0274,CRS02,6,114.1,80.08,0,12
STU0274,CRS03,1,147.02,78.48,0,11
STU0274,CRS03,2,128.08,70.04,0,11
STU0274,CRS03,3,97.89,68.29,0,11
STU0274,CRS03,4,139.34,48.19,0,11
STU0274,CRS03,5,146.66,49.81,0,11
STU0274,CRS03,6,78.37,74.97,0,11
STU0274,CRS03,7,134.04,69.74,0,11
STU0274,CRS03,8,86.15,49.55,0,11
STU0274,CRS04,1,70.36,59.28,0,9
STU0274,CRS04,2,16.18,68.07,0,9
STU0274,CRS04,3,80.39,88.4,0,9
STU0274,CRS04,4,15.96,75.15,0,9
STU0274,CRS04,5,42.19,57.99,0,9
STU0274,CRS04,6,62.4,61.02,0,9
STU0274,CRS04,7,68.98,60.96,0,9
STU0274,CRS05,1,131.34,76.89,0,10
STU0274,CRS05,2,49.24,54.49,0,10
STU0274,CRS05,3,75.18,72.2,0,10
STU0274,CRS05,4,116.07,53.9,0,10
STU0275,CRS01,1,101.07,92.59,0,12
STU0275,CRS01,2,29.74,90.32,0,12
STU0275,CRS01,3,98.71,93.12,0,12
STU0275,CRS02,1,69.64,37.19,0,9
STU0275,CRS02,2,36.47,17.72,0,9
STU0275,CRS02,3,225.5,35.7,0,9
STU0275,CRS02,4,94.28,34.82,0,9
STU0275,CRS02,5,78.38,31.28,0,9
STU0275,CRS02,6,160.87,15.14,0,9
STU0275,CRS02,7,163.88,27.23,0,9
STU0275,CRS02,8,258.16,43.9,0,9
STU0275,CRS02,9,215.24,46.53,1,9
STU0275,CRS03,1,26.95,50.04,0,11
STU0275,CRS03,2,90.19,58.13,0,11
STU0275,CRS03,3,30.77,71.83,0,11
STU0275,CRS03,4,86.0,82.81,0,11
STU0275,CRS03,5,55.59,66.64,0,11
STU0275,CRS03,6,81.62,69.99,0,11
STU0275,CRS03,7,35.95,65.7,0,11
STU0275,CRS03,8,62.0,73.49,0,11
STU0275,CRS04,1,56.42,86.76,0,12
STU0275,CRS04,2,56.97,76.99,0,12
STU0275,CRS04,3,47.81,73.09,0,12
STU0275,CRS04,4,79.19,84.95,0,12
STU0275,CRS05,1,146.44,49.37,0,11
STU0275,CRS05,2,91.66,64.39,0,11
STU0275,CRS05,3,110.87,57.55,0,11
STU0276,CRS01,1,25.94,95.51,0,12
STU0276,CRS01,2,33.16,82.97,0,12
STU0276,CRS01,3,61.53,96.29,0,12
STU0276,CRS01,4,54.43,64.92,0,12
STU0276,CRS01,5,119.22,96.51,0,12
STU0276,CRS01,6,185.29,100.0,0,12
STU0276,CRS01,7,152.88,100.0,0,12
STU0276,CRS01,8,47.69,91.04,0,12
STU0276,CRS01,9,189.7,82.12,0,12
STU0276,CRS01,10,61.82,93.18,0,12
STU0276,CRS01,11,172.23,96.88,0,12
STU0276,CRS01,12,110.91,100.0,1,12
STU0276,CRS02,1,188.08,73.1,0,10
STU0276,CRS02,2,195.26,54.42,0,10
STU0276,CRS02,3,45.71,30.55,0,10
STU0276,CRS03,1,57.47,64.35,0,11
STU0276,CRS03,2,39.83,68.37,0,11
STU0276,CRS03,3,20.94,75.04,0,11
STU0276,CRS03,4,52.1,71.59,0,11
STU0276,CRS03,5,62.73,77.74,0,11
STU0276,CRS04,1,32.28,100.0,0,11
STU0276,CRS04,2,106.8,83.37,0,11
STU0276,CRS04,3,72.33,82.29,0,11
STU0276,CRS04,4,128.37,100.0,0,11
STU0276,CRS04,5,105.29,100.0,0,11
STU0276,CRS04,6,80.72,77.18,0,11
STU0276,CRS04,7,19.83,91.96,0,11
STU0276,CRS04,8,130.37,87.87,0,11
STU0276,CRS04,9,38.43,79.85,0,11
STU0276,CRS04,10,77.24,86.65,0,11
STU0276,CRS04,11,150.67,78.55,1,11
STU0276,CRS05,1,67.38,59.1,0,12
STU0276,CRS05,2,43.79,81.57,0,12
STU0276,CRS05,3,52.62,74.94,0,12
STU0276,CRS05,4,14.96,39.91,0,12
STU0276,CRS05,5,21.79,61.07,0,12
STU0276,CRS05,6,23.54,67.99,0,12
STU0276,CRS05,7,49.27,52.55,0,12
STU0276,CRS05,8,122.29,75.81,0,12
STU0277,CRS01,1,13.52,78.74,0,8
STU0277,CRS01,2,95.92,84.07,0,8
STU0277,CRS01,3,63.4,85.91,0,8
STU0277,CRS01,4,26.93,61.46,0,8
STU0277,CRS01,5,87.72,83.26,0,8
STU0277,CRS02,1,12.48,52.47,0,11
STU0277,CRS02,2,66.55,45.38,0,11
STU0277,CRS02,3,58.39,41.31,0,11
STU0277,CRS02,4,86.59,44.89,0,11
STU0277,CRS02,5,105.72,53.49,0,11
STU0277,CRS02,6,35.16,31.33,0,11
STU0277,CRS02,7,18.64,41.31,0,11
STU0277,CRS03,1,85.39,78.98,0,10
STU0277,CRS03,2,107.67,64.89,0,10
STU0277,CRS03,3,34.69,62.2,0,10
STU0277,CRS03,4,252.43,69.45,0,10
STU0277,CRS03,5,253.28,94.77,0,10
STU0277,CRS04,1,149.22,98.95,0,11
STU0277,CRS04,2,164.56,97.02,0,11
STU0277,CRS04,3,110.39,90.12,0,11
STU0277,CRS04,4,48.52,79.6,0,11
STU0277,CRS04,5,66.81,100.0,0,11
STU0277,CRS04,6,106.74,100.0,0,11
STU0277,CRS04,7,213.71,100.0,0,11
STU0277,CRS04,8,92.28,90.62,0,11
STU0277,CRS05,1,39.78,83.83,0,9
STU0277,CRS05,2,48.85,82.78,0,9
STU0277,CRS05,3,115.99,87.0,0,9
STU0277,CRS05,4,133.35,100.0,0,9
STU0277,CRS05,5,58.76,75.95,0,9
STU0277,CRS05,6,160.08,100.0,0,9
STU0277,CRS05,7,154.15,97.94,0,9
STU0277,CRS05,8,135.18,71.47,0,9
STU0278,CRS01,1,99.93,74.84,0,8
STU0278,CRS01,2,86.01,93.39,0,8
STU0278,CRS01,3,164.67,100.0,0,8
STU0278,CRS01,4,35.67,74.54,0,8
STU0278,CRS01,5,222.64,91.17,0,8
STU0278,CRS01,6,66.75,58.28,0,8
STU0278,CRS01,7,163.54,72.31,0,8
STU0278,CRS01,8,53.64,66.63,1,8
STU0278,CRS02,1,217.58,45.66,0,12
STU0278,CRS02,2,203.51,53.18,0,12
STU0278,CRS02,3,229.75,42.25,0,12
STU0278,CRS02,4,55.26,37.51,0,12
STU0278,CRS02,5,207.32,62.82,0,12
STU0278,CRS02,6,41.19,13.47,0,12
STU0278,CRS02,7,141.56,49.61,0,12
STU0278,CRS02,8,54.73,56.28,0,12
STU0278,CRS03,1,66.19,84.15,0,11
STU0278,CRS03,2,69.93,62.98,0,11
STU0278,CRS03,3,100.94,83.18,0,11
STU0278,CRS03,4,115.64,67.32,0,11
STU0278,CRS04,1,139.97,56.62,0,12
STU0278,CRS04,2,109.23,54.91,0,12
STU0278,CRS04,3,118.09,62.43,0,12
STU0278,CRS04,4,65.41,58.2,0,12
STU0278,CRS04,5,184.8,64.97,0,12
STU0278,CRS04,6,85.54,43.56,0,12
STU0278,CRS04,7,194.09,65.61,0,12
STU0278,CRS04,8,109.96,40.16,0,12
STU0278,CRS04,9,34.11,30.71,0,12
STU0278,CRS04,10,70.72,46.93,0,12
STU0278,CRS04,11,82.27,43.93,0,12
STU0278,CRS04,12,129.3,60.95,1,12
STU0278,CRS05,1,156.4,65.69,0,12
STU0278,CRS05,2,121.3,44.79,0,12
STU0278,CRS05,3,160.74,45.79,0,12
STU0278,CRS05,4,38.76,43.04,0,12
STU0278,CRS05,5,54.74,23.87,0,12
STU0278,CRS05,6,144.19,58.47,0,12
STU0278,CRS05,7,92.61,48.49,0,12
STU0278,CRS05,8,73.49,55.08,0,12
STU0278,CRS05,9,140.14,61.67,0,12
STU0278,CRS05,10,93.38,34.8,0,12
STU0278,CRS05,11,74.85,47.91,0,12
STU0279,CRS01,1,176.33,100.0,0,12
STU0279,CRS01,2,166.37,98.75,0,12
STU0279,CRS01,3,115.62,85.91,0,12
STU0279,CRS01,4,171.71,78.55,0,12
STU0279,CRS01,5,136.16,97.58,0,12
STU0279,CRS02,1,99.31,87.14,0,10
STU0279,CRS02,2,77.11,84.55,0,10
STU0279,CRS02,3,127.1,86.55,0,10
STU0279,CRS02,4,102.56,88.6,0,10
STU0279,CRS03,1,129.84,61.49,0,8
STU0279,CRS03,2,193.86,89.83,0,8
STU0279,CRS03,3,89.32,71.9,0,8
STU0279,CRS03,4,103.76,59.58,0,8
STU0279,CRS03,5,79.97,79.29,0,8
STU0279,CRS03,6,104.93,60.81,0,8
STU0279,CRS03,7,45.4,59.16,0,8
STU0279,CRS03,8,253.24,72.47,1,8
STU0279,CRS04,1,143.69,48.95,0,12
STU0279,CRS04,2,78.07,41.76,0,12
STU0279,CRS04,3,36.05,38.35,0,12
STU0279,CRS04,4,132.02,66.01,0,12
STU0279,CRS04,5,122.06,54.85,0,12
STU0279,CRS04,6,182.22,48.48,0,12
STU0279,CRS04,7,62.21,25.59,0,12
STU0279,CRS04,8,144.19,48.82,0,12
STU0279,CRS04,9,134.0,39.2,0,12
STU0279,CRS04,10,163.47,51.34,0,12
STU0279,CRS05,1,39.57,71.33,0,10
STU0279,CRS05,2,90.64,92.02,0,10
STU0279,CRS05,3,104.3,81.92,0,10
STU0279,CRS05,4,95.88,74.93,0,10
STU0279,CRS05,5,46.49,82.46,0,10
STU0279,CRS05,6,19.12,70.12,0,10
STU0279,CRS05,7,52.0,75.56,0,10
STU0279,CRS05,8,19.76,72.02,0,10
STU0280,CRS01,1,108.62,94.79,0,10
STU0280,CRS01,2,94.44,100.0,0,10
STU0280,CRS01,3,108.56,90.92,0,10
STU0280,CRS01,4,31.77,95.53,0,10
STU0280,CRS01,5,91.86,89.94,0,10
STU0280,CRS01,6,83.26,78.76,0,10
STU0280,CRS01,7,38.59,84.2,0,10
STU0280,CRS01,8,88.36,87.22,0,10
STU0280,CRS01,9,73.59,87.28,0,10
STU0280,CRS02,1,89.09,80.32,0,10
STU0280,CRS02,2,35.81,79.13,0,10
STU0280,CRS02,3,14.01,92.19,0,10
STU0280,CRS02,4,19.26,54.13,0,10
STU0280,CRS02,5,15.58,51.62,0,10
STU0280,CRS03,1,36.18,78.06,0,9
STU0280,CRS03,2,86.52,85.57,0,9
STU0280,CRS03,3,22.45,82.06,0,9
STU0280,CRS03,4,40.39,61.47,0,9
STU0280,CRS03,5,106.6,74.27,0,9
STU0280,CRS03,6,97.51,76.11,0,9
STU0280,CRS03,7,34.94,59.71,0,9
STU0280,CRS04,1,182.65,71.96,0,9
STU0280,CRS04,2,63.04,54.72,0,9
STU0280,CRS04,3,101.29,43.71,0,9
STU0280,CRS04,4,50.76,43.17,0,9
STU0280,CRS04,5,30.36,47.63,0,9
STU0280,CRS04,6,40.56,41.97,0,9
STU0280,CRS05,1,108.36,100.0,0,10
STU0280,CRS05,2,114.47,100.0,0,10
STU0280,CRS05,3,87.64,95.91,0,10
STU0280,CRS05,4,177.33,76.41,0,10
STU0280,CRS05,5,177.83,84.2,0,10
STU0280,CRS05,6,40.67,70.8,0,10
STU0280,CRS05,7,109.17,89.9,0,10
STU0280,CRS05,8,119.92,100.0,0,10
STU0280,CRS05,9,82.9,91.21,0,10
STU0280,CRS05,10,67.65,93.47,1,10
STU0281,CRS01,1,114.5,55.97,0,8
STU0281,CRS01,2,112.58,71.32,0,8
STU0281,CRS01,3,166.13,51.47,0,8
STU0281,CRS01,4,54.65,41.67,0,8
STU0281,CRS01,5,85.2,64.12,0,8
STU0281,CRS02,1,43.57,47.14,0,12
STU0281,CRS02,2,115.04,67.23,0,12
STU0281,CRS02,3,104.74,65.78,0,12
STU0281,CRS02,4,179.01,84.09,0,12
STU0281,CRS02,5,260.64,82.52,0,12
STU0281,CRS02,6,109.46,54.68,0,12
STU0281,CRS02,7,111.72,74.16,0,12
STU0281,CRS02,8,89.85,67.63,0,12
STU0281,CRS02,9,196.34,74.89,0,12
STU0281,CRS02,10,85.75,79.4,0,12
STU0281,CRS02,11,100.38,57.12,0,12
STU0281,CRS02,12,57.3,70.9,1,12
STU0281,CRS03,1,114.53,56.26,0,10
STU0281,CRS03,2,96.2,68.49,0,10
STU0281,CRS03,3,166.26,76.17,0,10
STU0281,CRS04,1,159.23,100.0,0,9
STU0281,CRS04,2,100.3,78.08,0,9
STU0281,CRS04,3,109.98,96.3,0,9
STU0281,CRS04,4,76.8,81.6,0,9
STU0281,CRS04,5,44.75,97.94,0,9
STU0281,CRS04,6,42.38,83.35,0,9
STU0281,CRS04,7,35.12,78.89,0,9
STU0281,CRS05,1,129.19,89.74,0,8
STU0281,CRS05,2,128.39,76.97,0,8
STU0281,CRS05,3,85.33,66.99,0,8
STU0281,CRS05,4,118.94,74.41,0,8
STU0281,CRS05,5,53.51,59.98,0,8
STU0281,CRS05,6,70.91,61.84,0,8
STU0281,CRS05,7,75.12,67.64,0,8
STU0281,CRS05,8,130.41,71.95,1,8
STU0282,CRS01,1,65.45,100.0,0,8
STU0282,CRS01,2,204.06,100.0,0,8
STU0282,CRS01,3,178.54,99.87,0,8
STU0282,CRS01,4,105.32,97.3,0,8
STU0282,CRS01,5,209.09,100.0,0,8
STU0282,CRS01,6,237.69,100.0,0,8
STU0282,CRS01,7,258.8,100.0,0,8
STU0282,CRS01,8,243.8,100.0,1,8
STU0282,CRS02,1,191.81,100.0,0,8
STU0282,CRS02,2,46.97,72.59,0,8
STU0282,CRS02,3,188.52,92.33,0,8
STU0282,CRS02,4,174.78,78.6,0,8
STU0282,CRS02,5,143.78,80.73,0,8
STU0282,CRS03,1,37.8,51.17,0,12
STU0282,CRS03,2,18.51,48.57,0,12
STU0282,CRS03,3,61.15,41.87,0,12
STU0282,CRS03,4,85.46,40.08,0,12
STU0282,CRS03,5,115.43,63.46,0,12
STU0282,CRS03,6,15.97,39.29,0,12
STU0282,CRS03,7,39.0,55.98,0,12
STU0282,CRS03,8,22.43,39.71,0,12
STU0282,CRS03,9,28.53,41.15,0,12
STU0282,CRS04,1,76.78,69.01,0,12
STU0282,CRS04,2,48.06,70.35,0,12
STU0282,CRS04,3,60.41,74.24,0,12
STU0282,CRS04,4,123.63,70.29,0,12
STU0282,CRS04,5,67.96,72.89,0,12
STU0282,CRS04,6,91.29,83.43,0,12
STU0282,CRS04,7,102.6,59.97,0,12
STU0282,CRS04,8,142.75,70.7,0,12
STU0282,CRS04,9,120.86,57.97,0,12
STU0282,CRS04,10,156.89,72.89,0,12
STU0282,CRS04,11,132.23,85.8,0,12
STU0282,CRS04,12,135.02,69.55,1,12
STU0282,CRS05,1,90.4,63.4,0,11
STU0282,CRS05,2,107.63,62.95,0,11
STU0282,CRS05,3,30.05,54.8,0,11
STU0282,CRS05,4,101.39,79.2,0,11
STU0282,CRS05,5,84.26,69.2,0,11
STU0282,CRS05,6,18.75,54.96,0,11
STU0282,CRS05,7,116.82,72.06,0,11
STU0282,CRS05,8,39.87,45.44,0,11
STU0282,CRS05,9,19.07,47.01,0,11
STU0283,CRS01,1,93.68,33.51,0,12
STU0283,CRS01,2,85.68,57.71,0,12
STU0283,CRS01,3,111.24,58.04,0,12
STU0283,CRS01,4,80.8,41.3,0,12
STU0283,CRS01,5,36.44,32.19,0,12
STU0283,CRS01,6,94.71,45.77,0,12
STU0283,CRS01,7,147.26,52.57,0,12
STU0283,CRS01,8,75.31,32.72,0,12
STU0283,CRS01,9,143.99,58.18,0,12
STU0283,CRS01,10,88.56,33.35,0,12
STU0283,CRS01,11,81.93,36.26,0,12
STU0283,CRS01,12,56.07,39.16,1,12
STU0283,CRS02,1,89.35,84.36,0,11
STU0283,CRS02,2,56.36,68.14,0,11
STU0283,CRS02,3,164.58,81.24,0,11
STU0283,CRS02,4,207.67,100.0,0,11
STU0283,CRS02,5,230.96,94.75,0,11
STU0283,CRS02,6,251.56,94.83,0,11
STU0283,CRS02,7,150.72,81.01,0,11
STU0283,CRS02,8,239.47,88.38,0,11
STU0283,CRS02,9,95.22,61.84,0,11
STU0283,CRS02,10,62.11,78.73,0,11
STU0283,CRS03,1,55.76,73.1,0,9
STU0283,CRS03,2,80.88,76.66,0,9
STU0283,CRS03,3,97.71,81.79,0,9
STU0283,CRS03,4,17.74,81.21,0,9
STU0283,CRS03,5,70.46,96.71,0,9
STU0283,CRS03,6,26.95,76.25,0,9
STU0283,CRS03,7,59.6,82.53,0,9
STU0283,CRS04,1,94.88,73.77,0,12
STU0283,CRS04,2,91.39,97.75,0,12
STU0283,CRS04,3,46.02,64.86,0,12
STU0283,CRS04,4,142.85,76.84,0,12
STU0283,CRS04,5,132.11,99.21,0,12
STU0283,CRS04,6,56.43,73.86,0,12
STU0283,CRS04,7,46.32,84.67,0,12
STU0283,CRS04,8,167.18,83.96,0,12
STU0283,CRS04,9,183.68,99.72,0,12
STU0283,CRS04,10,132.41,91.5,0,12
STU0283,CRS05,1,128.29,95.71,0,8
STU0283,CRS05,2,176.55,81.94,0,8
STU0283,CRS05,3,65.34,68.15,0,8
STU0283,CRS05,4,172.73,92.43,0,8
STU0283,CRS05,5,218.18,78.34,0,8
STU0283,CRS05,6,73.21,66.88,0,8
STU0283,CRS05,7,242.43,84.84,0,8
STU0283,CRS05,8,150.26,89.78,1,8
STU0284,CRS01,1,94.78,77.82,0,12
STU0284,CRS01,2,101.55,86.29,0,12
STU0284,CRS01,3,82.51,79.32,0,12
STU0284,CRS01,4,41.77,89.2,0,12
STU0284,CRS01,5,13.57,71.98,0,12
STU0284,CRS01,6,80.73,65.03,0,12
STU0284,CRS01,7,44.94,77.85,0,12
STU0284,CRS02,1,79.68,88.0,0,12
STU0284,CRS02,2,25.82,71.9,0,12
STU0284,CRS02,3,75.8,77.02,0,12
STU0284,CRS02,4,29.33,59.92,0,12
STU0284,CRS02,5,168.5,98.77,0,12
STU0284,CRS02,6,126.56,94.58,0,12
STU0284,CRS02,7,44.65,64.89,0,12
STU0284,CRS02,8,158.81,92.52,0,12
STU0284,CRS02,9,100.16,76.06,0,12
STU0284,CRS03,1,92.21,39.53,0,9
STU0284,CRS04,1,180.89,62.28,0,12
STU0284,CRS04,2,57.0,48.55,0,12
STU0284,CRS04,3,49.3,54.76,0,12
STU0284,CRS04,4,144.78,67.25,0,12
STU0284,CRS04,5,31.38,43.47,0,12
STU0284,CRS04,6,27.87,30.44,0,12
STU0284,CRS04,7,109.54,56.18,0,12
STU0284,CRS04,8,128.05,48.22,0,12
STU0284,CRS04,9,151.23,67.44,0,12
STU0284,CRS04,10,92.45,47.08,0,12
STU0284,CRS04,11,103.98,54.52,0,12
STU0284,CRS04,12,206.55,77.61,1,12
STU0284,CRS05,1,77.91,51.42,0,10
STU0284,CRS05,2,55.37,85.5,0,10
STU0284,CRS05,3,45.76,74.4,0,10
STU0284,CRS05,4,68.63,81.52,0,10
STU0284,CRS05,5,71.41,85.08,0,10
STU0284,CRS05,6,23.64,69.39,0,10
STU0284,CRS05,7,16.79,67.17,0,10
STU0284,CRS05,8,37.88,61.4,0,10
STU0284,CRS05,9,60.16,48.0,0,10
STU0284,CRS05,10,41.6,51.09,1,10
STU0285,CRS01,1,91.0,61.56,0,9
STU0285,CRS01,2,214.07,88.58,0,9
STU0285,CRS01,3,188.36,74.14,0,9
STU0285,CRS01,4,236.41,67.54,0,9
STU0285,CRS01,5,65.09,68.05,0,9
STU0285,CRS01,6,190.07,66.4,0,9
STU0285,CRS01,7,169.9,53.64,0,9
STU0285,CRS01,8,87.55,48.88,0,9
STU0285,CRS02,1,107.84,33.69,0,10
STU0285,CRS02,2,63.2,30.73,0,10
STU0285,CRS02,3,202.35,44.81,0,10
STU0285,CRS02,4,199.18,63.61,0,10
STU0285,CRS02,5,132.36,54.33,0,10
STU0285,CRS02,6,49.0,55.32,0,10
STU0285,CRS02,7,109.68,29.67,0,10
STU0285,CRS02,8,182.79,52.83,0,10
STU0285,CRS02,9,190.66,53.84,0,10
STU0285,CRS02,10,264.58,55.25,1,10
STU0285,CRS03,1,115.59,100.0,0,11
STU0285,CRS03,2,53.74,98.74,0,11
STU0285,CRS03,3,50.96,83.47,0,11
STU0285,CRS03,4,25.65,79.21,0,11
STU0285,CRS03,5,130.8,67.19,0,11
STU0285,CRS03,6,85.35,74.39,0,11
STU0285,CRS03,7,133.01,100.0,0,11
STU0285,CRS03,8,85.48,87.66,0,11
STU0285,CRS03,9,28.88,64.91,0,11
STU0285,CRS03,10,100.15,91.85,0,11
STU0285,CRS04,1,89.2,96.69,0,10
STU0285,CRS04,2,129.97,87.64,0,10
STU0285,CRS04,3,44.17,73.88,0,10
STU0285,CRS04,4,88.25,91.93,0,10
STU0285,CRS04,5,153.09,100.0,0,10
STU0285,CRS04,6,138.08,93.02,0,10
STU0285,CRS04,7,48.26,77.1,0,10
STU0285,CRS04,8,84.66,89.78,0,10
STU0285,CRS04,9,114.84,91.7,0,10
STU0285,CRS05,1,136.05,74.32,0,10
STU0285,CRS05,2,110.6,56.27,0,10
STU0285,CRS05,3,189.39,50.62,0,10
STU0285,CRS05,4,37.87,48.73,0,10
STU0286,CRS01,1,97.61,58.16,0,10
STU0286,CRS01,2,34.16,68.79,0,10
STU0286,CRS01,3,128.27,70.71,0,10
STU0286,CRS01,4,133.39,53.04,0,10
STU0286,CRS01,5,48.51,51.05,0,10
STU0286,CRS01,6,27.22,37.91,0,10
STU0286,CRS01,7,38.05,57.87,0,10
STU0286,CRS01,8,158.99,51.53,0,10
STU0286,CRS02,1,219.94,70.42,0,10
STU0286,CRS02,2,175.47,57.58,0,10
STU0286,CRS02,3,208.14,78.1,0,10
STU0286,CRS02,4,206.83,83.7,0,10
STU0286,CRS02,5,207.45,88.36,0,10
STU0286,CRS02,6,196.59,73.24,0,10
STU0286,CRS02,7,180.61,69.27,0,10
STU0286,CRS02,8,230.06,90.27,0,10
STU0286,CRS02,9,156.17,65.27,0,10
STU0286,CRS02,10,36.39,39.55,1,10
STU0286,CRS03,1,157.14,63.09,0,9
STU0286,CRS03,2,166.79,76.25,0,9
STU0286,CRS03,3,38.6,39.38,0,9
STU0286,CRS03,4,162.54,45.13,0,9
STU0286,CRS04,1,54.88,51.96,0,9
STU0286,CRS04,2,45.07,45.88,0,9
STU0286,CRS04,3,82.49,42.61,0,9
STU0286,CRS04,4,139.75,54.55,0,9
STU0286,CRS04,5,145.03,49.37,0,9
STU0286,CRS05,1,73.56,73.35,0,12
STU0286,CRS05,2,44.28,76.78,0,12
STU0286,CRS05,3,27.71,73.93,0,12
STU0286,CRS05,4,107.8,59.53,0,12
STU0286,CRS05,5,70.93,75.44,0,12
STU0286,CRS05,6,93.72,81.62,0,12
STU0286,CRS05,7,14.22,70.61,0,12
STU0286,CRS05,8,36.48,55.62,0,12
STU0287,CRS01,1,66.29,18.97,0,11
STU0287,CRS01,2,63.22,43.68,0,11
STU0287,CRS01,3,20.55,22.01,0,11
STU0287,CRS01,4,89.64,35.44,0,11
STU0287,CRS02,1,202.76,56.07,0,11
STU0287,CRS02,2,117.91,65.36,0,11
STU0287,CRS02,3,80.3,47.35,0,11
STU0287,CRS02,4,30.23,48.67,0,11
STU0287,CRS02,5,30.98,61.3,0,11
STU0287,CRS02,6,192.86,78.71,0,11
STU0287,CRS02,7,165.85,57.63,0,11
STU0287,CRS02,8,201.05,82.84,0,11
STU0287,CRS02,9,82.95,75.8,0,11
STU0287,CRS02,10,116.57,58.88,0,11
STU0287,CRS02,11,143.5,57.54,1,11
STU0287,CRS03,1,42.51,51.59,0,10
STU0287,CRS03,2,174.48,55.48,0,10
STU0287,CRS03,3,229.17,71.18,0,10
STU0287,CRS03,4,149.2,43.12,0,10
STU0287,CRS03,5,63.24,38.99,0,10
STU0287,CRS03,6,192.6,48.37,0,10
STU0287,CRS03,7,42.29,54.0,0,10
STU0287,CRS03,8,174.56,65.02,0,10
STU0287,CRS03,9,265.03,78.39,0,10
STU0287,CRS03,10,133.85,43.62,1,10
STU0287,CRS04,1,15.97,50.28,0,12
STU0287,CRS04,2,60.74,62.13,0,12
STU0287,CRS04,3,48.69,60.48,0,12
STU0287,CRS04,4,46.48,76.2,0,12
STU0287,CRS04,5,55.63,70.9,0,12
STU0287,CRS04,6,26.76,71.92,0,12
STU0287,CRS04,7,54.46,57.36,0,12
STU0287,CRS04,8,94.38,55.81,0,12
STU0287,CRS04,9,25.82,50.41,0,12
STU0287,CRS05,1,126.65,36.17,0,9
STU0287,CRS05,2,167.21,50.84,0,9
STU0287,CRS05,3,111.04,39.83,0,9
STU0287,CRS05,4,54.04,41.14,0,9
STU0287,CRS05,5,214.68,54.27,0,9
STU0287,CRS05,6,125.41,41.04,0,9
STU0287,CRS05,7,95.39,53.86,0,9
STU0287,CRS05,8,190.48,45.24,0,9
STU0287,CRS05,9,158.66,49.59,1,9
STU0288,CRS01,1,37.8,47.71,0,10
STU0288,CRS01,2,126.38,67.05,0,10
STU0288,CRS01,3,203.12,67.63,0,10
STU0288,CRS01,4,205.65,72.78,0,10
STU0288,CRS01,5,227.73,61.44,0,10
STU0288,CRS01,6,134.19,61.8,0,10
STU0288,CRS01,7,262.11,66.44,0,10
STU0288,CRS01,8,169.95,49.28,0,10
STU0288,CRS01,9,175.24,80.74,0,10
STU0288,CRS01,10,265.13,66.67,1,10
STU0288,CRS02,1,147.1,97.24,0,8
STU0288,CRS02,2,131.23,89.71,0,8
STU0288,CRS02,3,90.26,94.81,0,8
STU0288,CRS02,4,219.03,100.0,0,8
STU0288,CRS02,5,82.79,94.12,0,8
STU0288,CRS03,1,92.36,51.6,0,10
STU0288,CRS03,2,106.02,61.96,0,10
STU0288,CRS03,3,100.41,46.95,0,10
STU0288,CRS03,4,135.19,56.57,0,10
STU0288,CRS03,5,97.52,47.12,0,10
STU0288,CRS03,6,29.23,29.69,0,10
STU0288,CRS03,7,98.92,57.66,0,10
STU0288,CRS03,8,124.67,73.62,0,10
STU0288,CRS03,9,68.01,38.15,0,10
STU0288,CRS03,10,168.44,50.38,1,10
STU0288,CRS04,1,164.11,100.0,0,12
STU0288,CRS04,2,164.88,100.0,0,12
STU0288,CRS04,3,113.66,67.41,0,12
STU0288,CRS04,4,178.49,97.02,0,12
STU0288,CRS04,5,144.51,100.0,0,12
STU0288,CRS04,6,30.98,71.78,0,12
STU0288,CRS05,1,44.1,99.48,0,10
STU0288,CRS05,2,46.5,90.32,0,10
STU0288,CRS05,3,17.61,77.82,0,10
STU0288,CRS05,4,33.78,87.87,0,10
STU0288,CRS05,5,53.36,100.0,0,10
STU0289,CRS01,1,36.02,62.24,0,10
STU0289,CRS02,1,109.14,61.53,0,10
STU0289,CRS02,2,39.26,42.89,0,10
STU0289,CRS02,3,70.09,43.21,0,10
STU0289,CRS02,4,19.11,61.2,0,10
STU0289,CRS02,5,88.45,47.16,0,10
STU0289,CRS02,6,112.74,45.19,0,10
STU0289,CRS02,7,115.17,56.97,0,10
STU0289,CRS03,1,195.48,74.28,0,11
STU0289,CRS03,2,88.57,64.95,0,11
STU0289,CRS03,3,84.09,73.23,0,11
STU0289,CRS03,4,200.16,74.83,0,11
STU0289,CRS03,5,103.4,70.96,0,11
STU0289,CRS04,1,45.43,91.31,0,9
STU0289,CRS04,2,40.87,70.42,0,9
STU0289,CRS04,3,71.63,67.29,0,9
STU0289,CRS05,1,161.71,86.57,0,9
STU0289,CRS05,2,45.99,52.98,0,9
STU0289,CRS05,3,40.24,80.56,0,9
STU0289,CRS05,4,23.07,62.19,0,9
STU0289,CRS05,5,127.43,51.02,0,9
STU0289,CRS05,6,175.66,71.45,0,9
STU0289,CRS05,7,44.28,62.39,0,9
STU0289,CRS05,8,169.2,84.46,0,9
STU0290,CRS01,1,37.77,55.53,0,11
STU0290,CRS01,2,116.14,49.75,0,11
STU0290,CRS01,3,174.92,79.94,0,11
STU0290,CRS01,4,49.13,36.58,0,11
STU0290,CRS01,5,181.08,68.79,0,11
STU0290,CRS01,6,48.7,44.27,0,11
STU0290,CRS01,7,84.04,67.83,0,11
STU0290,CRS01,8,201.97,58.59,0,11
STU0290,CRS01,9,125.36,64.97,0,11
STU0290,CRS02,1,85.03,65.75,0,11
STU0290,CRS02,2,195.24,87.97,0,11
STU0290,CRS02,3,171.5,77.51,0,11
STU0290,CRS02,4,158.87,77.83,0,11
STU0290,CRS02,5,190.81,86.67,0,11
STU0290,CRS02,6,49.21,47.21,0,11
STU0290,CRS02,7,61.75,55.38,0,11
STU0290,CRS02,8,223.85,71.45,0,11
STU0290,CRS02,9,138.2,74.86,0,11
STU0290,CRS02,10,126.87,79.89,0,11
STU0290,CRS02,11,79.32,69.43,1,11
STU0290,CRS03,1,191.84,87.82,0,12
STU0290,CRS03,2,224.25,98.46,0,12
STU0290,CRS03,3,91.83,78.58,0,12
STU0290,CRS03,4,90.36,76.46,0,12
STU0290,CRS03,5,249.95,90.18,0,12
STU0290,CRS03,6,37.79,67.61,0,12
STU0290,CRS03,7,100.19,81.76,0,12
STU0290,CRS03,8,127.47,80.5,0,12
STU0290,CRS03,9,263.56,82.28,0,12
STU0290,CRS03,10,219.44,78.01,0,12
STU0290,CRS03,11,40.49,72.11,0,12
STU0290,CRS03,12,72.74,80.85,1,12
STU0290,CRS04,1,78.31,64.2,0,12
STU0290,CRS04,2,167.74,45.55,0,12
STU0290,CRS04,3,265.37,41.84,0,12
STU0290,CRS04,4,70.71,27.93,0,12
STU0290,CRS04,5,234.56,56.05,0,12
STU0290,CRS04,6,182.59,51.2,0,12
STU0290,CRS04,7,272.01,48.5,0,12
STU0290,CRS04,8,153.54,55.12,0,12
STU0290,CRS04,9,246.95,51.66,0,12
STU0290,CRS04,10,220.09,46.0,0,12
STU0290,CRS04,11,53.74,32.28,0,12
STU0290,CRS04,12,236.97,48.71,1,12
STU0290,CRS05,1,214.38,58.76,0,10
STU0290,CRS05,2,209.77,61.38,0,10
STU0290,CRS05,3,72.54,33.06,0,10
STU0290,CRS05,4,141.01,46.87,0,10
STU0290,CRS05,5,85.91,41.45,0,10
STU0290,CRS05,6,130.95,46.93,0,10
STU0290,CRS05,7,42.67,38.76,0,10
STU0290,CRS05,8,150.01,71.25,0,10
STU0291,CRS01,1,69.42,69.52,0,9
STU0291,CRS01,2,135.09,54.34,0,9
STU0291,CRS01,3,103.51,51.14,0,9
STU0291,CRS01,4,145.92,63.71,0,9
STU0291,CRS01,5,263.39,65.52,0,9
STU0291,CRS01,6,49.92,42.95,0,9
STU0291,CRS01,7,158.25,66.77,0,9
STU0291,CRS01,8,165.53,64.29,0,9
STU0291,CRS01,9,90.35,47.91,1,9
STU0291,CRS02,1,23.01,32.3,0,12
STU0291,CRS02,2,98.87,37.87,0,12
STU0291,CRS02,3,19.51,39.61,0,12
STU0291,CRS02,4,24.13,37.06,0,12
STU0291,CRS02,5,50.87,38.6,0,12
STU0291,CRS02,6,74.79,35.22,0,12
STU0291,CRS02,7,18.68,27.24,0,12
STU0291,CRS02,8,106.13,35.08,0,12
STU0291,CRS02,9,139.78,28.55,0,12
STU0291,CRS02,10,66.72,35.72,0,12
STU0291,CRS02,11,133.62,37.22,0,12
STU0291,CRS03,1,32.64,67.57,0,10
STU0291,CRS03,2,49.38,82.16,0,10
STU0291,CRS03,3,69.41,76.88,0,10
STU0291,CRS03,4,65.33,67.83,0,10
STU0291,CRS03,5,72.21,71.1,0,10
STU0291,CRS04,1,133.41,80.16,0,11
STU0291,CRS04,2,138.15,54.57,0,11
STU0291,CRS04,3,196.95,85.3,0,11
STU0291,CRS04,4,103.04,73.82,0,11
STU0291,CRS04,5,241.46,78.69,0,11
STU0291,CRS04,6,172.82,74.98,0,11
STU0291,CRS04,7,172.66,77.91,0,11
STU0291,CRS04,8,224.83,69.44,0,11
STU0291,CRS04,9,194.15,64.34,0,11
STU0291,CRS04,10,100.49,72.58,0,11
STU0291,CRS04,11,304.07,82.98,1,11
STU0291,CRS05,1,81.04,76.34,0,8
STU0291,CRS05,2,197.04,86.44,0,8
STU0291,CRS05,3,171.73,93.65,0,8
STU0291,CRS05,4,143.17,83.42,0,8
STU0291,CRS05,5,156.97,86.31,0,8
STU0291,CRS05,6,183.28,83.33,0,8
STU0291,CRS05,7,223.87,86.56,0,8
STU0291,CRS05,8,50.16,69.03,1,8
STU0292,CRS01,1,218.49,88.54,0,11
STU0292,CRS01,2,39.5,83.05,0,11
STU0292,CRS01,3,181.39,96.7,0,11
STU0292,CRS02,1,75.02,45.54,0,10
STU0292,CRS02,2,73.65,46.34,0,10
STU0292,CRS02,3,135.27,34.06,0,10
STU0292,CRS02,4,30.12,32.66,0,10
STU0292,CRS02,5,168.32,60.82,0,10
STU0292,CRS02,6,144.55,47.89,0,10
STU0292,CRS03,1,73.09,64.5,0,8
STU0292,CRS03,2,30.72,53.35,0,8
STU0292,CRS03,3,85.23,47.84,0,8
STU0292,CRS03,4,23.61,54.41,0,8
STU0292,CRS03,5,61.15,49.79,0,8
STU0292,CRS03,6,31.76,49.64,0,8
STU0292,CRS04,1,63.14,43.0,0,11
STU0292,CRS04,2,55.72,52.44,0,11
STU0292,CRS04,3,52.72,34.73,0,11
STU0292,CRS04,4,32.39,24.85,0,11
STU0292,CRS05,1,66.66,32.72,0,9
STU0292,CRS05,2,84.18,42.64,0,9
STU0292,CRS05,3,87.15,42.46,0,9
STU0292,CRS05,4,138.35,42.2,0,9
STU0292,CRS05,5,139.58,36.19,0,9
STU0292,CRS05,6,135.76,43.13,0,9
STU0292,CRS05,7,124.83,31.0,0,9
STU0292,CRS05,8,82.95,34.74,0,9
STU0293,CRS01,1,107.83,40.63,0,9
STU0293,CRS02,1,97.48,60.22,0,12
STU0293,CRS02,2,137.0,74.63,0,12
STU0293,CRS02,3,142.53,65.22,0,12
STU0293,CRS02,4,177.52,41.13,0,12
STU0293,CRS02,5,177.44,66.17,0,12
STU0293,CRS02,6,132.37,59.95,0,12
STU0293,CRS02,7,162.82,82.38,0,12
STU0293,CRS02,8,92.87,52.31,0,12
STU0293,CRS02,9,56.22,55.88,0,12
STU0293,CRS02,10,79.54,45.16,0,12
STU0293,CRS02,11,163.22,64.39,0,12
STU0293,CRS02,12,99.1,39.47,1,12
STU0293,CRS03,1,48.5,86.15,0,10
STU0293,CRS03,2,88.2,82.59,0,10
STU0293,CRS03,3,24.41,96.6,0,10
STU0293,CRS03,4,58.8,91.84,0,10
STU0293,CRS03,5,33.82,81.67,0,10
STU0293,CRS03,6,107.09,100.0,0,10
STU0293,CRS03,7,52.18,66.45,0,10
STU0293,CRS04,1,94.02,85.92,0,10
STU0293,CRS04,2,181.79,91.37,0,10
STU0293,CRS04,3,29.52,74.07,0,10
STU0293,CRS04,4,139.73,83.64,0,10
STU0293,CRS04,5,53.98,57.74,0,10
STU0293,CRS04,6,120.8,100.0,0,10
STU0293,CRS04,7,201.05,75.53,0,10
STU0293,CRS04,8,83.85,71.17,0,10
STU0293,CRS04,9,127.4,63.84,0,10
STU0293,CRS05,1,114.93,74.97,0,8
STU0293,CRS05,2,153.63,74.69,0,8
STU0294,CRS01,1,22.73,74.45,0,8
STU0294,CRS01,2,47.68,72.31,0,8
STU0294,CRS01,3,28.72,77.3,0,8
STU0294,CRS01,4,91.0,49.8,0,8
STU0294,CRS01,5,16.15,72.3,0,8
STU0294,CRS01,6,60.06,47.28,0,8
STU0294,CRS01,7,65.86,74.37,0,8
STU0294,CRS01,8,77.42,65.51,1,8
STU0294,CRS02,1,166.77,95.93,0,9
STU0294,CRS02,2,97.83,93.59,0,9
STU0294,CRS02,3,83.81,75.76,0,9
STU0294,CRS02,4,160.92,99.94,0,9
STU0294,CRS03,1,112.16,44.8,0,8
STU0294,CRS03,2,194.67,77.37,0,8
STU0294,CRS03,3,131.68,71.07,0,8
STU0294,CRS03,4,218.03,67.89,0,8
STU0294,CRS03,5,55.52,52.86,0,8
STU0294,CRS03,6,126.36,58.36,0,8
STU0294,CRS03,7,171.75,82.18,0,8
STU0294,CRS03,8,153.56,64.67,1,8
STU0294,CRS04,1,67.96,68.18,0,12
STU0294,CRS04,2,110.67,74.68,0,12
STU0294,CRS04,3,230.6,65.95,0,12
STU0294,CRS04,4,158.39,81.24,0,12
STU0294,CRS04,5,69.14,69.66,0,12
STU0294,CRS04,6,56.44,62.69,0,12
STU0294,CRS04,7,77.52,83.35,0,12
STU0294,CRS04,8,185.56,77.87,0,12
STU0294,CRS04,9,31.86,43.02,0,12
STU0294,CRS04,10,46.78,56.81,0,12
STU0294,CRS04,11,122.93,72.32,0,12
STU0294,CRS04,12,144.55,87.09,1,12
STU0294,CRS05,1,41.36,43.4,0,10
STU0294,CRS05,2,95.9,63.68,0,10
STU0294,CRS05,3,241.82,77.19,0,10
STU0294,CRS05,4,39.15,75.15,0,10
STU0294,CRS05,5,56.59,52.15,0,10
STU0294,CRS05,6,62.79,50.38,0,10
STU0294,CRS05,7,261.12,71.48,0,10
STU0294,CRS05,8,177.16,69.16,0,10
STU0294,CRS05,9,48.66,51.89,0,10
STU0294,CRS05,10,281.76,62.04,1,10
STU0295,CRS01,1,65.23,63.58,0,9
STU0295,CRS01,2,28.85,48.48,0,9
STU0295,CRS01,3,103.72,82.17,0,9
STU0295,CRS01,4,115.29,60.88,0,9
STU0295,CRS01,5,112.34,72.41,0,9
STU0295,CRS01,6,46.08,69.64,0,9
STU0295,CRS01,7,129.42,42.83,0,9
STU0295,CRS01,8,21.05,35.18,0,9
STU0295,CRS01,9,100.91,42.28,1,9
STU0295,CRS02,1,26.87,44.01,0,12
STU0295,CRS02,2,111.05,64.41,0,12
STU0295,CRS02,3,85.69,48.44,0,12
STU0295,CRS02,4,53.45,69.8,0,12
STU0295,CRS02,5,30.48,45.19,0,12
STU0295,CRS02,6,56.73,42.26,0,12
STU0295,CRS02,7,119.17,55.63,0,12
STU0295,CRS02,8,152.09,70.54,0,12
STU0295,CRS02,9,75.84,54.67,0,12
STU0295,CRS02,10,105.35,56.28,0,12
STU0295,CRS02,11,30.69,50.8,0,12
STU0295,CRS03,1,236.57,69.75,0,12
STU0295,CRS03,2,151.0,56.49,0,12
STU0295,CRS03,3,125.73,56.66,0,12
STU0295,CRS03,4,67.86,45.05,0,12
STU0295,CRS03,5,246.95,42.58,0,12
STU0295,CRS03,6,275.0,45.88,0,12
STU0295,CRS03,7,77.94,57.6,0,12
STU0295,CRS03,8,297.42,49.45,0,12
STU0295,CRS03,9,254.5,57.17,0,12
STU0295,CRS04,1,133.75,97.96,0,10
STU0295,CRS04,2,47.47,94.05,0,10
STU0295,CRS04,3,103.71,100.0,0,10
STU0295,CRS04,4,85.78,93.72,0,10
STU0295,CRS04,5,104.7,98.59,0,10
STU0295,CRS04,6,75.77,100.0,0,10
STU0295,CRS04,7,60.57,93.11,0,10
STU0295,CRS05,1,59.25,58.57,0,8
STU0295,CRS05,2,127.33,67.57,0,8
STU0295,CRS05,3,152.9,62.9,0,8
STU0295,CRS05,4,194.09,86.8,0,8
STU0295,CRS05,5,30.33,75.1,0,8
STU0295,CRS05,6,211.52,86.85,0,8
STU0295,CRS05,7,66.07,40.45,0,8
STU0295,CRS05,8,111.62,62.7,1,8
STU0296,CRS01,1,170.99,52.26,0,12
STU0296,CRS01,2,58.13,32.73,0,12
STU0296,CRS01,3,175.01,52.55,0,12
STU0296,CRS01,4,108.28,38.69,0,12
STU0296,CRS01,5,198.01,43.19,0,12
STU0296,CRS01,6,202.89,74.15,0,12
STU0296,CRS01,7,66.19,54.62,0,12
STU0296,CRS01,8,47.58,28.07,0,12
STU0296,CRS01,9,58.84,44.62,0,12
STU0296,CRS02,1,17.45,64.58,0,12
STU0296,CRS02,2,61.46,45.58,0,12
STU0296,CRS02,3,56.66,50.86,0,12
STU0296,CRS02,4,87.58,47.46,0,12
STU0296,CRS02,5,21.55,38.49,0,12
STU0296,CRS02,6,36.49,40.93,0,12
STU0296,CRS02,7,96.85,68.42,0,12
STU0296,CRS02,8,18.1,41.8,0,12
STU0296,CRS02,9,75.51,60.6,0,12
STU0296,CRS02,10,21.05,35.73,0,12
STU0296,CRS03,1,33.86,71.81,0,9
STU0296,CRS03,2,250.67,80.94,0,9
STU0296,CRS03,3,72.49,78.78,0,9
STU0296,CRS03,4,173.08,61.92,0,9
STU0296,CRS03,5,66.86,54.72,0,9
STU0296,CRS03,6,120.13,58.5,0,9
STU0296,CRS03,7,39.93,68.7,0,9
STU0296,CRS03,8,41.69,42.95,0,9
STU0296,CRS03,9,108.12,56.39,1,9
STU0296,CRS04,1,48.52,58.3,0,9
STU0296,CRS04,2,31.14,37.5,0,9
STU0296,CRS04,3,43.77,45.81,0,9
STU0296,CRS05,1,57.94,87.05,0,11
STU0296,CRS05,2,41.68,88.45,0,11
STU0296,CRS05,3,21.38,79.25,0,11
STU0297,CRS01,1,45.18,52.59,0,12
STU0297,CRS01,2,93.24,42.09,0,12
STU0297,CRS01,3,42.39,38.77,0,12
STU0297,CRS01,4,37.71,36.46,0,12
STU0297,CRS01,5,45.76,37.9,0,12
STU0297,CRS01,6,50.29,57.25,0,12
STU0297,CRS01,7,176.68,57.78,0,12
STU0297,CRS01,8,105.25,55.24,0,12
STU0297,CRS01,9,56.95,57.43,0,12
STU0297,CRS01,10,122.07,54.84,0,12
STU0297,CRS01,11,195.71,74.5,0,12
STU0297,CRS01,12,174.84,49.04,1,12
STU0297,CRS02,1,105.74,35.88,0,8
STU0297,CRS02,2,129.35,36.43,0,8
STU0297,CRS02,3,98.79,34.96,0,8
STU0297,CRS02,4,113.17,33.12,0,8
STU0297,CRS02,5,127.21,35.46,0,8
STU0297,CRS02,6,66.18,39.3,0,8
STU0297,CRS02,7,117.88,44.12,0,8
STU0297,CRS02,8,82.39,23.72,1,8
STU0297,CRS03,1,192.68,81.68,0,12
STU0297,CRS03,2,54.96,72.08,0,12
STU0297,CRS03,3,109.43,61.25,0,12
STU0297,CRS03,4,174.58,89.92,0,12
STU0297,CRS03,5,195.97,79.57,0,12
STU0297,CRS03,6,150.97,80.86,0,12
STU0297,CRS03,7,93.03,71.59,0,12
STU0297,CRS03,8,226.92,75.58,0,12
STU0297,CRS03,9,125.19,82.5,0,12
STU0297,CRS03,10,43.58,73.16,0,12
STU0297,CRS03,11,47.4,61.49,0,12
STU0297,CRS03,12,193.23,89.2,1,12
STU0297,CRS04,1,117.69,79.22,0,9
STU0297,CRS04,2,86.56,69.82,0,9
STU0297,CRS04,3,161.89,95.49,0,9
STU0297,CRS04,4,46.41,65.5,0,9
STU0297,CRS04,5,41.75,56.79,0,9
STU0297,CRS04,6,108.37,79.22,0,9
STU0297,CRS04,7,164.0,78.93,0,9
STU0297,CRS04,8,133.67,85.42,0,9
STU0297,CRS04,9,148.02,75.27,1,9
STU0297,CRS05,1,16.0,67.25,0,11
STU0297,CRS05,2,51.22,73.35,0,11
STU0297,CRS05,3,85.06,52.55,0,11
STU0297,CRS05,4,118.4,82.63,0,11
STU0298,CRS01,1,104.28,100.0,0,10
STU0298,CRS01,2,188.43,100.0,0,10
STU0298,CRS01,3,162.04,100.0,0,10
STU0298,CRS01,4,129.66,89.76,0,10
STU0298,CRS01,5,270.12,100.0,0,10
STU0298,CRS01,6,275.63,100.0,0,10
STU0298,CRS01,7,136.05,93.92,0,10
STU0298,CRS01,8,159.71,94.27,0,10
STU0298,CRS01,9,303.72,99.48,0,10
STU0298,CRS01,10,118.32,91.53,1,10
STU0298,CRS02,1,24.29,68.16,0,10
STU0298,CRS02,2,124.78,87.85,0,10
STU0298,CRS02,3,119.45,64.54,0,10
STU0298,CRS02,4,67.69,83.28,0,10
STU0298,CRS02,5,149.53,85.78,0,10
STU0298,CRS02,6,134.88,79.13,0,10
STU0298,CRS03,1,76.19,96.25,0,8
STU0298,CRS03,2,83.3,89.25,0,8
STU0298,CRS03,3,76.71,91.83,0,8
STU0298,CRS03,4,191.85,100.0,0,8
STU0298,CRS03,5,114.29,100.0,0,8
STU0298,CRS03,6,145.53,87.43,0,8
STU0298,CRS03,7,36.34,70.0,0,8
STU0298,CRS03,8,184.79,82.86,1,8
STU0298,CRS04,1,55.91,23.94,0,9
STU0298,CRS04,2,38.92,21.4,0,9
STU0298,CRS04,3,40.96,35.79,0,9
STU0298,CRS04,4,91.65,27.26,0,9
STU0298,CRS04,5,75.43,31.43,0,9
STU0298,CRS04,6,50.99,25.62,0,9
STU0298,CRS04,7,136.58,32.91,0,9
STU0298,CRS05,1,178.49,55.98,0,12
STU0298,CRS05,2,202.5,70.29,0,12
STU0298,CRS05,3,138.72,66.44,0,12
STU0298,CRS05,4,136.16,73.77,0,12
STU0298,CRS05,5,65.01,57.95,0,12
STU0298,CRS05,6,134.39,66.55,0,12
STU0298,CRS05,7,145.56,58.57,0,12
STU0298,CRS05,8,202.91,94.25,0,12
STU0298,CRS05,9,31.23,51.82,0,12
STU0298,CRS05,10,132.15,73.78,0,12
STU0298,CRS05,11,60.52,54.87,0,12
STU0299,CRS01,1,199.42,100.0,0,10
STU0299,CRS01,2,56.82,100.0,0,10
STU0299,CRS01,3,119.7,99.85,0,10
STU0299,CRS01,4,45.54,90.12,0,10
STU0299,CRS01,5,186.15,86.33,0,10
STU0299,CRS01,6,172.16,97.19,0,10
STU0299,CRS01,7,147.64,100.0,0,10
STU0299,CRS01,8,82.61,100.0,0,10
STU0299,CRS01,9,141.43,73.38,0,10
STU0299,CRS01,10,34.33,96.4,1,10
STU0299,CRS02,1,202.91,76.68,0,9
STU0299,CRS02,2,116.26,81.2,0,9
STU0299,CRS02,3,260.4,85.84,0,9
STU0299,CRS02,4,257.87,72.86,0,9
STU0299,CRS02,5,245.67,83.35,0,9
STU0299,CRS02,6,284.09,79.09,0,9
STU0299,CRS02,7,167.64,67.78,0,9
STU0299,CRS02,8,209.63,69.7,0,9
STU0299,CRS02,9,264.55,64.89,1,9
STU0299,CRS03,1,71.76,79.21,0,12
STU0299,CRS03,2,62.04,59.22,0,12
STU0299,CRS03,3,49.08,63.83,0,12
STU0299,CRS03,4,47.24,81.3,0,12
STU0299,CRS03,5,101.64,63.97,0,12
STU0299,CRS03,6,32.6,63.4,0,12
STU0299,CRS03,7,79.84,65.28,0,12
STU0299,CRS03,8,111.43,89.67,0,12
STU0299,CRS04,1,54.28,38.6,0,9
STU0299,CRS04,2,84.9,44.73,0,9
STU0299,CRS04,3,33.29,33.67,0,9
STU0299,CRS04,4,87.62,44.91,0,9
STU0299,CRS04,5,191.83,51.42,0,9
STU0299,CRS04,6,227.57,70.93,0,9
STU0299,CRS04,7,98.73,38.3,0,9
STU0299,CRS04,8,117.12,47.93,0,9
STU0299,CRS04,9,203.05,58.92,1,9
STU0299,CRS05,1,59.94,47.21,0,10
STU0299,CRS05,2,58.22,57.39,0,10
STU0299,CRS05,3,59.89,49.29,0,10
STU0299,CRS05,4,142.78,81.48,0,10
STU0299,CRS05,5,54.41,49.89,0,10
STU0299,CRS05,6,26.2,48.53,0,10
STU0299,CRS05,7,141.19,55.25,0,10
STU0299,CRS05,8,128.4,49.87,0,10
STU0299,CRS05,9,196.25,86.06,0,10
STU0299,CRS05,10,36.32,42.99,1,10
STU0300,CRS01,1,113.81,82.69,0,11
STU0300,CRS01,2,84.41,77.92,0,11
STU0300,CRS01,3,56.15,78.96,0,11
STU0300,CRS01,4,121.92,86.72,0,11
STU0300,CRS01,5,39.74,69.26,0,11
STU0300,CRS02,1,85.45,62.04,0,9
STU0300,CRS02,2,24.99,68.54,0,9
STU0300,CRS02,3,54.59,58.39,0,9
STU0300,CRS02,4,108.55,88.91,0,9
STU0300,CRS02,5,86.98,73.31,0,9
STU0300,CRS02,6,104.78,90.71,0,9
STU0300,CRS02,7,49.85,68.25,0,9
STU0300,CRS03,1,62.27,64.96,0,9
STU0300,CRS03,2,59.19,78.37,0,9
STU0300,CRS03,3,96.43,93.81,0,9
STU0300,CRS03,4,147.18,87.98,0,9
STU0300,CRS03,5,248.02,97.6,0,9
STU0300,CRS03,6,121.22,99.8,0,9
STU0300,CRS04,1,43.63,50.93,0,11
STU0300,CRS04,2,38.25,48.7,0,11
STU0300,CRS04,3,69.75,47.47,0,11
STU0300,CRS04,4,207.95,56.2,0,11
STU0300,CRS04,5,60.91,71.03,0,11
STU0300,CRS04,6,123.9,66.71,0,11
STU0300,CRS04,7,175.76,92.68,0,11
STU0300,CRS04,8,212.64,58.04,0,11
STU0300,CRS04,9,164.32,44.49,0,11
STU0300,CRS04,10,112.09,26.15,0,11
STU0300,CRS04,11,56.82,37.59,1,11
STU0300,CRS05,1,80.59,73.32,0,12
STU0300,CRS05,2,135.19,50.83,0,12
STU0300,CRS05,3,196.93,49.24,0,12
STU0300,CRS05,4,141.13,38.86,0,12
STU0300,CRS05,5,149.79,66.05,0,12
STU0300,CRS05,6,192.97,71.23,0,12
STU0300,CRS05,7,133.12,50.94,0,12
STU0300,CRS05,8,133.62,60.78,0,12
STU0300,CRS05,9,188.68,69.56,0,12
STU0300,CRS05,10,217.93,60.97,0,12
STU0300,CRS05,11,64.98,56.93,0,12
STU0300,CRS05,12,245.12,79.61,1,12
STU0301,CRS01,1,141.15,68.62,0,10
STU0301,CRS01,2,162.91,67.19,0,10
STU0301,CRS01,3,58.5,45.2,0,10
STU0301,CRS01,4,60.2,34.41,0,10
STU0301,CRS01,5,167.98,65.31,0,10
STU0301,CRS01,6,163.54,51.3,0,10
STU0301,CRS01,7,52.55,41.38,0,10
STU0301,CRS01,8,24.05,36.47,0,10
STU0301,CRS01,9,68.6,50.42,0,10
STU0301,CRS01,10,133.4,45.2,1,10
STU0301,CRS02,1,128.9,57.19,0,9
STU0301,CRS02,2,114.4,70.47,0,9
STU0301,CRS02,3,133.5,61.78,0,9
STU0301,CRS02,4,28.33,9.26,0,9
STU0301,CRS02,5,136.28,71.65,0,9
STU0301,CRS02,6,172.59,58.62,0,9
STU0301,CRS02,7,66.56,44.0,0,9
STU0301,CRS02,8,165.81,69.21,0,9
STU0301,CRS02,9,199.88,50.0,1,9
STU0301,CRS03,1,62.92,76.99,0,10
STU0301,CRS03,2,243.92,100.0,0,10
STU0301,CRS03,3,119.65,85.37,0,10
STU0301,CRS03,4,120.21,85.58,0,10
STU0301,CRS03,5,62.46,82.88,0,10
STU0301,CRS03,6,36.05,93.56,0,10
STU0301,CRS03,7,230.56,100.0,0,10
STU0301,CRS03,8,159.16,100.0,0,10
STU0301,CRS03,9,216.48,96.16,0,10
STU0301,CRS03,10,162.47,100.0,1,10
STU0301,CRS04,1,145.76,84.58,0,10
STU0301,CRS04,2,128.8,66.09,0,10
STU0301,CRS04,3,126.18,94.07,0,10
STU0301,CRS04,4,104.76,82.03,0,10
STU0301,CRS04,5,100.27,70.31,0,10
STU0301,CRS04,6,47.61,87.48,0,10
STU0301,CRS04,7,46.48,70.61,0,10
STU0301,CRS04,8,188.04,95.67,0,10
STU0301,CRS04,9,57.98,70.22,0,10
STU0301,CRS04,10,49.65,90.1,1,10
STU0301,CRS05,1,53.13,61.02,0,12
STU0301,CRS05,2,37.33,55.71,0,12
STU0301,CRS05,3,126.38,55.04,0,12
STU0301,CRS05,4,34.04,52.26,0,12
STU0301,CRS05,5,93.38,63.01,0,12
STU0301,CRS05,6,85.96,55.66,0,12
STU0301,CRS05,7,80.4,64.7,0,12
STU0301,CRS05,8,95.54,39.91,0,12
STU0301,CRS05,9,135.59,59.78,0,12
STU0302,CRS01,1,122.99,74.53,0,11
STU0302,CRS01,2,162.76,69.2,0,11
STU0302,CRS01,3,104.14,44.65,0,11
STU0302,CRS01,4,47.61,56.29,0,11
STU0302,CRS01,5,63.3,50.46,0,11
STU0302,CRS01,6,124.26,55.58,0,11
STU0302,CRS01,7,205.45,85.49,0,11
STU0302,CRS01,8,58.27,59.03,0,11
STU0302,CRS01,9,114.68,50.04,0,11
STU0302,CRS01,10,80.56,60.15,0,11
STU0302,CRS01,11,202.23,60.02,1,11
STU0302,CRS02,1,15.25,45.19,0,12
STU0302,CRS02,2,22.32,62.26,0,12
STU0302,CRS02,3,21.19,70.02,0,12
STU0302,CRS02,4,47.16,72.96,0,12
STU0302,CRS02,5,11.84,89.06,0,12
STU0302,CRS03,1,37.68,61.25,0,11
STU0302,CRS03,2,40.53,22.82,0,11
STU0302,CRS03,3,71.16,59.7,0,11
STU0302,CRS04,1,120.38,83.12,0,12
STU0302,CRS04,2,138.04,95.21,0,12
STU0302,CRS04,3,106.67,81.47,0,12
STU0302,CRS04,4,157.98,92.94,0,12
STU0302,CRS04,5,111.93,88.49,0,12
STU0302,CRS04,6,165.27,96.69,0,12
STU0302,CRS04,7,135.77,81.57,0,12
STU0302,CRS04,8,190.75,88.5,0,12
STU0302,CRS04,9,188.79,79.86,0,12
STU0302,CRS04,10,109.79,84.81,0,12
STU0302,CRS04,11,32.04,73.03,0,12
STU0302,CRS04,12,249.73,90.6,1,12
STU0302,CRS05,1,106.64,50.8,0,9
STU0302,CRS05,2,124.88,44.68,0,9
STU0302,CRS05,3,68.05,41.2,0,9
STU0302,CRS05,4,16.72,34.58,0,9
STU0302,CRS05,5,43.78,31.29,0,9
STU0303,CRS01,1,90.83,50.42,0,10
STU0303,CRS01,2,123.06,43.06,0,10
STU0303,CRS01,3,50.83,48.47,0,10
STU0303,CRS01,4,118.68,56.46,0,10
STU0303,CRS01,5,105.04,55.32,0,10
STU0303,CRS01,6,21.25,42.4,0,10
STU0303,CRS02,1,109.85,86.18,0,12
STU0303,CRS02,2,84.56,93.57,0,12
STU0303,CRS02,3,41.54,100.0,0,12
STU0303,CRS02,4,49.12,95.21,0,12
STU0303,CRS02,5,53.83,98.78,0,12
STU0303,CRS02,6,71.02,100.0,0,12
STU0303,CRS02,7,173.88,98.06,0,12
STU0303,CRS03,1,87.98,51.44,0,9
STU0303,CRS03,2,32.36,33.41,0,9
STU0303,CRS03,3,47.83,46.18,0,9
STU0303,CRS03,4,16.12,33.76,0,9
STU0303,CRS03,5,82.23,48.6,0,9
STU0303,CRS03,6,38.0,43.65,0,9
STU0303,CRS04,1,184.71,100.0,0,10
STU0303,CRS04,2,93.04,73.26,0,10
STU0303,CRS04,3,138.08,86.36,0,10
STU0303,CRS04,4,154.21,80.94,0,10
STU0303,CRS04,5,214.28,93.14,0,10
STU0303,CRS04,6,120.93,89.02,0,10
STU0303,CRS04,7,82.75,91.49,0,10
STU0303,CRS04,8,123.77,66.19,0,10
STU0303,CRS04,9,176.86,91.09,0,10
STU0303,CRS05,1,110.83,82.18,0,9
STU0303,CRS05,2,158.79,79.82,0,9
STU0303,CRS05,3,104.76,65.37,0,9
STU0303,CRS05,4,224.61,93.02,0,9
STU0303,CRS05,5,146.39,65.01,0,9
STU0303,CRS05,6,207.89,81.26,0,9
STU0303,CRS05,7,168.44,76.92,0,9
STU0303,CRS05,8,215.03,78.42,0,9
STU0304,CRS01,1,117.77,83.35,0,11
STU0304,CRS01,2,27.32,84.62,0,11
STU0304,CRS01,3,110.1,69.94,0,11
STU0304,CRS01,4,38.46,70.44,0,11
STU0304,CRS01,5,116.94,86.92,0,11
STU0304,CRS01,6,16.02,74.0,0,11
STU0304,CRS02,1,78.6,39.66,0,9
STU0304,CRS02,2,64.64,42.71,0,9
STU0304,CRS02,3,100.5,50.86,0,9
STU0304,CRS02,4,87.79,44.04,0,9
STU0304,CRS02,5,122.92,56.11,0,9
STU0304,CRS02,6,41.49,29.81,0,9
STU0304,CRS02,7,132.97,60.86,0,9
STU0304,CRS02,8,172.93,58.06,0,9
STU0304,CRS02,9,109.7,46.1,1,9
STU0304,CRS03,1,23.38,52.34,0,12
STU0304,CRS03,2,56.16,70.78,0,12
STU0304,CRS03,3,91.05,71.7,0,12
STU0304,CRS03,4,19.6,46.07,0,12
STU0304,CRS03,5,91.33,62.08,0,12
STU0304,CRS03,6,58.95,43.09,0,12
STU0304,CRS04,1,171.18,73.97,0,8
STU0304,CRS04,2,106.56,77.18,0,8
STU0304,CRS04,3,264.82,85.27,0,8
STU0304,CRS04,4,173.25,81.02,0,8
STU0304,CRS04,5,250.11,90.81,0,8
STU0304,CRS04,6,118.12,85.04,0,8
STU0304,CRS04,7,155.99,71.37,0,8
STU0304,CRS04,8,197.66,89.31,1,8
STU0304,CRS05,1,50.62,68.33,0,10
STU0304,CRS05,2,90.44,90.78,0,10
STU0304,CRS05,3,26.23,75.62,0,10
STU0304,CRS05,4,39.43,100.0,0,10
STU0304,CRS05,5,13.27,91.99,0,10
STU0305,CRS01,1,111.37,93.68,0,8
STU0305,CRS01,2,142.6,100.0,0,8
STU0305,CRS01,3,171.2,93.79,0,8
STU0305,CRS01,4,87.06,87.55,0,8
STU0305,CRS01,5,233.84,98.43,0,8
STU0305,CRS01,6,88.21,97.34,0,8
STU0305,CRS01,7,256.71,100.0,0,8
STU0305,CRS01,8,231.89,100.0,1,8
STU0305,CRS02,1,94.89,74.37,0,10
STU0305,CRS02,2,77.2,61.07,0,10
STU0305,CRS02,3,129.52,56.38,0,10
STU0305,CRS02,4,114.84,73.35,0,10
STU0305,CRS02,5,51.42,73.36,0,10
STU0305,CRS02,6,166.21,67.98,0,10
STU0305,CRS02,7,62.47,67.72,0,10
STU0305,CRS03,1,59.8,89.65,0,10
STU0305,CRS03,2,75.13,96.36,0,10
STU0305,CRS03,3,93.24,100.0,0,10
STU0305,CRS03,4,81.03,96.28,0,10
STU0305,CRS03,5,15.93,93.03,0,10
STU0305,CRS03,6,84.18,91.88,0,10
STU0305,CRS03,7,23.82,93.49,0,10
STU0305,CRS03,8,61.55,93.51,0,10
STU0305,CRS03,9,47.56,75.77,0,10
STU0305,CRS04,1,210.98,97.03,0,11
STU0305,CRS04,2,156.06,91.76,0,11
STU0305,CRS04,3,33.69,67.88,0,11
STU0305,CRS04,4,261.53,100.0,0,11
STU0305,CRS04,5,47.15,93.82,0,11
STU0305,CRS04,6,95.03,73.69,0,11
STU0305,CRS04,7,68.2,79.66,0,11
STU0305,CRS04,8,261.02,85.23,0,11
STU0305,CRS04,9,242.75,97.04,0,11
STU0305,CRS04,10,133.33,82.57,0,11
STU0305,CRS04,11,267.56,87.3,1,11
STU0305,CRS05,1,67.93,45.76,0,11
STU0305,CRS05,2,174.01,36.69,0,11
STU0305,CRS05,3,62.02,32.61,0,11
STU0305,CRS05,4,210.81,65.63,0,11
STU0305,CRS05,5,248.14,56.94,0,11
STU0305,CRS05,6,148.17,54.44,0,11
STU0305,CRS05,7,160.51,51.49,0,11
STU0305,CRS05,8,129.47,39.54,0,11
STU0305,CRS05,9,199.38,50.4,0,11
STU0305,CRS05,10,156.74,31.99,0,11
STU0305,CRS05,11,201.2,43.26,1,11
STU0306,CRS01,1,68.89,33.83,0,11
STU0306,CRS01,2,28.85,59.15,0,11
STU0306,CRS01,3,50.38,57.79,0,11
STU0306,CRS02,1,33.66,47.1,0,10
STU0306,CRS02,2,17.08,26.64,0,10
STU0306,CRS02,3,81.36,56.3,0,10
STU0306,CRS02,4,86.69,52.14,0,10
STU0306,CRS02,5,31.17,51.25,0,10
STU0306,CRS02,6,64.12,65.11,0,10
STU0306,CRS02,7,78.89,51.63,0,10
STU0306,CRS03,1,23.36,59.58,0,9
STU0306,CRS03,2,127.91,66.56,0,9
STU0306,CRS03,3,52.35,56.01,0,9
STU0306,CRS03,4,86.02,65.76,0,9
STU0306,CRS03,5,93.43,56.76,0,9
STU0306,CRS03,6,98.8,57.72,0,9
STU0306,CRS03,7,48.64,63.71,0,9
STU0306,CRS04,1,124.11,55.89,0,8
STU0306,CRS04,2,28.0,45.46,0,8
STU0306,CRS04,3,155.18,62.11,0,8
STU0306,CRS05,1,233.81,100.0,0,9
STU0306,CRS05,2,89.22,83.97,0,9
STU0306,CRS05,3,54.77,71.04,0,9
STU0306,CRS05,4,161.1,85.39,0,9
STU0306,CRS05,5,65.3,82.51,0,9
STU0306,CRS05,6,283.08,100.0,0,9
STU0306,CRS05,7,169.1,91.01,0,9
STU0306,CRS05,8,70.87,73.98,0,9
STU0306,CRS05,9,219.96,100.0,1,9
STU0307,CRS01,1,115.19,35.65,0,10
STU0307,CRS01,2,73.24,58.34,0,10
STU0307,CRS01,3,64.99,44.68,0,10
STU0307,CRS01,4,119.05,62.7,0,10
STU0307,CRS01,5,113.65,57.82,0,10
STU0307,CRS01,6,25.74,39.37,0,10
STU0307,CRS01,7,51.26,43.11,0,10
STU0307,CRS01,8,141.2,65.45,0,10
STU0307,CRS02,1,64.67,49.41,0,12
STU0307,CRS02,2,136.62,47.39,0,12
STU0307,CRS02,3,120.04,35.64,0,12
STU0307,CRS02,4,32.13,31.96,0,12
STU0307,CRS02,5,53.03,43.96,0,12
STU0307,CRS02,6,44.22,42.86,0,12
STU0307,CRS02,7,51.78,37.6,0,12
STU0307,CRS02,8,26.76,34.38,0,12
STU0307,CRS03,1,182.37,55.29,0,10
STU0307,CRS03,2,160.01,90.3,0,10
STU0307,CRS03,3,77.62,56.35,0,10
STU0307,CRS03,4,132.92,53.34,0,10
STU0307,CRS03,5,86.1,41.63,0,10
STU0307,CRS03,6,61.63,34.95,0,10
STU0307,CRS03,7,207.01,46.32,0,10
STU0307,CRS03,8,63.76,31.1,0,10
STU0307,CRS03,9,100.62,45.79,0,10
STU0307,CRS03,10,184.91,57.43,1,10
STU0307,CRS04,1,167.11,97.42,0,11
STU0307,CRS04,2,184.94,90.91,0,11
STU0307,CRS04,3,159.42,93.95,0,11
STU0307,CRS04,4,76.53,84.48,0,11
STU0307,CRS04,5,132.55,97.63,0,11
STU0307,CRS05,1,191.18,81.43,0,10
STU0307,CRS05,2,65.99,32.48,0,10
STU0307,CRS05,3,37.36,52.08,0,10
STU0307,CRS05,4,67.28,42.15,0,10
STU0307,CRS05,5,125.82,57.39,0,10
STU0307,CRS05,6,227.15,73.32,0,10
STU0307,CRS05,7,133.99,49.14,0,10
STU0307,CRS05,8,41.12,45.01,0,10
STU0307,CRS05,9,276.93,63.06,0,10
STU0307,CRS05,10,241.84,73.92,1,10
STU0308,CRS01,1,64.45,36.14,0,12
STU0308,CRS01,2,112.67,38.94,0,12
STU0308,CRS01,3,55.73,43.54,0,12
STU0308,CRS01,4,103.14,46.38,0,12
STU0308,CRS01,5,20.31,34.35,0,12
STU0308,CRS01,6,48.61,54.38,0,12
STU0308,CRS01,7,136.94,46.78,0,12
STU0308,CRS01,8,138.89,50.32,0,12
STU0308,CRS01,9,139.46,38.83,0,12
STU0308,CRS02,1,80.86,85.04,0,9
STU0308,CRS02,2,45.27,55.76,0,9
STU0308,CRS02,3,107.83,81.46,0,9
STU0308,CRS02,4,52.03,80.81,0,9
STU0308,CRS03,1,52.03,65.26,0,12
STU0308,CRS03,2,85.84,50.89,0,12
STU0308,CRS03,3,144.65,65.4,0,12
STU0308,CRS03,4,147.86,48.84,0,12
STU0308,CRS03,5,135.71,55.71,0,12
STU0308,CRS04,1,53.49,98.4,0,9
STU0308,CRS04,2,268.35,93.28,0,9
STU0308,CRS04,3,282.55,70.06,0,9
STU0308,CRS04,4,199.2,86.46,0,9
STU0308,CRS04,5,200.62,88.45,0,9
STU0308,CRS04,6,49.61,62.29,0,9
STU0308,CRS04,7,300.33,93.32,0,9
STU0308,CRS04,8,162.21,79.44,0,9
STU0308,CRS04,9,293.31,60.73,1,9
STU0308,CRS05,1,109.5,64.17,0,12
STU0308,CRS05,2,43.11,66.23,0,12
STU0308,CRS05,3,108.95,82.06,0,12
STU0308,CRS05,4,22.08,75.79,0,12
STU0308,CRS05,5,59.59,60.92,0,12
STU0308,CRS05,6,53.93,57.03,0,12
STU0308,CRS05,7,95.46,55.39,0,12
STU0308,CRS05,8,168.66,69.32,0,12
STU0308,CRS05,9,135.72,76.23,0,12
STU0309,CRS01,1,43.26,82.95,0,8
STU0309,CRS01,2,75.93,82.32,0,8
STU0309,CRS01,3,109.1,61.31,0,8
STU0309,CRS02,1,135.61,91.99,0,10
STU0309,CRS02,2,58.74,59.48,0,10
STU0309,CRS02,3,106.5,77.69,0,10
STU0309,CRS02,4,92.61,64.52,0,10
STU0309,CRS02,5,24.41,63.72,0,10
STU0309,CRS02,6,83.02,61.71,0,10
STU0309,CRS02,7,153.48,84.73,0,10
STU0309,CRS02,8,54.59,62.85,0,10
STU0309,CRS03,1,109.66,66.54,0,11
STU0309,CRS03,2,113.61,47.88,0,11
STU0309,CRS04,1,148.64,97.02,0,8
STU0309,CRS04,2,186.2,100.0,0,8
STU0309,CRS04,3,101.13,84.87,0,8
STU0309,CRS04,4,244.51,86.05,0,8
STU0309,CRS04,5,261.28,87.75,0,8
STU0309,CRS04,6,285.38,100.0,0,8
STU0309,CRS05,1,99.13,99.54,0,9
STU0309,CRS05,2,89.52,63.25,0,9
STU0309,CRS05,3,61.38,75.09,0,9
STU0309,CRS05,4,14.67,43.06,0,9
STU0309,CRS05,5,46.86,55.56,0,9
STU0309,CRS05,6,100.36,39.69,0,9
STU0310,CRS01,1,73.28,93.46,0,12
STU0310,CRS01,2,30.3,93.3,0,12
STU0310,CRS01,3,77.84,100.0,0,12
STU0310,CRS01,4,86.81,89.09,0,12
STU0310,CRS01,5,81.32,100.0,0,12
STU0310,CRS01,6,14.69,86.3,0,12
STU0310,CRS01,7,11.75,94.34,0,12
STU0310,CRS02,1,60.14,58.65,0,10
STU0310,CRS02,2,157.72,75.9,0,10
STU0310,CRS02,3,41.89,71.6,0,10
STU0310,CRS02,4,128.11,83.95,0,10
STU0310,CRS02,5,149.69,59.12,0,10
STU0310,CRS02,6,208.25,82.29,0,10
STU0310,CRS02,7,234.74,94.7,0,10
STU0310,CRS02,8,233.54,46.85,0,10
STU0310,CRS02,9,104.36,57.23,0,10
STU0310,CRS02,10,261.55,59.23,1,10
STU0310,CRS03,1,96.37,99.6,0,10
STU0310,CRS03,2,23.79,74.52,0,10
STU0310,CRS03,3,62.17,96.68,0,10
STU0310,CRS04,1,168.54,57.73,0,11
STU0310,CRS04,2,151.77,21.11,0,11
STU0310,CRS04,3,25.73,40.06,0,11
STU0310,CRS04,4,150.82,36.2,0,11
STU0310,CRS04,5,182.59,46.38,0,11
STU0310,CRS05,1,107.26,60.99,0,10
STU0310,CRS05,2,125.83,68.07,0,10
STU0310,CRS05,3,98.51,56.5,0,10
STU0310,CRS05,4,117.03,65.72,0,10
STU0310,CRS05,5,65.33,53.84,0,10
STU0310,CRS05,6,96.02,50.7,0,10
STU0310,CRS05,7,131.42,60.87,0,10
STU0310,CRS05,8,70.22,34.33,0,10
STU0311,CRS01,1,66.14,25.08,0,9
STU0311,CRS01,2,71.46,36.51,0,9
STU0311,CRS01,3,98.59,35.27,0,9
STU0311,CRS01,4,79.85,32.29,0,9
STU0311,CRS01,5,15.09,29.84,0,9
STU0311,CRS01,6,51.97,46.4,0,9
STU0311,CRS01,7,67.91,57.78,0,9
STU0311,CRS02,1,53.78,68.94,0,10
STU0311,CRS02,2,20.1,60.26,0,10
STU0311,CRS02,3,33.75,50.02,0,10
STU0311,CRS02,4,64.83,55.77,0,10
STU0311,CRS02,5,23.05,64.01,0,10
STU0311,CRS03,1,159.59,70.66,0,12
STU0311,CRS03,2,39.46,77.19,0,12
STU0311,CRS03,3,133.37,72.28,0,12
STU0311,CRS03,4,70.9,79.41,0,12
STU0311,CRS03,5,229.17,75.88,0,12
STU0311,CRS03,6,267.57,77.64,0,12
STU0311,CRS03,7,78.67,70.7,0,12
STU0311,CRS03,8,224.99,89.48,0,12
STU0311,CRS03,9,236.58,88.06,0,12
STU0311,CRS03,10,200.95,92.36,0,12
STU0311,CRS03,11,122.36,64.58,0,12
STU0311,CRS03,12,46.29,53.47,1,12
STU0311,CRS04,1,70.54,67.47,0,12
STU0311,CRS04,2,107.74,58.79,0,12
STU0311,CRS04,3,30.17,59.29,0,12
STU0311,CRS04,4,107.55,43.03,0,12
STU0311,CRS05,1,129.91,100.0,0,11
STU0311,CRS05,2,190.79,79.39,0,11
STU0311,CRS05,3,162.96,99.59,0,11
STU0311,CRS05,4,170.66,83.7,0,11
STU0311,CRS05,5,36.25,100.0,0,11
STU0311,CRS05,6,158.79,100.0,0,11
STU0311,CRS05,7,56.4,89.02,0,11
STU0311,CRS05,8,138.06,100.0,0,11
STU0312,CRS01,1,51.79,58.68,0,8
STU0312,CRS01,2,67.24,69.34,0,8
STU0312,CRS01,3,77.91,72.16,0,8
STU0312,CRS01,4,66.58,56.73,0,8
STU0312,CRS01,5,48.5,55.39,0,8
STU0312,CRS01,6,18.56,45.43,0,8
STU0312,CRS01,7,73.26,55.75,0,8
STU0312,CRS02,1,124.81,79.83,0,8
STU0312,CRS02,2,143.53,82.78,0,8
STU0312,CRS02,3,48.81,96.97,0,8
STU0312,CRS02,4,141.52,96.0,0,8
STU0312,CRS02,5,156.55,95.18,0,8
STU0312,CRS02,6,48.59,72.17,0,8
STU0312,CRS02,7,74.29,90.96,0,8
STU0312,CRS03,1,52.32,78.38,0,11
STU0312,CRS03,2,37.53,79.63,0,11
STU0312,CRS03,3,80.32,72.21,0,11
STU0312,CRS03,4,87.03,74.77,0,11
STU0312,CRS03,5,108.02,74.08,0,11
STU0312,CRS04,1,63.47,80.43,0,11
STU0312,CRS04,2,35.35,73.45,0,11
STU0312,CRS05,1,128.95,87.54,0,10
STU0312,CRS05,2,37.09,94.37,0,10
STU0312,CRS05,3,69.46,73.12,0,10
STU0312,CRS05,4,26.72,86.07,0,10
STU0312,CRS05,5,49.52,66.61,0,10
STU0313,CRS01,1,70.54,84.2,0,8
STU0313,CRS01,2,30.3,91.94,0,8
STU0313,CRS01,3,139.64,85.6,0,8
STU0313,CRS01,4,74.41,93.14,0,8
STU0313,CRS02,1,73.76,42.76,0,10
STU0313,CRS02,2,78.22,24.76,0,10
STU0313,CRS02,3,26.84,29.69,0,10
STU0313,CRS02,4,50.76,38.23,0,10
STU0313,CRS03,1,148.55,50.12,0,10
STU0313,CRS03,2,97.61,37.51,0,10
STU0313,CRS03,3,39.01,36.14,0,10
STU0313,CRS03,4,157.62,41.25,0,10
STU0313,CRS03,5,173.85,58.73,0,10
STU0313,CRS03,6,143.72,79.42,0,10
STU0313,CRS03,7,205.47,44.44,0,10
STU0313,CRS03,8,162.97,39.33,0,10
STU0313,CRS03,9,78.53,47.35,0,10
STU0313,CRS03,10,195.49,67.56,1,10
STU0313,CRS04,1,142.95,76.07,0,9
STU0313,CRS04,2,147.54,52.91,0,9
STU0313,CRS04,3,28.69,64.75,0,9
STU0313,CRS05,1,22.23,50.74,0,12
STU0313,CRS05,2,51.93,55.36,0,12
STU0313,CRS05,3,34.96,62.14,0,12
STU0313,CRS05,4,47.76,79.81,0,12
STU0313,CRS05,5,173.04,79.01,0,12
STU0313,CRS05,6,62.76,63.29,0,12
STU0313,CRS05,7,133.74,56.24,0,12
STU0314,CRS01,1,19.12,72.85,0,12
STU0314,CRS01,2,26.55,53.54,0,12
STU0314,CRS01,3,100.79,90.7,0,12
STU0314,CRS01,4,130.95,69.1,0,12
STU0314,CRS01,5,89.62,78.1,0,12
STU0314,CRS01,6,55.72,64.19,0,12
STU0314,CRS01,7,128.09,92.87,0,12
STU0314,CRS01,8,127.98,74.97,0,12
STU0314,CRS01,9,138.97,64.65,0,12
STU0314,CRS01,10,55.96,69.87,0,12
STU0314,CRS01,11,125.17,67.31,0,12
STU0314,CRS01,12,142.52,54.21,1,12
STU0314,CRS02,1,57.73,80.56,0,10
STU0314,CRS02,2,59.86,91.93,0,10
STU0314,CRS02,3,56.6,70.45,0,10
STU0314,CRS02,4,59.02,58.65,0,10
STU0314,CRS02,5,22.17,80.15,0,10
STU0314,CRS02,6,164.13,97.14,0,10
STU0314,CRS03,1,106.68,72.99,0,12
STU0314,CRS03,2,77.06,58.81,0,12
STU0314,CRS03,3,38.54,65.69,0,12
STU0314,CRS03,4,77.9,67.37,0,12
STU0314,CRS03,5,120.69,63.47,0,12
STU0314,CRS03,6,115.26,67.01,0,12
STU0314,CRS03,7,50.5,79.92,0,12
STU0314,CRS03,8,81.63,65.81,0,12
STU0314,CRS03,9,172.2,86.41,0,12
STU0314,CRS03,10,72.35,75.4,0,12
STU0314,CRS04,1,150.07,57.75,0,11
STU0314,CRS04,2,85.04,67.47,0,11
STU0314,CRS04,3,139.59,73.07,0,11
STU0314,CRS04,4,273.13,85.64,0,11
STU0314,CRS04,5,136.95,64.79,0,11
STU0314,CRS04,6,99.1,87.84,0,11
STU0314,CRS04,7,249.57,85.11,0,11
STU0314,CRS04,8,86.17,50.46,0,11
STU0314,CRS04,9,129.3,66.34,0,11
STU0314,CRS04,10,292.56,87.15,0,11
STU0314,CRS04,11,184.62,66.09,1,11
STU0314,CRS05,1,131.65,100.0,0,9
STU0314,CRS05,2,63.9,96.43,0,9
STU0314,CRS05,3,102.93,100.0,0,9
STU0314,CRS05,4,64.97,80.23,0,9
STU0314,CRS05,5,69.34,92.36,0,9
STU0314,CRS05,6,89.11,100.0,0,9
STU0314,CRS05,7,54.64,87.31,0,9
STU0315,CRS01,1,225.97,100.0,0,9
STU0315,CRS01,2,159.3,98.76,0,9
STU0315,CRS01,3,59.05,78.17,0,9
STU0315,CRS01,4,131.63,93.88,0,9
STU0315,CRS01,5,231.65,100.0,0,9
STU0315,CRS01,6,73.35,77.51,0,9
STU0315,CRS01,7,32.72,91.01,0,9
STU0315,CRS01,8,250.25,92.04,0,9
STU0315,CRS01,9,38.11,80.65,1,9
STU0315,CRS02,1,162.05,44.25,0,12
STU0315,CRS02,2,92.89,52.53,0,12
STU0315,CRS02,3,31.79,33.06,0,12
STU0315,CRS02,4,119.61,27.42,0,12
STU0315,CRS02,5,45.57,30.71,0,12
STU0315,CRS02,6,27.2,30.14,0,12
STU0315,CRS02,7,63.17,29.6,0,12
STU0315,CRS02,8,90.69,40.54,0,12
STU0315,CRS02,9,46.94,39.78,0,12
STU0315,CRS02,10,87.11,37.83,0,12
STU0315,CRS03,1,80.08,43.68,0,12
STU0315,CRS03,2,22.15,33.01,0,12
STU0315,CRS03,3,75.55,26.49,0,12
STU0315,CRS03,4,41.79,24.68,0,12
STU0315,CRS03,5,80.83,17.14,0,12
STU0315,CRS04,1,97.12,47.18,0,8
STU0315,CRS04,2,239.6,34.9,0,8
STU0315,CRS04,3,213.53,52.96,0,8
STU0315,CRS04,4,68.44,15.94,0,8
STU0315,CRS04,5,173.61,33.51,0,8
STU0315,CRS04,6,151.78,53.53,0,8
STU0315,CRS04,7,298.23,55.0,0,8
STU0315,CRS04,8,224.58,45.89,1,8
STU0315,CRS05,1,39.4,85.82,0,10
STU0315,CRS05,2,103.28,77.34,0,10
STU0315,CRS05,3,129.52,81.15,0,10
STU0315,CRS05,4,77.97,86.13,0,10
STU0315,CRS05,5,104.26,71.67,0,10
STU0316,CRS01,1,143.2,83.01,0,9
STU0316,CRS01,2,242.58,100.0,0,9
STU0316,CRS01,3,54.65,76.42,0,9
STU0316,CRS01,4,160.96,86.38,0,9
STU0316,CRS01,5,222.38,94.09,0,9
STU0316,CRS01,6,257.94,92.77,0,9
STU0316,CRS02,1,115.48,100.0,0,11
STU0316,CRS02,2,94.04,90.07,0,11
STU0316,CRS02,3,159.11,99.37,0,11
STU0316,CRS02,4,39.05,81.31,0,11
STU0316,CRS02,5,231.56,92.13,0,11
STU0316,CRS02,6,140.45,100.0,0,11
STU0316,CRS02,7,137.06,72.52,0,11
STU0316,CRS02,8,197.7,100.0,0,11
STU0316,CRS02,9,231.39,81.61,0,11
STU0316,CRS03,1,86.04,93.56,0,9
STU0316,CRS03,2,148.21,100.0,0,9
STU0316,CRS03,3,173.0,98.32,0,9
STU0316,CRS04,1,38.56,48.33,0,11
STU0316,CRS04,2,142.64,74.26,0,11
STU0316,CRS04,3,93.52,65.82,0,11
STU0316,CRS04,4,196.13,73.04,0,11
STU0316,CRS05,1,94.04,62.34,0,8
STU0316,CRS05,2,134.25,69.38,0,8
STU0316,CRS05,3,141.03,63.11,0,8
STU0316,CRS05,4,96.47,58.78,0,8
STU0316,CRS05,5,198.82,58.79,0,8
STU0316,CRS05,6,90.96,49.34,0,8
STU0316,CRS05,7,96.02,49.59,0,8
STU0316,CRS05,8,223.78,64.78,1,8
STU0317,CRS01,1,49.13,73.59,0,8
STU0317,CRS01,2,78.44,86.81,0,8
STU0317,CRS01,3,27.56,79.7,0,8
STU0317,CRS01,4,46.02,82.4,0,8
STU0317,CRS01,5,49.85,46.56,0,8
STU0317,CRS01,6,23.28,90.84,0,8
STU0317,CRS01,7,41.33,79.64,0,8
STU0317,CRS01,8,72.34,85.2,1,8
STU0317,CRS02,1,121.45,84.38,0,10
STU0317,CRS02,2,141.27,89.68,0,10
STU0317,CRS02,3,63.05,92.86,0,10
STU0317,CRS02,4,36.86,79.2,0,10
STU0317,CRS02,5,161.58,78.22,0,10
STU0317,CRS02,6,80.31,89.52,0,10
STU0317,CRS02,7,145.5,79.41,0,10
STU0317,CRS02,8,53.47,76.6,0,10
STU0317,CRS03,1,161.01,84.51,0,8
STU0317,CRS03,2,134.24,89.77,0,8
STU0317,CRS03,3,68.03,77.02,0,8
STU0317,CRS03,4,213.66,84.16,0,8
STU0317,CRS03,5,118.72,81.11,0,8
STU0317,CRS03,6,91.57,81.38,0,8
STU0317,CRS04,1,35.81,60.83,0,9
STU0317,CRS04,2,44.57,87.43,0,9
STU0317,CRS04,3,117.93,65.2,0,9
STU0317,CRS04,4,45.68,57.31,0,9
STU0317,CRS04,5,59.93,47.74,0,9
STU0317,CRS04,6,159.98,63.49,0,9
STU0317,CRS04,7,194.79,70.62,0,9
STU0317,CRS04,8,50.58,68.1,0,9
STU0317,CRS04,9,220.97,74.02,1,9
STU0317,CRS05,1,51.97,74.3,0,8
STU0317,CRS05,2,45.01,64.28,0,8
STU0317,CRS05,3,164.22,71.45,0,8
STU0317,CRS05,4,49.98,92.95,0,8
STU0317,CRS05,5,155.04,98.17,0,8
STU0317,CRS05,6,29.85,52.18,0,8
STU0317,CRS05,7,142.2,81.06,0,8
STU0318,CRS01,1,60.03,53.03,0,9
STU0318,CRS01,2,204.29,67.7,0,9
STU0318,CRS01,3,188.23,65.23,0,9
STU0318,CRS01,4,106.45,68.27,0,9
STU0318,CRS01,5,177.5,56.74,0,9
STU0318,CRS01,6,177.62,57.29,0,9
STU0318,CRS01,7,29.2,55.65,0,9
STU0318,CRS01,8,168.72,44.23,0,9
STU0318,CRS01,9,104.83,53.57,1,9
STU0318,CRS02,1,161.85,56.34,0,11
STU0318,CRS02,2,38.54,45.38,0,11
STU0318,CRS02,3,191.56,51.92,0,11
STU0318,CRS02,4,60.46,61.34,0,11
STU0318,CRS02,5,152.2,42.78,0,11
STU0318,CRS02,6,68.42,30.24,0,11
STU0318,CRS02,7,147.66,64.93,0,11
STU0318,CRS02,8,170.59,55.73,0,11
STU0318,CRS02,9,226.66,45.2,0,11
STU0318,CRS02,10,213.69,47.44,0,11
STU0318,CRS03,1,195.13,72.15,0,8
STU0318,CRS03,2,49.63,60.28,0,8
STU0318,CRS03,3,71.17,50.41,0,8
STU0318,CRS03,4,192.85,68.08,0,8
STU0318,CRS03,5,219.84,79.13,0,8
STU0318,CRS03,6,201.78,69.42,0,8
STU0318,CRS03,7,182.46,79.65,0,8
STU0318,CRS03,8,185.64,71.57,1,8
STU0318,CRS04,1,35.78,79.51,0,8
STU0318,CRS04,2,35.52,55.97,0,8
STU0318,CRS04,3,14.56,57.14,0,8
STU0318,CRS04,4,77.73,83.62,0,8
STU0318,CRS04,5,103.11,67.26,0,8
STU0318,CRS04,6,85.83,88.63,0,8
STU0318,CRS05,1,126.2,100.0,0,11
STU0318,CRS05,2,155.2,89.59,0,11
STU0318,CRS05,3,116.83,97.99,0,11
STU0318,CRS05,4,35.48,100.0,0,11
STU0318,CRS05,5,69.38,91.15,0,11
STU0318,CRS05,6,83.78,100.0,0,11
STU0318,CRS05,7,232.5,91.47,0,11
STU0318,CRS05,8,91.7,86.3,0,11
STU0318,CRS05,9,126.67,98.85,0,11
STU0318,CRS05,10,205.71,100.0,0,11
STU0318,CRS05,11,110.07,80.79,1,11
STU0319,CRS01,1,74.49,53.97,0,12
STU0319,CRS01,2,88.18,36.89,0,12
STU0319,CRS01,3,76.72,44.55,0,12
STU0319,CRS01,4,139.49,41.83,0,12
STU0319,CRS01,5,196.59,43.4,0,12
STU0319,CRS01,6,149.59,53.1,0,12
STU0319,CRS01,7,58.89,34.94,0,12
STU0319,CRS01,8,113.74,29.73,0,12
STU0319,CRS01,9,40.68,39.58,0,12
STU0319,CRS01,10,100.0,43.34,0,12
STU0319,CRS01,11,151.52,48.09,0,12
STU0319,CRS01,12,212.99,43.33,1,12
STU0319,CRS02,1,134.05,93.59,0,9
STU0319,CRS02,2,37.59,73.93,0,9
STU0319,CRS02,3,128.54,81.03,0,9
STU0319,CRS02,4,42.2,61.19,0,9
STU0319,CRS02,5,128.83,92.48,0,9
STU0319,CRS02,6,84.7,53.11,0,9
STU0319,CRS02,7,108.28,52.52,0,9
STU0319,CRS02,8,219.89,67.02,0,9
STU0319,CRS02,9,174.73,73.59,1,9
STU0319,CRS03,1,110.14,42.31,0,8
STU0319,CRS03,2,50.15,27.3,0,8
STU0319,CRS03,3,48.29,23.73,0,8
STU0319,CRS03,4,222.65,44.87,0,8
STU0319,CRS03,5,204.27,43.43,0,8
STU0319,CRS03,6,77.91,52.02,0,8
STU0319,CRS03,7,119.06,49.78,0,8
STU0319,CRS03,8,69.31,45.79,1,8
STU0319,CRS04,1,44.55,71.13,0,12
STU0319,CRS04,2,41.27,60.46,0,12
STU0319,CRS04,3,119.49,62.36,0,12
STU0319,CRS04,4,97.18,51.42,0,12
STU0319,CRS04,5,224.05,84.66,0,12
STU0319,CRS04,6,117.73,81.29,0,12
STU0319,CRS04,7,241.79,62.86,0,12
STU0319,CRS04,8,184.31,79.53,0,12
STU0319,CRS04,9,127.52,57.85,0,12
STU0319,CRS04,10,31.07,60.0,0,12
STU0319,CRS04,11,71.07,78.8,0,12
STU0319,CRS05,1,57.4,43.09,0,11
STU0319,CRS05,2,50.18,55.92,0,11
STU0319,CRS05,3,125.61,53.71,0,11
STU0319,CRS05,4,154.02,40.65,0,11
STU0319,CRS05,5,105.23,53.49,0,11
STU0320,CRS01,1,132.23,78.29,0,12
STU0320,CRS01,2,124.9,75.63,0,12
STU0320,CRS01,3,245.79,86.49,0,12
STU0320,CRS01,4,136.08,69.83,0,12
STU0320,CRS01,5,202.47,75.38,0,12
STU0320,CRS01,6,183.2,65.64,0,12
STU0320,CRS01,7,118.22,69.18,0,12
STU0320,CRS01,8,233.9,100.0,0,12
STU0320,CRS01,9,297.72,70.65,0,12
STU0320,CRS01,10,118.71,60.47,0,12
STU0320,CRS01,11,48.64,63.33,0,12
STU0320,CRS01,12,296.28,72.01,1,12
STU0320,CRS02,1,86.71,40.99,0,9
STU0320,CRS02,2,255.78,37.9,0,9
STU0320,CRS02,3,214.18,58.34,0,9
STU0320,CRS02,4,40.41,53.01,0,9
STU0320,CRS02,5,230.32,62.59,0,9
STU0320,CRS02,6,254.94,50.45,0,9
STU0320,CRS02,7,97.07,33.71,0,9
STU0320,CRS02,8,44.17,21.32,0,9
STU0320,CRS02,9,60.95,39.36,1,9
STU0320,CRS03,1,30.62,58.66,0,9
STU0320,CRS03,2,59.76,55.1,0,9
STU0320,CRS03,3,227.85,84.5,0,9
STU0320,CRS03,4,43.62,50.85,0,9
STU0320,CRS03,5,229.01,57.41,0,9
STU0320,CRS03,6,184.12,70.4,0,9
STU0320,CRS03,7,94.74,50.72,0,9
STU0320,CRS03,8,187.99,78.68,0,9
STU0320,CRS03,9,144.5,51.32,1,9
STU0320,CRS04,1,153.47,79.46,0,12
STU0320,CRS04,2,136.94,96.02,0,12
STU0320,CRS04,3,88.68,72.23,0,12
STU0320,CRS04,4,152.67,77.11,0,12
STU0320,CRS04,5,61.26,78.68,0,12
STU0320,CRS04,6,135.56,93.29,0,12
STU0320,CRS04,7,167.05,78.15,0,12
STU0320,CRS04,8,116.26,82.14,0,12
STU0320,CRS04,9,133.81,85.74,0,12
STU0320,CRS04,10,104.94,83.55,0,12
STU0320,CRS05,1,30.95,36.31,0,11
STU0321,CRS01,1,22.91,61.65,0,11
STU0321,CRS01,2,57.17,51.08,0,11
STU0321,CRS01,3,151.44,41.86,0,11
STU0321,CRS01,4,149.42,49.39,0,11
STU0321,CRS01,5,118.27,71.12,0,11
STU0321,CRS01,6,127.36,49.72,0,11
STU0321,CRS01,7,158.13,55.47,0,11
STU0321,CRS01,8,142.82,43.59,0,11
STU0321,CRS01,9,57.64,41.23,0,11
STU0321,CRS01,10,82.1,27.28,0,11
STU0321,CRS01,11,140.54,35.02,1,11
STU0321,CRS02,1,158.79,100.0,0,11
STU0321,CRS02,2,203.05,92.16,0,11
STU0321,CRS02,3,105.7,96.01,0,11
STU0321,CRS02,4,91.82,100.0,0,11
STU0321,CRS02,5,216.51,93.89,0,11
STU0321,CRS02,6,131.06,98.11,0,11
STU0321,CRS02,7,92.93,100.0,0,11
STU0321,CRS02,8,70.37,100.0,0,11
STU0321,CRS02,9,115.13,87.8,0,11
STU0321,CRS02,10,141.64,84.63,0,11
STU0321,CRS02,11,218.27,96.04,1,11
STU0321,CRS03,1,102.22,87.05,0,8
STU0321,CRS03,2,193.79,72.69,0,8
STU0321,CRS03,3,224.91,71.98,0,8
STU0321,CRS03,4,181.31,88.84,0,8
STU0321,CRS03,5,178.2,100.0,0,8
STU0321,CRS03,6,181.6,74.42,0,8
STU0321,CRS03,7,42.88,70.73,0,8
STU0321,CRS03,8,193.61,76.68,1,8
STU0321,CRS04,1,224.32,46.38,0,8
STU0321,CRS04,2,253.96,61.01,0,8
STU0321,CRS04,3,60.59,28.82,0,8
STU0321,CRS04,4,189.9,60.32,0,8
STU0321,CRS04,5,139.23,27.58,0,8
STU0321,CRS04,6,133.44,40.9,0,8
STU0321,CRS04,7,276.32,34.61,0,8
STU0321,CRS04,8,74.17,31.57,1,8
STU0321,CRS05,1,17.64,41.2,0,11
STU0321,CRS05,2,62.81,40.73,0,11
STU0321,CRS05,3,26.29,52.01,0,11
STU0321,CRS05,4,134.52,52.8,0,11
STU0321,CRS05,5,77.8,47.64,0,11
STU0321,CRS05,6,56.93,43.92,0,11
STU0321,CRS05,7,106.89,59.97,0,11
STU0322,CRS01,1,48.91,100.0,0,9
STU0322,CRS01,2,82.19,96.83,0,9
STU0322,CRS01,3,50.76,98.31,0,9
STU0322,CRS01,4,20.75,91.57,0,9
STU0322,CRS02,1,49.1,41.97,0,12
STU0322,CRS02,2,221.84,56.48,0,12
STU0322,CRS02,3,58.44,64.88,0,12
STU0322,CRS02,4,180.45,74.57,0,12
STU0322,CRS02,5,224.31,70.86,0,12
STU0322,CRS02,6,75.45,63.12,0,12
STU0322,CRS02,7,35.71,52.79,0,12
STU0322,CRS02,8,34.7,57.09,0,12
STU0322,CRS02,9,150.54,36.43,0,12
STU0322,CRS02,10,236.58,81.74,0,12
STU0322,CRS02,11,236.16,79.15,0,12
STU0322,CRS02,12,220.55,75.93,1,12
STU0322,CRS03,1,65.66,41.2,0,12
STU0322,CRS03,2,177.39,81.17,0,12
STU0322,CRS03,3,167.58,61.79,0,12
STU0322,CRS03,4,126.27,49.6,0,12
STU0322,CRS03,5,40.7,54.94,0,12
STU0322,CRS03,6,110.7,13.91,0,12
STU0322,CRS03,7,32.46,27.98,0,12
STU0322,CRS03,8,131.18,21.57,0,12
STU0322,CRS03,9,102.21,60.96,0,12
STU0322,CRS03,10,109.15,27.11,0,12
STU0322,CRS03,11,114.62,48.4,0,12
STU0322,CRS04,1,83.95,91.42,0,8
STU0322,CRS04,2,86.47,71.61,0,8
STU0322,CRS04,3,108.13,86.85,0,8
STU0322,CRS05,1,95.77,98.86,0,8
STU0322,CRS05,2,81.33,85.19,0,8
STU0322,CRS05,3,120.14,88.29,0,8
STU0322,CRS05,4,118.96,94.68,0,8
STU0322,CRS05,5,76.57,100.0,0,8
STU0322,CRS05,6,44.68,90.37,0,8
STU0322,CRS05,7,59.52,79.97,0,8
STU0322,CRS05,8,94.25,93.26,1,8
STU0323,CRS01,1,32.98,56.82,0,9
STU0323,CRS01,2,42.73,59.03,0,9
STU0323,CRS01,3,25.45,73.72,0,9
STU0323,CRS01,4,77.4,48.8,0,9
STU0323,CRS01,5,120.28,59.99,0,9
STU0323,CRS01,6,96.95,62.12,0,9
STU0323,CRS01,7,146.25,63.35,0,9
STU0323,CRS02,1,198.14,92.12,0,9
STU0323,CRS02,2,138.44,100.0,0,9
STU0323,CRS02,3,112.91,77.1,0,9
STU0323,CRS02,4,113.91,100.0,0,9
STU0323,CRS02,5,54.6,69.57,0,9
STU0323,CRS02,6,157.17,79.02,0,9
STU0323,CRS02,7,161.78,93.54,0,9
STU0323,CRS02,8,185.19,79.31,0,9
STU0323,CRS02,9,33.28,71.69,1,9
STU0323,CRS03,1,117.51,88.76,0,8
STU0323,CRS03,2,132.03,93.92,0,8
STU0323,CRS03,3,77.75,63.33,0,8
STU0323,CRS03,4,120.83,81.37,0,8
STU0323,CRS03,5,136.12,86.6,0,8
STU0323,CRS03,6,162.82,78.27,0,8
STU0323,CRS03,7,103.23,54.4,0,8
STU0323,CRS03,8,52.48,63.12,1,8
STU0323,CRS04,1,195.13,100.0,0,9
STU0323,CRS04,2,78.82,85.12,0,9
STU0323,CRS04,3,50.34,96.07,0,9
STU0323,CRS04,4,97.61,97.8,0,9
STU0323,CRS04,5,135.02,98.83,0,9
STU0323,CRS04,6,51.37,74.24,0,9
STU0323,CRS04,7,32.65,77.17,0,9
STU0323,CRS04,8,187.34,100.0,0,9
STU0323,CRS05,1,152.9,74.69,0,11
STU0323,CRS05,2,129.62,90.44,0,11
STU0323,CRS05,3,146.7,79.27,0,11
STU0323,CRS05,4,41.85,78.62,0,11
STU0323,CRS05,5,101.45,68.27,0,11
STU0323,CRS05,6,37.51,51.79,0,11
STU0324,CRS01,1,173.59,61.2,0,10
STU0324,CRS01,2,101.99,48.66,0,10
STU0324,CRS01,3,73.59,35.79,0,10
STU0324,CRS01,4,157.09,53.03,0,10
STU0324,CRS01,5,125.24,50.63,0,10
STU0324,CRS01,6,26.26,28.46,0,10
STU0324,CRS01,7,193.6,45.61,0,10
STU0324,CRS01,8,87.46,51.31,0,10
STU0324,CRS01,9,222.4,42.04,0,10
STU0324,CRS02,1,189.03,96.04,0,8
STU0324,CRS02,2,91.23,85.5,0,8
STU0324,CRS02,3,76.4,90.14,0,8
STU0324,CRS02,4,134.24,94.71,0,8
STU0324,CRS02,5,80.64,96.25,0,8
STU0324,CRS02,6,168.86,93.49,0,8
STU0324,CRS03,1,40.75,38.21,0,9
STU0324,CRS03,2,110.29,29.68,0,9
STU0324,CRS03,3,136.2,51.2,0,9
STU0324,CRS04,1,16.2,49.65,0,8
STU0324,CRS04,2,91.03,65.08,0,8
STU0324,CRS04,3,50.39,59.43,0,8
STU0324,CRS05,1,118.49,69.54,0,8
STU0324,CRS05,2,42.72,76.27,0,8
STU0324,CRS05,3,235.28,74.53,0,8
STU0324,CRS05,4,36.83,76.59,0,8
STU0324,CRS05,5,201.05,83.19,0,8
STU0324,CRS05,6,36.2,80.18,0,8
STU0324,CRS05,7,239.58,86.69,0,8
STU0324,CRS05,8,184.77,82.06,1,8
STU0325,CRS01,1,198.81,64.81,0,12
STU0325,CRS01,2,134.3,47.24,0,12
STU0325,CRS01,3,171.91,31.03,0,12
STU0325,CRS01,4,235.19,48.96,0,12
STU0325,CRS01,5,135.34,48.95,0,12
STU0325,CRS01,6,59.87,36.2,0,12
STU0325,CRS01,7,154.41,72.17,0,12
STU0325,CRS01,8,221.7,47.38,0,12
STU0325,CRS01,9,108.7,35.58,0,12
STU0325,CRS01,10,76.04,30.86,0,12
STU0325,CRS01,11,232.29,41.69,0,12
STU0325,CRS01,12,153.59,40.82,1,12
STU0325,CRS02,1,188.64,79.14,0,9
STU0325,CRS02,2,72.94,72.96,0,9
STU0325,CRS02,3,155.58,66.74,0,9
STU0325,CRS02,4,73.88,76.65,0,9
STU0325,CRS02,5,194.23,75.65,0,9
STU0325,CRS02,6,256.66,74.52,0,9
STU0325,CRS02,7,151.92,61.45,0,9
STU0325,CRS02,8,73.56,65.37,0,9
STU0325,CRS02,9,45.41,70.06,1,9
STU0325,CRS03,1,62.47,85.58,0,12
STU0325,CRS03,2,112.79,100.0,0,12
STU0325,CRS03,3,139.33,97.17,0,12
STU0325,CRS04,1,45.69,43.36,0,8
STU0325,CRS04,2,54.54,22.13,0,8
STU0325,CRS04,3,88.81,43.25,0,8
STU0325,CRS04,4,231.1,45.42,0,8
STU0325,CRS04,5,108.44,41.09,0,8
STU0325,CRS04,6,47.37,39.32,0,8
STU0325,CRS04,7,134.59,36.8,0,8
STU0325,CRS04,8,100.26,27.95,1,8
STU0325,CRS05,1,56.78,52.7,0,10
STU0325,CRS05,2,54.98,67.39,0,10
STU0325,CRS05,3,94.85,54.95,0,10
STU0325,CRS05,4,60.29,68.73,0,10
STU0325,CRS05,5,46.82,61.1,0,10
STU0325,CRS05,6,83.81,71.05,0,10
STU0326,CRS01,1,224.21,76.36,0,8
STU0326,CRS01,2,206.64,78.92,0,8
STU0326,CRS01,3,69.27,54.6,0,8
STU0326,CRS01,4,74.96,43.15,0,8
STU0326,CRS01,5,158.2,84.79,0,8
STU0326,CRS01,6,140.63,78.75,0,8
STU0326,CRS01,7,184.16,81.37,0,8
STU0326,CRS01,8,109.62,42.83,1,8
STU0326,CRS02,1,44.54,83.83,0,10
STU0326,CRS02,2,37.62,95.56,0,10
STU0326,CRS02,3,170.9,100.0,0,10
STU0326,CRS02,4,67.35,79.33,0,10
STU0326,CRS02,5,40.72,77.55,0,10
STU0326,CRS02,6,120.81,98.0,0,10
STU0326,CRS02,7,251.67,88.63,0,10
STU0326,CRS02,8,205.16,85.0,0,10
STU0326,CRS02,9,119.64,87.95,0,10
STU0326,CRS03,1,182.1,57.36,0,10
STU0326,CRS03,2,87.38,37.88,0,10
STU0326,CRS03,3,95.01,56.78,0,10
STU0326,CRS03,4,157.08,65.69,0,10
STU0326,CRS03,5,170.25,67.02,0,10
STU0326,CRS03,6,203.11,68.84,0,10
STU0326,CRS03,7,91.09,36.06,0,10
STU0326,CRS03,8,60.17,43.64,0,10
STU0326,CRS03,9,201.66,35.23,0,10
STU0326,CRS04,1,240.33,90.87,0,10
STU0326,CRS04,2,43.5,62.23,0,10
STU0326,CRS04,3,55.44,64.1,0,10
STU0326,CRS04,4,201.77,80.67,0,10
STU0326,CRS04,5,217.42,90.34,0,10
STU0326,CRS04,6,139.2,72.62,0,10
STU0326,CRS04,7,166.75,51.65,0,10
STU0326,CRS04,8,87.4,57.85,0,10
STU0326,CRS04,9,139.05,60.27,0,10
STU0326,CRS04,10,68.83,57.5,1,10
STU0326,CRS05,1,92.9,68.82,0,11
STU0326,CRS05,2,93.29,88.32,0,11
STU0327,CRS01,1,40.04,45.21,0,10
STU0327,CRS01,2,104.17,52.86,0,10
STU0327,CRS01,3,182.08,75.53,0,10
STU0327,CRS01,4,134.74,45.55,0,10
STU0327,CRS01,5,159.31,69.82,0,10
STU0327,CRS01,6,175.5,63.19,0,10
STU0327,CRS01,7,256.38,57.85,0,10
STU0327,CRS01,8,184.32,61.61,0,10
STU0327,CRS01,9,254.22,54.8,0,10
STU0327,CRS01,10,57.39,56.75,1,10
STU0327,CRS02,1,144.35,68.08,0,8
STU0327,CRS02,2,146.19,76.89,0,8
STU0327,CRS02,3,198.94,87.72,0,8
STU0327,CRS02,4,196.28,74.89,0,8
STU0327,CRS02,5,138.56,78.79,0,8
STU0327,CRS03,1,60.44,60.61,0,8
STU0327,CRS03,2,27.91,38.07,0,8
STU0327,CRS03,3,79.1,58.37,0,8
STU0327,CRS03,4,141.97,67.47,0,8
STU0327,CRS03,5,197.32,79.82,0,8
STU0327,CRS03,6,98.57,64.5,0,8
STU0327,CRS04,1,198.96,61.31,0,8
STU0327,CRS04,2,133.85,62.54,0,8
STU0327,CRS04,3,134.73,65.38,0,8
STU0327,CRS04,4,105.8,72.76,0,8
STU0327,CRS04,5,154.62,68.38,0,8
STU0327,CRS04,6,121.83,60.5,0,8
STU0327,CRS04,7,164.58,59.05,0,8
STU0327,CRS05,1,27.63,40.36,0,10
STU0327,CRS05,2,152.94,50.05,0,10
STU0327,CRS05,3,131.38,37.7,0,10
STU0327,CRS05,4,178.28,48.13,0,10
STU0327,CRS05,5,124.55,40.7,0,10
STU0327,CRS05,6,236.02,58.88,0,10
STU0327,CRS05,7,120.52,41.18,0,10
STU0327,CRS05,8,33.58,28.29,0,10
STU0327,CRS05,9,84.53,49.37,0,10
STU0327,CRS05,10,207.45,54.82,1,10
STU0328,CRS01,1,113.01,75.39,0,10
STU0328,CRS01,2,40.16,66.64,0,10
STU0328,CRS01,3,191.9,81.93,0,10
STU0328,CRS01,4,161.49,71.28,0,10
STU0328,CRS01,5,242.44,100.0,0,10
STU0328,CRS01,6,57.12,76.48,0,10
STU0328,CRS01,7,204.52,98.38,0,10
STU0328,CRS01,8,78.75,63.52,0,10
STU0328,CRS01,9,102.74,73.12,0,10
STU0328,CRS01,10,81.38,67.37,1,10
STU0328,CRS02,1,85.25,28.73,0,8
STU0328,CRS02,2,12.86,41.65,0,8
STU0328,CRS02,3,48.29,52.48,0,8
STU0328,CRS02,4,48.22,52.97,0,8
STU0328,CRS02,5,51.87,49.83,0,8
STU0328,CRS02,6,37.5,38.26,0,8
STU0328,CRS03,1,88.28,43.13,0,8
STU0328,CRS03,2,68.67,42.98,0,8
STU0328,CRS03,3,33.72,40.98,0,8
STU0328,CRS03,4,138.08,49.41,0,8
STU0328,CRS03,5,34.52,15.16,0,8
STU0328,CRS04,1,45.9,36.75,0,11
STU0328,CRS04,2,135.76,56.47,0,11
STU0328,CRS04,3,72.99,45.4,0,11
STU0328,CRS05,1,160.42,44.37,0,9
STU0328,CRS05,2,134.27,70.72,0,9
STU0328,CRS05,3,114.75,33.19,0,9
STU0328,CRS05,4,153.5,45.63,0,9
STU0328,CRS05,5,56.25,39.61,0,9
STU0328,CRS05,6,113.89,45.9,0,9
STU0329,CRS01,1,54.74,85.65,0,9
STU0329,CRS01,2,54.52,84.55,0,9
STU0329,CRS01,3,107.69,78.08,0,9
STU0329,CRS01,4,72.62,92.23,0,9
STU0329,CRS02,1,156.22,69.47,0,12
STU0329,CRS02,2,31.13,72.54,0,12
STU0329,CRS02,3,227.16,90.02,0,12
STU0329,CRS02,4,104.96,71.98,0,12
STU0329,CRS02,5,252.42,67.15,0,12
STU0329,CRS02,6,269.8,61.98,0,12
STU0329,CRS02,7,173.19,81.37,0,12
STU0329,CRS02,8,265.1,63.02,0,12
STU0329,CRS02,9,69.68,71.3,0,12
STU0329,CRS02,10,118.37,69.11,0,12
STU0329,CRS02,11,268.35,65.95,0,12
STU0329,CRS02,12,251.65,84.45,1,12
STU0329,CRS03,1,36.49,89.87,0,11
STU0329,CRS03,2,164.11,100.0,0,11
STU0329,CRS03,3,53.65,99.47,0,11
STU0329,CRS03,4,27.93,100.0,0,11
STU0329,CRS03,5,126.84,96.2,0,11
STU0329,CRS03,6,63.07,100.0,0,11
STU0329,CRS03,7,35.31,90.87,0,11
STU0329,CRS03,8,57.89,90.6,0,11
STU0329,CRS04,1,133.37,71.74,0,8
STU0329,CRS04,2,176.2,74.49,0,8
STU0329,CRS04,3,161.5,82.53,0,8
STU0329,CRS04,4,171.76,69.51,0,8
STU0329,CRS04,5,121.23,76.8,0,8
STU0329,CRS04,6,226.33,86.94,0,8
STU0329,CRS05,1,72.32,38.71,0,12
STU0330,CRS01,1,139.49,75.19,0,11
STU0330,CRS01,2,86.18,85.76,0,11
STU0330,CRS01,3,160.77,87.01,0,11
STU0330,CRS01,4,78.07,73.11,0,11
STU0330,CRS01,5,53.62,80.93,0,11
STU0330,CRS01,6,38.7,74.32,0,11
STU0330,CRS02,1,23.9,40.19,0,12
STU0330,CRS02,2,70.04,56.59,0,12
STU0330,CRS02,3,56.47,40.44,0,12
STU0330,CRS02,4,64.32,74.31,0,12
STU0330,CRS03,1,96.61,98.02,0,12
STU0330,CRS03,2,49.78,87.93,0,12
STU0330,CRS03,3,50.0,84.49,0,12
STU0330,CRS03,4,14.92,65.47,0,12
STU0330,CRS03,5,29.44,82.49,0,12
STU0330,CRS03,6,24.39,82.31,0,12
STU0330,CRS03,7,64.86,86.49,0,12
STU0330,CRS03,8,112.5,80.35,0,12
STU0330,CRS03,9,129.47,100.0,0,12
STU0330,CRS03,10,61.64,96.35,0,12
STU0330,CRS03,11,60.08,77.82,0,12
STU0330,CRS03,12,134.19,93.83,1,12
STU0330,CRS04,1,165.94,49.48,0,11
STU0330,CRS04,2,226.57,63.98,0,11
STU0330,CRS04,3,156.5,37.55,0,11
STU0330,CRS04,4,223.4,61.34,0,11
STU0330,CRS04,5,93.06,59.87,0,11
STU0330,CRS04,6,198.57,71.41,0,11
STU0330,CRS04,7,65.19,58.3,0,11
STU0330,CRS04,8,180.54,33.0,0,11
STU0330,CRS04,9,85.71,67.66,0,11
STU0330,CRS04,10,109.83,40.69,0,11
STU0330,CRS04,11,116.92,51.84,1,11
STU0330,CRS05,1,96.4,77.11,0,11
STU0330,CRS05,2,109.82,67.15,0,11
STU0330,CRS05,3,27.68,78.42,0,11
STU0330,CRS05,4,136.8,80.45,0,11
STU0330,CRS05,5,82.82,77.66,0,11
STU0330,CRS05,6,54.06,88.29,0,11
STU0330,CRS05,7,26.13,75.21,0,11
STU0330,CRS05,8,191.08,86.42,0,11
STU0330,CRS05,9,185.05,73.83,0,11
STU0330,CRS05,10,65.25,84.87,0,11
STU0330,CRS05,11,137.87,85.68,1,11
STU0331,CRS01,1,88.27,64.02,0,12
STU0331,CRS01,2,80.66,61.61,0,12
STU0331,CRS01,3,38.18,80.32,0,12
STU0331,CRS01,4,60.84,73.74,0,12
STU0331,CRS01,5,31.74,74.02,0,12
STU0331,CRS01,6,88.62,90.14,0,12
STU0331,CRS01,7,107.09,75.51,0,12
STU0331,CRS01,8,73.09,70.37,0,12
STU0331,CRS01,9,102.04,63.11,0,12
STU0331,CRS01,10,24.12,59.66,0,12
STU0331,CRS01,11,76.59,90.02,0,12
STU0331,CRS01,12,127.64,67.35,1,12
STU0331,CRS02,1,42.95,43.25,0,9
STU0331,CRS02,2,106.99,73.49,0,9
STU0331,CRS02,3,92.79,75.13,0,9
STU0331,CRS02,4,66.31,79.3,0,9
STU0331,CRS02,5,118.19,71.31,0,9
STU0331,CRS02,6,66.93,68.26,0,9
STU0331,CRS02,7,188.73,78.61,0,9
STU0331,CRS03,1,147.03,76.48,0,8
STU0331,CRS03,2,207.82,82.34,0,8
STU0331,CRS03,3,196.51,100.0,0,8
STU0331,CRS03,4,112.53,72.26,0,8
STU0331,CRS03,5,146.6,76.29,0,8
STU0331,CRS03,6,181.77,88.88,0,8
STU0331,CRS03,7,143.99,75.48,0,8
STU0331,CRS03,8,194.03,96.44,1,8
STU0331,CRS04,1,143.77,100.0,0,11
STU0331,CRS04,2,226.98,100.0,0,11
STU0331,CRS04,3,74.99,99.18,0,11
STU0331,CRS04,4,101.06,89.53,0,11
STU0331,CRS04,5,160.78,87.52,0,11
STU0331,CRS04,6,135.0,95.38,0,11
STU0331,CRS05,1,206.4,54.13,0,9
STU0331,CRS05,2,80.44,42.55,0,9
STU0331,CRS05,3,96.89,54.16,0,9
STU0331,CRS05,4,88.18,33.22,0,9
STU0331,CRS05,5,56.79,21.65,0,9
STU0331,CRS05,6,81.23,28.38,0,9
STU0331,CRS05,7,228.98,35.21,0,9
STU0331,CRS05,8,52.27,20.21,0,9
STU0331,CRS05,9,91.33,35.5,1,9
STU0332,CRS01,1,159.84,81.83,0,12
STU0332,CRS01,2,136.12,86.44,0,12
STU0332,CRS01,3,158.08,98.06,0,12
STU0332,CRS01,4,25.77,82.3,0,12
STU0332,CRS01,5,219.52,100.0,0,12
STU0332,CRS01,6,138.47,93.26,0,12
STU0332,CRS01,7,208.73,90.26,0,12
STU0332,CRS01,8,188.99,100.0,0,12
STU0332,CRS02,1,175.02,60.63,0,11
STU0332,CRS02,2,249.32,83.84,0,11
STU0332,CRS02,3,156.69,63.32,0,11
STU0332,CRS02,4,85.86,91.79,0,11
STU0332,CRS02,5,249.03,80.92,0,11
STU0332,CRS02,6,260.54,65.59,0,11
STU0332,CRS02,7,254.69,92.3,0,11
STU0332,CRS02,8,90.87,52.8,0,11
STU0332,CRS02,9,87.15,60.97,0,11
STU0332,CRS02,10,127.66,75.23,0,11
STU0332,CRS02,11,122.63,55.49,1,11
STU0332,CRS03,1,117.39,39.16,0,10
STU0332,CRS04,1,46.8,100.0,0,8
STU0332,CRS04,2,200.93,100.0,0,8
STU0332,CRS04,3,178.89,100.0,0,8
STU0332,CRS04,4,245.46,98.38,0,8
STU0332,CRS04,5,31.54,86.87,0,8
STU0332,CRS04,6,225.34,100.0,0,8
STU0332,CRS04,7,236.52,100.0,0,8
STU0332,CRS05,1,92.23,79.18,0,11
STU0332,CRS05,2,176.34,97.64,0,11
STU0332,CRS05,3,232.43,91.57,0,11
STU0332,CRS05,4,108.47,74.77,0,11
STU0332,CRS05,5,131.75,92.81,0,11
STU0332,CRS05,6,136.7,78.28,0,11
STU0332,CRS05,7,160.98,83.67,0,11
STU0332,CRS05,8,165.25,74.63,0,11
STU0332,CRS05,9,181.46,100.0,0,11
STU0332,CRS05,10,139.02,78.4,0,11
STU0332,CRS05,11,52.98,75.34,1,11
STU0333,CRS01,1,28.16,82.53,0,10
STU0333,CRS01,2,25.1,56.21,0,10
STU0333,CRS01,3,62.49,70.58,0,10
STU0333,CRS01,4,22.64,68.69,0,10
STU0333,CRS01,5,15.4,76.5,0,10
STU0333,CRS02,1,100.88,60.75,0,10
STU0333,CRS02,2,21.6,49.28,0,10
STU0333,CRS02,3,22.09,39.08,0,10
STU0333,CRS03,1,191.48,71.06,0,11
STU0333,CRS03,2,139.82,61.91,0,11
STU0333,CRS03,3,170.8,69.98,0,11
STU0333,CRS03,4,197.91,79.35,0,11
STU0333,CRS03,5,161.45,78.18,0,11
STU0333,CRS03,6,163.64,71.33,0,11
STU0333,CRS04,1,83.46,53.31,0,12
STU0333,CRS04,2,38.49,55.34,0,12
STU0333,CRS04,3,54.75,59.85,0,12
STU0333,CRS04,4,89.1,51.69,0,12
STU0333,CRS04,5,96.35,78.68,0,12
STU0333,CRS04,6,34.79,48.63,0,12
STU0333,CRS04,7,62.25,64.58,0,12
STU0333,CRS05,1,73.29,79.92,0,10
STU0333,CRS05,2,172.5,57.53,0,10
STU0333,CRS05,3,73.57,50.61,0,10
STU0333,CRS05,4,123.15,67.98,0,10
STU0333,CRS05,5,163.39,90.15,0,10
STU0333,CRS05,6,114.6,66.2,0,10
STU0333,CRS05,7,108.0,63.96,0,10
STU0333,CRS05,8,146.38,51.62,0,10
STU0333,CRS05,9,94.68,48.03,0,10
STU0334,CRS01,1,110.13,67.07,0,12
STU0334,CRS01,2,147.36,57.3,0,12
STU0334,CRS01,3,139.84,33.19,0,12
STU0334,CRS01,4,57.57,72.13,0,12
STU0334,CRS01,5,75.62,37.32,0,12
STU0334,CRS01,6,236.14,64.73,0,12
STU0334,CRS01,7,216.71,56.37,0,12
STU0334,CRS01,8,42.7,33.35,0,12
STU0334,CRS01,9,46.6,29.33,0,12
STU0334,CRS01,10,226.29,55.76,0,12
STU0334,CRS01,11,239.15,62.34,0,12
STU0334,CRS01,12,95.14,35.92,1,12
STU0334,CRS02,1,150.07,81.01,0,8
STU0334,CRS02,2,68.23,70.21,0,8
STU0334,CRS02,3,201.82,76.8,0,8
STU0334,CRS02,4,145.09,82.05,0,8
STU0334,CRS02,5,270.35,83.88,0,8
STU0334,CRS02,6,54.48,80.98,0,8
STU0334,CRS02,7,244.12,94.53,0,8
STU0334,CRS02,8,90.82,63.93,1,8
STU0334,CRS03,1,60.26,86.19,0,10
STU0334,CRS03,2,62.25,66.93,0,10
STU0334,CRS03,3,136.46,75.91,0,10
STU0334,CRS04,1,102.6,49.55,0,12
STU0334,CRS04,2,39.16,23.89,0,12
STU0334,CRS04,3,91.52,44.03,0,12
STU0334,CRS04,4,111.43,48.01,0,12
STU0334,CRS04,5,70.77,37.02,0,12
STU0334,CRS04,6,112.06,51.44,0,12
STU0334,CRS04,7,129.21,53.02,0,12
STU0334,CRS05,1,129.83,53.72,0,11
STU0334,CRS05,2,241.0,56.28,0,11
STU0334,CRS05,3,36.2,49.92,0,11
STU0334,CRS05,4,185.47,70.54,0,11
STU0334,CRS05,5,184.71,59.08,0,11
STU0334,CRS05,6,50.46,45.9,0,11
STU0334,CRS05,7,196.64,76.68,0,11
STU0334,CRS05,8,237.78,64.1,0,11
STU0334,CRS05,9,174.79,55.04,0,11
STU0334,CRS05,10,206.28,46.74,0,11
STU0334,CRS05,11,75.91,49.57,1,11
STU0335,CRS01,1,101.79,58.97,0,10
STU0335,CRS01,2,66.58,49.71,0,10
STU0335,CRS01,3,77.12,66.26,0,10
STU0335,CRS01,4,48.37,33.35,0,10
STU0335,CRS01,5,130.77,53.45,0,10
STU0335,CRS01,6,114.53,47.79,0,10
STU0335,CRS01,7,96.61,49.36,0,10
STU0335,CRS01,8,33.4,63.36,0,10
STU0335,CRS02,1,119.42,74.26,0,10
STU0335,CRS02,2,49.97,63.14,0,10
STU0335,CRS02,3,31.02,56.03,0,10
STU0335,CRS02,4,82.59,63.64,0,10
STU0335,CRS02,5,122.74,77.46,0,10
STU0335,CRS02,6,40.9,63.77,0,10
STU0335,CRS02,7,31.13,53.91,0,10
STU0335,CRS02,8,40.0,57.0,0,10
STU0335,CRS03,1,44.56,61.57,0,12
STU0335,CRS03,2,83.09,81.06,0,12
STU0335,CRS03,3,48.78,62.07,0,12
STU0335,CRS04,1,89.81,62.63,0,8
STU0335,CRS04,2,85.98,76.13,0,8
STU0335,CRS04,3,129.67,72.59,0,8
STU0335,CRS04,4,62.92,58.27,0,8
STU0335,CRS04,5,99.84,50.31,0,8
STU0335,CRS04,6,87.57,62.98,0,8
STU0335,CRS04,7,102.37,60.52,0,8
STU0335,CRS04,8,49.26,54.74,1,8
STU0335,CRS05,1,154.82,62.75,0,10
STU0335,CRS05,2,30.25,45.54,0,10
STU0335,CRS05,3,87.88,57.85,0,10
STU0335,CRS05,4,73.35,28.7,0,10
STU0335,CRS05,5,193.71,56.88,0,10
STU0335,CRS05,6,104.91,53.55,0,10
STU0335,CRS05,7,169.34,69.19,0,10
STU0335,CRS05,8,114.98,49.44,0,10
STU0335,CRS05,9,149.68,64.09,0,10
STU0335,CRS05,10,95.09,56.83,1,10
STU0336,CRS01,1,261.79,100.0,0,12
STU0336,CRS01,2,68.1,86.29,0,12
STU0336,CRS01,3,98.49,80.49,0,12
STU0336,CRS01,4,80.84,74.91,0,12
STU0336,CRS01,5,139.65,100.0,0,12
STU0336,CRS01,6,39.82,81.11,0,12
STU0336,CRS01,7,220.23,100.0,0,12
STU0336,CRS01,8,84.3,87.4,0,12
STU0336,CRS01,9,173.02,84.93,0,12
STU0336,CRS01,10,269.11,100.0,0,12
STU0336,CRS01,11,217.58,94.09,0,12
STU0336,CRS01,12,45.6,82.04,1,12
STU0336,CRS02,1,49.97,60.38,0,12
STU0336,CRS02,2,230.89,70.12,0,12
STU0336,CRS02,3,47.79,42.69,0,12
STU0336,CRS02,4,74.14,42.71,0,12
STU0336,CRS02,5,123.78,56.08,0,12
STU0336,CRS02,6,169.43,57.95,0,12
STU0336,CRS02,7,161.56,49.49,0,12
STU0336,CRS02,8,120.7,41.78,0,12
STU0336,CRS02,9,181.94,58.31,0,12
STU0336,CRS02,10,160.7,50.77,0,12
STU0336,CRS02,11,291.39,69.27,0,12
STU0336,CRS02,12,153.75,37.31,1,12
STU0336,CRS03,1,55.19,85.01,0,11
STU0336,CRS03,2,57.8,71.1,0,11
STU0336,CRS03,3,25.0,66.15,0,11
STU0336,CRS03,4,95.82,85.03,0,11
STU0336,CRS03,5,39.7,86.11,0,11
STU0336,CRS03,6,94.23,79.7,0,11
STU0336,CRS04,1,130.68,81.95,0,10
STU0336,CRS05,1,201.76,35.86,0,12
STU0336,CRS05,2,105.16,46.77,0,12
STU0336,CRS05,3,227.84,54.72,0,12
STU0336,CRS05,4,217.84,62.64,0,12
STU0336,CRS05,5,204.95,60.05,0,12
STU0336,CRS05,6,87.83,36.63,0,12
STU0336,CRS05,7,241.78,56.94,0,12
STU0336,CRS05,8,82.02,37.98,0,12
STU0336,CRS05,9,154.42,34.72,0,12
STU0336,CRS05,10,255.33,60.57,0,12
STU0336,CRS05,11,212.7,33.78,0,12
STU0336,CRS05,12,309.85,46.04,1,12
STU0337,CRS01,1,96.67,56.74,0,12
STU0337,CRS01,2,86.81,66.89,0,12
STU0337,CRS01,3,43.21,52.36,0,12
STU0337,CRS01,4,80.05,59.44,0,12
STU0337,CRS01,5,204.1,73.95,0,12
STU0337,CRS01,6,65.89,55.62,0,12
STU0337,CRS01,7,164.97,75.41,0,12
STU0337,CRS01,8,203.01,51.71,0,12
STU0337,CRS01,9,211.62,69.58,0,12
STU0337,CRS01,10,95.82,52.27,0,12
STU0337,CRS01,11,48.29,48.2,0,12
STU0337,CRS01,12,34.46,54.19,1,12
STU0337,CRS02,1,49.87,77.91,0,8
STU0337,CRS02,2,114.09,82.98,0,8
STU0337,CRS02,3,96.78,100.0,0,8
STU0337,CRS02,4,75.37,96.12,0,8
STU0337,CRS02,5,126.41,100.0,0,8
STU0337,CRS02,6,74.13,83.47,0,8
STU0337,CRS02,7,113.05,85.62,0,8
STU0337,CRS02,8,74.72,77.81,1,8
STU0337,CRS03,1,88.14,100.0,0,12
STU0337,CRS03,2,73.03,88.97,0,12
STU0337,CRS03,3,88.32,78.82,0,12
STU0337,CRS03,4,34.2,74.98,0,12
STU0337,CRS03,5,26.04,100.0,0,12
STU0337,CRS04,1,143.5,45.86,0,8
STU0337,CRS04,2,128.85,44.74,0,8
STU0337,CRS04,3,137.4,72.23,0,8
STU0337,CRS04,4,133.77,72.92,0,8
STU0337,CRS04,5,69.37,48.56,0,8
STU0337,CRS04,6,124.28,55.46,0,8
STU0337,CRS05,1,210.96,83.18,0,11
STU0337,CRS05,2,75.12,77.26,0,11
STU0337,CRS05,3,73.2,96.04,0,11
STU0337,CRS05,4,206.26,96.57,0,11
STU0337,CRS05,5,78.05,57.87,0,11
STU0337,CRS05,6,204.85,91.28,0,11
STU0337,CRS05,7,182.75,78.86,0,11
STU0337,CRS05,8,238.27,98.22,0,11
STU0337,CRS05,9,117.15,70.32,0,11
STU0337,CRS05,10,158.75,67.34,0,11
STU0338,CRS01,1,17.77,65.46,0,11
STU0338,CRS01,2,20.49,46.67,0,11
STU0338,CRS01,3,51.4,78.97,0,11
STU0338,CRS02,1,100.48,74.53,0,9
STU0338,CRS02,2,111.28,55.11,0,9
STU0338,CRS02,3,28.92,63.09,0,9
STU0338,CRS02,4,98.36,55.76,0,9
STU0338,CRS02,5,168.02,67.43,0,9
STU0338,CRS02,6,163.06,86.58,0,9
STU0338,CRS02,7,56.5,58.25,0,9
STU0338,CRS02,8,211.92,78.48,0,9
STU0338,CRS02,9,97.12,65.32,1,9
STU0338,CRS03,1,174.56,42.35,0,11
STU0338,CRS03,2,124.42,38.46,0,11
STU0338,CRS03,3,165.16,34.83,0,11
STU0338,CRS03,4,104.25,41.67,0,11
STU0338,CRS03,5,120.45,42.17,0,11
STU0338,CRS04,1,39.06,64.63,0,10
STU0338,CRS04,2,58.08,62.45,0,10
STU0338,CRS04,3,33.37,47.7,0,10
STU0338,CRS05,1,87.11,53.3,0,8
STU0338,CRS05,2,59.27,42.18,0,8
STU0338,CRS05,3,33.49,38.71,0,8
STU0339,CRS01,1,88.66,71.0,0,12
STU0339,CRS01,2,124.87,78.26,0,12
STU0339,CRS01,3,45.82,68.6,0,12
STU0339,CRS01,4,159.19,80.95,0,12
STU0339,CRS01,5,80.3,79.0,0,12
STU0339,CRS01,6,162.3,77.6,0,12
STU0339,CRS01,7,62.28,62.96,0,12
STU0339,CRS01,8,69.83,68.83,0,12
STU0339,CRS01,9,102.63,85.88,0,12
STU0339,CRS01,10,43.94,82.17,0,12
STU0339,CRS01,11,174.46,88.54,0,12
STU0339,CRS02,1,148.75,65.69,0,11
STU0339,CRS02,2,17.45,77.1,0,11
STU0339,CRS02,3,17.95,75.63,0,11
STU0339,CRS02,4,43.54,70.85,0,11
STU0339,CRS03,1,199.67,78.91,0,8
STU0339,CRS03,2,138.06,62.54,0,8
STU0339,CRS03,3,174.53,84.68,0,8
STU0339,CRS03,4,124.68,88.53,0,8
STU0339,CRS03,5,152.08,72.56,0,8
STU0339,CRS03,6,220.92,80.51,0,8
STU0339,CRS03,7,238.85,76.08,0,8
STU0339,CRS03,8,125.8,54.34,1,8
STU0339,CRS04,1,37.85,40.85,0,8
STU0339,CRS04,2,65.86,45.34,0,8
STU0339,CRS04,3,77.19,50.89,0,8
STU0339,CRS04,4,17.3,24.43,0,8
STU0339,CRS04,5,32.6,47.36,0,8
STU0339,CRS04,6,119.07,59.01,0,8
STU0339,CRS04,7,113.64,57.2,0,8
STU0339,CRS05,1,60.14,52.29,0,12
STU0339,CRS05,2,194.85,76.99,0,12
STU0339,CRS05,3,60.99,73.84,0,12
STU0339,CRS05,4,67.58,64.51,0,12
STU0339,CRS05,5,230.7,76.81,0,12
STU0339,CRS05,6,158.91,72.42,0,12
STU0339,CRS05,7,59.21,74.59,0,12
STU0340,CRS01,1,104.43,25.18,0,11
STU0340,CRS01,2,98.02,40.2,0,11
STU0340,CRS01,3,119.61,57.54,0,11
STU0340,CRS01,4,43.76,43.05,0,11
STU0340,CRS01,5,44.63,56.43,0,11
STU0340,CRS01,6,107.72,50.87,0,11
STU0340,CRS01,7,84.29,55.34,0,11
STU0340,CRS01,8,68.25,44.32,0,11
STU0340,CRS01,9,25.56,37.01,0,11
STU0340,CRS01,10,119.91,50.27,0,11
STU0340,CRS02,1,209.69,96.24,0,9
STU0340,CRS02,2,56.05,74.11,0,9
STU0340,CRS02,3,197.94,79.69,0,9
STU0340,CRS02,4,175.1,89.06,0,9
STU0340,CRS02,5,36.56,79.55,0,9
STU0340,CRS02,6,232.75,79.36,0,9
STU0340,CRS02,7,36.75,63.23,0,9
STU0340,CRS02,8,80.3,71.66,0,9
STU0340,CRS02,9,153.72,77.7,1,9
STU0340,CRS03,1,218.38,70.73,0,12
STU0340,CRS03,2,130.64,49.41,0,12
STU0340,CRS03,3,242.1,51.14,0,12
STU0340,CRS03,4,162.69,57.93,0,12
STU0340,CRS03,5,70.51,56.21,0,12
STU0340,CRS03,6,82.66,54.17,0,12
STU0340,CRS03,7,231.49,45.12,0,12
STU0340,CRS03,8,183.5,39.63,0,12
STU0340,CRS03,9,106.14,45.0,0,12
STU0340,CRS03,10,233.68,53.05,0,12
STU0340,CRS03,11,106.27,49.11,0,12
STU0340,CRS03,12,179.47,35.2,1,12
STU0340,CRS04,1,229.69,62.13,0,10
STU0340,CRS04,2,30.26,48.93,0,10
STU0340,CRS04,3,160.38,77.93,0,10
STU0340,CRS04,4,45.02,44.64,0,10
STU0340,CRS04,5,88.77,55.56,0,10
STU0340,CRS04,6,222.7,38.76,0,10
STU0340,CRS04,7,162.13,48.88,0,10
STU0340,CRS04,8,150.25,42.62,0,10
STU0340,CRS04,9,123.49,55.12,0,10
STU0340,CRS04,10,269.24,44.66,1,10
STU0340,CRS05,1,114.57,73.65,0,12
STU0340,CRS05,2,65.14,90.78,0,12
STU0340,CRS05,3,45.47,100.0,0,12
STU0340,CRS05,4,72.03,84.16,0,12
STU0340,CRS05,5,104.05,87.54,0,12
STU0340,CRS05,6,83.55,78.65,0,12
STU0340,CRS05,7,69.28,83.92,0,12
STU0340,CRS05,8,53.05,98.65,0,12
STU0340,CRS05,9,136.74,92.75,0,12
STU0340,CRS05,10,81.53,84.08,0,12
STU0340,CRS05,11,60.06,77.25,0,12
STU0340,CRS05,12,141.23,86.76,1,12
STU0341,CRS01,1,59.63,27.94,0,11
STU0341,CRS02,1,22.76,94.31,0,8
STU0341,CRS02,2,35.81,86.59,0,8
STU0341,CRS02,3,53.16,100.0,0,8
STU0341,CRS02,4,119.1,91.86,0,8
STU0341,CRS02,5,65.55,87.7,0,8
STU0341,CRS03,1,81.79,75.14,0,10
STU0341,CRS03,2,85.92,35.82,0,10
STU0341,CRS03,3,58.46,60.63,0,10
STU0341,CRS03,4,71.97,52.88,0,10
STU0341,CRS03,5,109.36,40.05,0,10
STU0341,CRS04,1,36.62,89.56,0,11
STU0341,CRS04,2,51.55,77.63,0,11
STU0341,CRS04,3,185.5,78.29,0,11
STU0341,CRS05,1,70.04,56.08,0,11
STU0341,CRS05,2,81.17,41.78,0,11
STU0341,CRS05,3,208.67,75.3,0,11
STU0341,CRS05,4,28.18,61.22,0,11
STU0341,CRS05,5,180.66,57.64,0,11
STU0341,CRS05,6,144.26,76.39,0,11
STU0342,CRS01,1,107.47,78.13,0,8
STU0342,CRS01,2,166.31,72.14,0,8
STU0342,CRS01,3,190.42,83.82,0,8
STU0342,CRS01,4,94.8,79.01,0,8
STU0342,CRS01,5,32.2,64.44,0,8
STU0342,CRS01,6,83.14,71.31,0,8
STU0342,CRS01,7,86.43,74.09,0,8
STU0342,CRS01,8,157.22,76.8,1,8
STU0342,CRS02,1,71.3,100.0,0,10
STU0342,CRS03,1,56.1,36.99,0,8
STU0342,CRS03,2,66.07,17.29,0,8
STU0342,CRS03,3,75.93,38.81,0,8
STU0342,CRS03,4,35.18,27.44,0,8
STU0342,CRS03,5,142.78,57.04,0,8
STU0342,CRS03,6,36.19,33.95,0,8
STU0342,CRS04,1,31.6,60.5,0,10
STU0342,CRS04,2,68.76,46.05,0,10
STU0342,CRS04,3,41.67,54.84,0,10
STU0342,CRS04,4,97.57,67.1,0,10
STU0342,CRS04,5,132.91,78.57,0,10
STU0342,CRS04,6,81.04,60.52,0,10
STU0342,CRS04,7,98.58,52.98,0,10
STU0342,CRS05,1,21.34,42.95,0,12
STU0342,CRS05,2,53.85,54.74,0,12
STU0342,CRS05,3,94.64,55.12,0,12
STU0342,CRS05,4,81.53,44.61,0,12
STU0342,CRS05,5,47.09,47.56,0,12
STU0342,CRS05,6,28.63,57.77,0,12
STU0342,CRS05,7,98.39,58.0,0,12
STU0343,CRS01,1,155.88,91.61,0,11
STU0343,CRS01,2,192.0,94.89,0,11
STU0343,CRS01,3,181.07,92.51,0,11
STU0343,CRS01,4,159.62,90.68,0,11
STU0343,CRS01,5,129.43,93.45,0,11
STU0343,CRS01,6,52.93,88.12,0,11
STU0343,CRS01,7,69.0,86.9,0,11
STU0343,CRS01,8,138.23,73.37,0,11
STU0343,CRS01,9,66.79,85.72,0,11
STU0343,CRS01,10,133.95,71.38,0,11
STU0343,CRS02,1,104.62,93.15,0,12
STU0343,CRS02,2,58.2,76.34,0,12
STU0343,CRS02,3,107.12,90.41,0,12
STU0343,CRS02,4,163.88,88.85,0,12
STU0343,CRS02,5,138.96,86.19,0,12
STU0343,CRS02,6,121.01,77.35,0,12
STU0343,CRS02,7,64.9,84.39,0,12
STU0343,CRS02,8,59.34,76.93,0,12
STU0343,CRS02,9,167.85,100.0,0,12
STU0343,CRS03,1,78.37,66.47,0,10
STU0343,CRS03,2,110.78,79.24,0,10
STU0343,CRS03,3,87.14,87.93,0,10
STU0343,CRS03,4,78.23,79.96,0,10
STU0343,CRS03,5,67.95,68.57,0,10
STU0343,CRS04,1,166.93,47.84,0,11
STU0343,CRS04,2,192.57,54.47,0,11
STU0343,CRS04,3,249.09,54.51,0,11
STU0343,CRS04,4,223.5,49.72,0,11
STU0343,CRS04,5,146.83,14.8,0,11
STU0343,CRS04,6,235.62,53.27,0,11
STU0343,CRS04,7,251.21,44.84,0,11
STU0343,CRS04,8,250.54,45.79,0,11
STU0343,CRS04,9,217.06,45.84,0,11
STU0343,CRS04,10,116.93,23.54,0,11
STU0343,CRS04,11,176.48,28.51,1,11
STU0343,CRS05,1,88.03,66.69,0,9
STU0343,CRS05,2,77.8,80.8,0,9
STU0343,CRS05,3,92.82,86.6,0,9
STU0343,CRS05,4,72.93,66.27,0,9
STU0343,CRS05,5,74.89,68.37,0,9
STU0343,CRS05,6,107.61,59.86,0,9
STU0343,CRS05,7,99.25,66.83,0,9
STU0344,CRS01,1,103.84,61.59,0,8
STU0344,CRS01,2,131.49,73.77,0,8
STU0344,CRS01,3,22.95,71.07,0,8
STU0344,CRS01,4,84.14,78.76,0,8
STU0344,CRS01,5,33.59,89.84,0,8
STU0344,CRS02,1,103.14,91.22,0,11
STU0344,CRS02,2,114.16,100.0,0,11
STU0344,CRS02,3,117.47,100.0,0,11
STU0344,CRS02,4,35.19,82.37,0,11
STU0344,CRS02,5,46.72,74.72,0,11
STU0344,CRS02,6,175.26,73.54,0,11
STU0344,CRS02,7,96.26,97.88,0,11
STU0344,CRS02,8,46.78,83.16,0,11
STU0344,CRS03,1,87.7,62.6,0,9
STU0344,CRS03,2,75.39,51.22,0,9
STU0344,CRS03,3,47.6,45.55,0,9
STU0344,CRS03,4,90.68,67.94,0,9
STU0344,CRS03,5,199.9,61.79,0,9
STU0344,CRS03,6,83.99,39.31,0,9
STU0344,CRS03,7,34.02,34.45,0,9
STU0344,CRS03,8,116.66,32.25,0,9
STU0344,CRS03,9,81.36,50.58,1,9
STU0344,CRS04,1,234.51,93.24,0,8
STU0344,CRS04,2,186.25,90.12,0,8
STU0344,CRS04,3,77.97,47.94,0,8
STU0344,CRS04,4,187.08,78.6,0,8
STU0344,CRS04,5,37.57,64.99,0,8
STU0344,CRS04,6,237.36,65.68,0,8
STU0344,CRS04,7,160.89,67.56,0,8
STU0344,CRS04,8,126.73,38.97,1,8
STU0344,CRS05,1,161.08,52.15,0,9
STU0344,CRS05,2,125.49,61.78,0,9
STU0344,CRS05,3,221.67,70.14,0,9
STU0344,CRS05,4,85.36,56.03,0,9
STU0345,CRS01,1,118.77,23.01,0,8
STU0345,CRS01,2,50.56,38.12,0,8
STU0345,CRS01,3,113.72,56.44,0,8
STU0345,CRS01,4,111.03,33.39,0,8
STU0345,CRS01,5,31.68,33.62,0,8
STU0345,CRS01,6,114.35,30.5,0,8
STU0345,CRS01,7,129.03,46.63,0,8
STU0345,CRS02,1,168.81,80.54,0,8
STU0345,CRS02,2,130.73,99.2,0,8
STU0345,CRS02,3,172.06,100.0,0,8
STU0345,CRS02,4,100.73,72.02,0,8
STU0345,CRS03,1,62.33,92.2,0,8
STU0345,CRS03,2,134.38,91.29,0,8
STU0345,CRS03,3,42.24,87.02,0,8
STU0345,CRS03,4,34.67,75.84,0,8
STU0345,CRS03,5,110.57,100.0,0,8
STU0345,CRS03,6,35.18,84.06,0,8
STU0345,CRS03,7,136.78,99.1,0,8
STU0345,CRS03,8,156.65,78.71,1,8
STU0345,CRS04,1,13.66,60.06,0,11
STU0345,CRS04,2,99.56,41.78,0,11
STU0345,CRS04,3,117.15,61.66,0,11
STU0345,CRS04,4,36.33,41.29,0,11
STU0345,CRS04,5,117.29,51.99,0,11
STU0345,CRS04,6,100.58,40.62,0,11
STU0345,CRS04,7,110.51,67.19,0,11
STU0345,CRS04,8,24.07,19.71,0,11
STU0345,CRS04,9,74.33,38.92,0,11
STU0345,CRS05,1,197.91,75.57,0,9
STU0345,CRS05,2,149.33,69.93,0,9
STU0345,CRS05,3,66.95,62.87,0,9
STU0345,CRS05,4,89.06,53.58,0,9
STU0345,CRS05,5,43.56,51.39,0,9
STU0346,CRS01,1,23.11,76.3,0,9
STU0346,CRS01,2,155.45,66.59,0,9
STU0346,CRS01,3,93.37,62.85,0,9
STU0346,CRS01,4,62.41,69.07,0,9
STU0346,CRS01,5,26.41,63.19,0,9
STU0346,CRS01,6,148.64,76.03,0,9
STU0346,CRS01,7,55.65,52.2,0,9
STU0346,CRS01,8,60.57,69.88,0,9
STU0346,CRS02,1,23.16,57.43,0,12
STU0346,CRS03,1,162.44,64.28,0,12
STU0346,CRS03,2,66.92,58.65,0,12
STU0346,CRS03,3,184.09,63.96,0,12
STU0346,CRS03,4,202.89,71.41,0,12
STU0346,CRS03,5,34.35,52.93,0,12
STU0346,CRS03,6,50.69,63.88,0,12
STU0346,CRS03,7,134.5,59.24,0,12
STU0346,CRS03,8,55.88,61.76,0,12
STU0346,CRS03,9,60.26,61.19,0,12
STU0346,CRS03,10,120.61,72.11,0,12
STU0346,CRS03,11,98.55,79.38,0,12
STU0346,CRS03,12,93.32,65.88,1,12
STU0346,CRS04,1,84.08,81.9,0,11
STU0346,CRS04,2,78.65,86.03,0,11
STU0346,CRS04,3,111.96,82.94,0,11
STU0346,CRS04,4,88.51,80.91,0,11
STU0346,CRS04,5,46.45,84.01,0,11
STU0346,CRS05,1,194.03,87.86,0,9
STU0346,CRS05,2,155.85,91.12,0,9
STU0346,CRS05,3,45.64,72.42,0,9
STU0346,CRS05,4,158.11,73.14,0,9
STU0346,CRS05,5,26.6,54.3,0,9
STU0346,CRS05,6,55.13,87.91,0,9
STU0347,CRS01,1,15.91,82.25,0,9
STU0347,CRS01,2,73.95,100.0,0,9
STU0347,CRS01,3,101.89,84.19,0,9
STU0347,CRS01,4,16.34,90.18,0,9
STU0347,CRS02,1,71.77,22.56,0,12
STU0347,CRS02,2,10.04,19.09,0,12
STU0347,CRS02,3,44.7,30.8,0,12
STU0347,CRS02,4,23.84,38.54,0,12
STU0347,CRS02,5,14.66,35.67,0,12
STU0347,CRS03,1,24.51,54.11,0,11
STU0347,CRS03,2,103.84,85.99,0,11
STU0347,CRS03,3,30.81,82.29,0,11
STU0347,CRS03,4,79.08,76.95,0,11
STU0347,CRS03,5,51.98,84.49,0,11
STU0347,CRS03,6,78.77,85.69,0,11
STU0347,CRS04,1,133.46,60.3,0,9
STU0347,CRS04,2,167.27,69.92,0,9
STU0347,CRS04,3,54.1,45.36,0,9
STU0347,CRS04,4,139.65,44.17,0,9
STU0347,CRS05,1,19.87,79.51,0,8
STU0347,CRS05,2,124.22,88.92,0,8
STU0347,CRS05,3,92.19,66.22,0,8
STU0347,CRS05,4,115.97,83.65,0,8
STU0347,CRS05,5,101.01,86.17,0,8
STU0348,CRS01,1,29.66,52.21,0,10
STU0348,CRS01,2,23.11,66.08,0,10
STU0348,CRS01,3,23.83,67.99,0,10
STU0348,CRS01,4,37.47,44.36,0,10
STU0348,CRS01,5,82.39,47.36,0,10
STU0348,CRS02,1,50.65,21.49,0,8
STU0348,CRS03,1,270.99,98.64,0,10
STU0348,CRS03,2,111.86,81.25,0,10
STU0348,CRS03,3,66.56,55.22,0,10
STU0348,CRS03,4,172.0,100.0,0,10
STU0348,CRS03,5,220.8,100.0,0,10
STU0348,CRS03,6,109.58,100.0,0,10
STU0348,CRS03,7,65.84,72.92,0,10
STU0348,CRS03,8,107.44,93.03,0,10
STU0348,CRS03,9,85.61,88.63,0,10
STU0348,CRS03,10,264.36,92.67,1,10
STU0348,CRS04,1,102.76,84.86,0,8
STU0348,CRS04,2,63.23,86.96,0,8
STU0348,CRS04,3,97.64,97.93,0,8
STU0348,CRS04,4,36.76,73.54,0,8
STU0348,CRS04,5,98.97,82.37,0,8
STU0348,CRS04,6,66.59,65.64,0,8
STU0348,CRS04,7,19.29,57.54,0,8
STU0348,CRS04,8,124.3,80.88,1,8
STU0348,CRS05,1,103.56,73.1,0,11
STU0348,CRS05,2,68.41,79.8,0,11
STU0349,CRS01,1,88.78,100.0,0,9
STU0349,CRS01,2,162.8,80.25,0,9
STU0349,CRS01,3,78.11,86.39,0,9
STU0349,CRS01,4,154.88,73.31,0,9
STU0349,CRS01,5,28.07,78.04,0,9
STU0349,CRS02,1,189.71,40.74,0,11
STU0349,CRS02,2,197.59,43.11,0,11
STU0349,CRS02,3,141.55,67.45,0,11
STU0349,CRS02,4,139.74,36.74,0,11
STU0349,CRS02,5,85.84,39.29,0,11
STU0349,CRS02,6,154.95,40.17,0,11
STU0349,CRS02,7,199.16,75.2,0,11
STU0349,CRS02,8,207.2,55.8,0,11
STU0349,CRS02,9,221.29,48.08,0,11
STU0349,CRS03,1,75.28,49.8,0,10
STU0349,CRS03,2,98.12,61.92,0,10
STU0349,CRS03,3,81.24,58.65,0,10
STU0349,CRS03,4,39.33,60.52,0,10
STU0349,CRS03,5,52.02,53.87,0,10
STU0349,CRS03,6,44.39,66.67,0,10
STU0349,CRS03,7,120.22,56.03,0,10
STU0349,CRS03,8,94.63,58.1,0,10
STU0349,CRS04,1,252.55,70.91,0,9
STU0349,CRS04,2,102.81,49.78,0,9
STU0349,CRS04,3,161.45,57.25,0,9
STU0349,CRS04,4,209.82,65.61,0,9
STU0349,CRS04,5,95.53,47.31,0,9
STU0349,CRS04,6,74.53,62.24,0,9
STU0349,CRS04,7,47.23,33.33,0,9
STU0349,CRS04,8,217.03,58.44,0,9
STU0349,CRS04,9,113.87,50.46,1,9
STU0349,CRS05,1,112.73,58.5,0,9
STU0349,CRS05,2,96.72,48.04,0,9
STU0349,CRS05,3,38.82,32.26,0,9
STU0349,CRS05,4,88.17,57.3,0,9
STU0349,CRS05,5,137.0,53.21,0,9
STU0349,CRS05,6,152.98,61.96,0,9
STU0350,CRS01,1,100.14,48.67,0,12
STU0350,CRS01,2,20.28,71.2,0,12
STU0350,CRS01,3,95.4,63.18,0,12
STU0350,CRS01,4,49.62,49.97,0,12
STU0350,CRS01,5,68.2,59.88,0,12
STU0350,CRS01,6,100.16,65.37,0,12
STU0350,CRS02,1,69.44,62.3,0,12
STU0350,CRS02,2,79.6,71.08,0,12
STU0350,CRS02,3,17.12,47.86,0,12
STU0350,CRS02,4,104.89,78.27,0,12
STU0350,CRS02,5,106.33,73.36,0,12
STU0350,CRS03,1,19.91,71.66,0,9
STU0350,CRS03,2,52.8,75.25,0,9
STU0350,CRS03,3,64.25,83.16,0,9
STU0350,CRS04,1,69.58,70.63,0,10
STU0350,CRS04,2,24.6,50.11,0,10
STU0350,CRS04,3,82.94,61.6,0,10
STU0350,CRS04,4,41.31,44.79,0,10
STU0350,CRS04,5,61.4,56.61,0,10
STU0350,CRS04,6,86.42,51.71,0,10
STU0350,CRS04,7,22.21,50.24,0,10
STU0350,CRS05,1,151.03,68.5,0,9
STU0350,CRS05,2,123.39,58.41,0,9
STU0350,CRS05,3,44.72,34.25,0,9
STU0350,CRS05,4,69.05,17.6,0,9
STU0350,CRS05,5,251.63,42.55,0,9
STU0350,CRS05,6,105.42,21.39,0,9
STU0350,CRS05,7,240.73,49.73,0,9
STU0350,CRS05,8,112.02,36.44,0,9
STU0350,CRS05,9,93.3,29.23,1,9
STU0351,CRS01,1,30.67,26.17,0,8
STU0351,CRS01,2,128.81,54.26,0,8
STU0351,CRS01,3,100.44,31.24,0,8
STU0351,CRS01,4,50.03,44.81,0,8
STU0351,CRS01,5,93.77,40.24,0,8
STU0351,CRS01,6,82.06,32.06,0,8
STU0351,CRS02,1,167.63,98.28,0,9
STU0351,CRS02,2,108.31,83.7,0,9
STU0351,CRS02,3,93.68,73.72,0,9
STU0351,CRS02,4,179.28,100.0,0,9
STU0351,CRS02,5,111.92,100.0,0,9
STU0351,CRS02,6,219.37,100.0,0,9
STU0351,CRS02,7,225.34,100.0,0,9
STU0351,CRS03,1,103.62,82.94,0,12
STU0351,CRS03,2,79.52,100.0,0,12
STU0351,CRS03,3,30.38,79.38,0,12
STU0351,CRS03,4,40.94,86.63,0,12
STU0351,CRS03,5,17.97,88.93,0,12
STU0351,CRS04,1,21.27,86.39,0,9
STU0351,CRS04,2,66.29,91.01,0,9
STU0351,CRS04,3,28.54,72.31,0,9
STU0351,CRS04,4,160.28,100.0,0,9
STU0351,CRS04,5,85.39,80.5,0,9
STU0351,CRS05,1,147.45,97.94,0,9
STU0351,CRS05,2,172.88,100.0,0,9
STU0351,CRS05,3,119.32,100.0,0,9
STU0351,CRS05,4,174.3,99.67,0,9
STU0352,CRS01,1,20.98,79.27,0,12
STU0352,CRS01,2,25.65,72.89,0,12
STU0352,CRS02,1,86.16,84.44,0,9
STU0352,CRS02,2,48.52,86.5,0,9
STU0352,CRS02,3,50.11,82.2,0,9
STU0352,CRS02,4,53.45,63.81,0,9
STU0352,CRS03,1,136.37,85.54,0,8
STU0352,CRS03,2,103.85,75.74,0,8
STU0352,CRS03,3,121.49,80.69,0,8
STU0352,CRS03,4,177.06,97.35,0,8
STU0352,CRS03,5,136.78,78.87,0,8
STU0352,CRS03,6,70.7,73.55,0,8
STU0352,CRS03,7,155.83,100.0,0,8
STU0352,CRS03,8,79.92,85.89,1,8
STU0352,CRS04,1,127.06,77.65,0,10
STU0352,CRS04,2,108.72,58.6,0,10
STU0352,CRS04,3,18.63,40.72,0,10
STU0352,CRS04,4,43.59,38.7,0,10
STU0352,CRS04,5,28.16,57.93,0,10
STU0352,CRS04,6,78.55,57.07,0,10
STU0352,CRS04,7,27.13,51.71,0,10
STU0352,CRS04,8,51.8,54.63,0,10
STU0352,CRS04,9,136.2,38.8,0,10
STU0352,CRS04,10,38.36,39.8,1,10
STU0352,CRS05,1,85.78,98.88,0,11
STU0352,CRS05,2,64.5,75.75,0,11
STU0352,CRS05,3,78.35,85.06,0,11
STU0352,CRS05,4,24.6,69.55,0,11
STU0352,CRS05,5,106.24,76.74,0,11
STU0352,CRS05,6,90.02,95.34,0,11
STU0352,CRS05,7,40.57,76.72,0,11
STU0352,CRS05,8,137.82,98.6,0,11
STU0353,CRS01,1,48.76,48.58,0,12
STU0353,CRS01,2,174.52,54.36,0,12
STU0353,CRS01,3,56.83,66.23,0,12
STU0353,CRS01,4,139.17,71.28,0,12
STU0353,CRS01,5,174.04,63.11,0,12
STU0353,CRS01,6,56.37,41.5,0,12
STU0353,CRS02,1,17.14,65.62,0,8
STU0353,CRS03,1,93.87,70.92,0,8
STU0353,CRS04,1,57.46,68.04,0,10
STU0353,CRS04,2,100.33,79.39,0,10
STU0353,CRS04,3,192.57,76.76,0,10
STU0353,CRS04,4,145.2,61.39,0,10
STU0353,CRS04,5,80.6,66.4,0,10
STU0353,CRS04,6,58.67,63.41,0,10
STU0353,CRS04,7,58.89,63.06,0,10
STU0353,CRS04,8,109.13,75.57,0,10
STU0353,CRS04,9,270.22,79.85,0,10
STU0353,CRS04,10,44.0,67.28,1,10
STU0353,CRS05,1,105.78,92.94,0,9
STU0353,CRS05,2,112.38,100.0,0,9
STU0353,CRS05,3,39.23,71.91,0,9
STU0353,CRS05,4,37.18,91.23,0,9
STU0353,CRS05,5,110.97,98.17,0,9
STU0353,CRS05,6,54.68,80.47,0,9
STU0353,CRS05,7,61.74,79.82,0,9
STU0354,CRS01,1,19.53,90.84,0,11
STU0354,CRS01,2,29.03,86.93,0,11
STU0354,CRS01,3,48.26,90.82,0,11
STU0354,CRS01,4,14.22,98.09,0,11
STU0354,CRS01,5,61.69,100.0,0,11
STU0354,CRS02,1,193.82,91.87,0,12
STU0354,CRS02,2,127.62,83.24,0,12
STU0354,CRS02,3,125.81,67.29,0,12
STU0354,CRS02,4,155.88,100.0,0,12
STU0354,CRS02,5,133.13,74.99,0,12
STU0354,CRS02,6,94.73,88.28,0,12
STU0354,CRS02,7,184.76,94.38,0,12
STU0354,CRS02,8,182.55,100.0,0,12
STU0354,CRS02,9,74.84,95.0,0,12
STU0354,CRS02,10,44.08,85.0,0,12
STU0354,CRS02,11,103.55,87.92,0,12
STU0354,CRS02,12,43.71,67.41,1,12
STU0354,CRS03,1,137.25,41.51,0,10
STU0354,CRS03,2,34.32,25.62,0,10
STU0354,CRS03,3,129.39,52.86,0,10
STU0354,CRS03,4,135.48,58.15,0,10
STU0354,CRS04,1,132.72,63.73,0,10
STU0354,CRS04,2,103.18,73.61,0,10
STU0354,CRS05,1,34.84,40.83,0,8
STU0354,CRS05,2,54.27,54.82,0,8
STU0354,CRS05,3,67.53,35.78,0,8
STU0354,CRS05,4,31.48,42.27,0,8
STU0354,CRS05,5,70.63,40.44,0,8
STU0354,CRS05,6,111.75,54.66,0,8
STU0355,CRS01,1,154.15,100.0,0,8
STU0355,CRS01,2,130.56,76.34,0,8
STU0355,CRS01,3,164.23,76.32,0,8
STU0355,CRS01,4,224.19,100.0,0,8
STU0355,CRS01,5,135.34,89.03,0,8
STU0355,CRS01,6,159.29,95.59,0,8
STU0355,CRS01,7,134.53,100.0,0,8
STU0355,CRS01,8,137.43,100.0,1,8
STU0355,CRS02,1,87.08,71.85,0,8
STU0355,CRS02,2,33.33,65.28,0,8
STU0355,CRS02,3,24.61,69.77,0,8
STU0355,CRS02,4,33.36,74.94,0,8
STU0355,CRS02,5,14.78,59.8,0,8
STU0355,CRS02,6,23.5,78.9,0,8
STU0355,CRS03,1,59.8,100.0,0,12
STU0355,CRS03,2,229.65,100.0,0,12
STU0355,CRS03,3,173.43,100.0,0,12
STU0355,CRS03,4,232.84,100.0,0,12
STU0355,CRS03,5,86.61,100.0,0,12
STU0355,CRS03,6,256.06,100.0,0,12
STU0355,CRS03,7,94.48,98.6,0,12
STU0355,CRS03,8,149.11,100.0,0,12
STU0355,CRS03,9,163.16,100.0,0,12
STU0355,CRS03,10,232.9,100.0,0,12
STU0355,CRS03,11,288.05,92.43,0,12
STU0355,CRS03,12,155.07,100.0,1,12
STU0355,CRS04,1,106.46,82.46,0,10
STU0355,CRS04,2,56.8,57.51,0,10
STU0355,CRS04,3,35.97,79.99,0,10
STU0355,CRS04,4,158.87,76.19,0,10
STU0355,CRS04,5,94.48,86.94,0,10
STU0355,CRS04,6,74.66,84.48,0,10
STU0355,CRS04,7,55.06,78.15,0,10
STU0355,CRS04,8,113.09,93.67,0,10
STU0355,CRS05,1,41.56,32.23,0,12
STU0355,CRS05,2,143.93,38.56,0,12
STU0355,CRS05,3,214.91,59.73,0,12
STU0355,CRS05,4,66.62,35.0,0,12
STU0355,CRS05,5,94.22,16.52,0,12
STU0355,CRS05,6,116.01,32.54,0,12
STU0355,CRS05,7,198.36,45.62,0,12
STU0355,CRS05,8,265.49,40.47,0,12
STU0355,CRS05,9,272.3,55.14,0,12
STU0355,CRS05,10,240.96,37.32,0,12
STU0355,CRS05,11,72.17,42.91,0,12
STU0355,CRS05,12,128.8,24.36,1,12
STU0356,CRS01,1,79.2,86.18,0,10
STU0356,CRS01,2,156.78,86.61,0,10
STU0356,CRS01,3,186.36,78.81,0,10
STU0356,CRS02,1,55.75,99.33,0,11
STU0356,CRS02,2,90.99,95.21,0,11
STU0356,CRS02,3,89.64,92.63,0,11
STU0356,CRS02,4,15.34,77.18,0,11
STU0356,CRS02,5,19.52,93.25,0,11
STU0356,CRS02,6,72.34,76.62,0,11
STU0356,CRS02,7,46.4,99.55,0,11
STU0356,CRS02,8,34.55,83.48,0,11
STU0356,CRS02,9,113.96,89.16,0,11
STU0356,CRS03,1,158.94,60.44,0,8
STU0356,CRS03,2,33.97,23.59,0,8
STU0356,CRS03,3,214.26,55.74,0,8
STU0356,CRS03,4,97.1,67.15,0,8
STU0356,CRS03,5,108.69,45.54,0,8
STU0356,CRS03,6,128.96,42.49,0,8
STU0356,CRS03,7,55.94,44.7,0,8
STU0356,CRS03,8,58.69,38.94,1,8
STU0356,CRS04,1,225.05,58.32,0,12
STU0356,CRS04,2,184.03,52.17,0,12
STU0356,CRS04,3,189.47,39.68,0,12
STU0356,CRS04,4,135.01,46.26,0,12
STU0356,CRS04,5,117.98,29.09,0,12
STU0356,CRS04,6,71.6,39.29,0,12
STU0356,CRS04,7,60.6,39.81,0,12
STU0356,CRS04,8,34.74,23.93,0,12
STU0356,CRS04,9,71.32,42.79,0,12
STU0356,CRS04,10,224.64,49.87,0,12
STU0356,CRS04,11,239.93,38.55,0,12
STU0356,CRS04,12,135.43,24.68,1,12
STU0356,CRS05,1,35.13,87.96,0,12
STU0356,CRS05,2,91.73,78.24,0,12
STU0356,CRS05,3,108.07,60.88,0,12
STU0356,CRS05,4,118.55,75.58,0,12
STU0356,CRS05,5,123.65,63.84,0,12
STU0356,CRS05,6,66.38,70.96,0,12
STU0356,CRS05,7,101.19,77.57,0,12
STU0356,CRS05,8,245.52,87.53,0,12
STU0356,CRS05,9,101.59,86.39,0,12
STU0356,CRS05,10,46.33,72.12,0,12
STU0356,CRS05,11,123.41,75.01,0,12
STU0356,CRS05,12,111.17,77.33,1,12
STU0357,CRS01,1,90.27,36.71,0,10
STU0357,CRS01,2,103.6,38.25,0,10
STU0357,CRS01,3,61.48,49.96,0,10
STU0357,CRS01,4,47.79,25.27,0,10
STU0357,CRS02,1,103.06,71.52,0,12
STU0357,CRS02,2,77.63,61.66,0,12
STU0357,CRS02,3,120.45,55.48,0,12
STU0357,CRS02,4,149.11,50.6,0,12
STU0357,CRS02,5,41.08,74.9,0,12
STU0357,CRS02,6,171.12,77.75,0,12
STU0357,CRS02,7,104.03,37.07,0,12
STU0357,CRS03,1,78.55,51.4,0,11
STU0357,CRS03,2,187.56,53.01,0,11
STU0357,CRS03,3,93.01,60.55,0,11
STU0357,CRS03,4,158.4,43.02,0,11
STU0357,CRS03,5,130.17,46.89,0,11
STU0357,CRS03,6,137.06,51.28,0,11
STU0357,CRS03,7,122.47,38.91,0,11
STU0357,CRS03,8,67.56,25.8,0,11
STU0357,CRS03,9,202.45,47.21,0,11
STU0357,CRS03,10,93.81,33.28,0,11
STU0357,CRS03,11,80.82,31.41,1,11
STU0357,CRS04,1,247.84,97.11,0,9
STU0357,CRS04,2,129.73,81.36,0,9
STU0357,CRS04,3,142.14,89.09,0,9
STU0357,CRS04,4,163.05,92.61,0,9
STU0357,CRS04,5,37.18,74.52,0,9
STU0357,CRS04,6,70.44,86.03,0,9
STU0357,CRS04,7,209.89,95.62,0,9
STU0357,CRS04,8,179.56,100.0,0,9
STU0357,CRS04,9,209.46,95.72,1,9
STU0357,CRS05,1,240.73,52.15,0,8
STU0357,CRS05,2,102.46,26.22,0,8
STU0357,CRS05,3,245.38,72.68,0,8
STU0357,CRS05,4,207.93,55.21,0,8
STU0357,CRS05,5,196.34,56.9,0,8
STU0357,CRS05,6,81.8,60.63,0,8
STU0357,CRS05,7,60.96,39.57,0,8
STU0357,CRS05,8,65.98,67.25,1,8
STU0358,CRS01,1,190.41,100.0,0,10
STU0358,CRS01,2,118.41,92.35,0,10
STU0358,CRS01,3,157.74,84.29,0,10
STU0358,CRS01,4,86.36,75.74,0,10
STU0358,CRS01,5,104.55,74.33,0,10
STU0358,CRS01,6,148.93,80.71,0,10
STU0358,CRS01,7,153.08,87.15,0,10
STU0358,CRS01,8,31.43,75.94,0,10
STU0358,CRS01,9,192.21,88.98,0,10
STU0358,CRS01,10,180.46,80.61,1,10
STU0358,CRS02,1,150.67,71.89,0,8
STU0358,CRS02,2,134.17,65.95,0,8
STU0358,CRS02,3,54.31,47.35,0,8
STU0358,CRS02,4,122.23,56.74,0,8
STU0358,CRS02,5,108.79,66.07,0,8
STU0358,CRS02,6,120.46,53.53,0,8
STU0358,CRS03,1,45.11,53.58,0,12
STU0358,CRS03,2,176.06,69.25,0,12
STU0358,CRS03,3,156.33,90.71,0,12
STU0358,CRS03,4,132.88,55.4,0,12
STU0358,CRS03,5,178.19,81.22,0,12
STU0358,CRS03,6,136.35,71.03,0,12
STU0358,CRS03,7,214.21,83.61,0,12
STU0358,CRS03,8,45.84,61.28,0,12
STU0358,CRS03,9,83.32,83.22,0,12
STU0358,CRS03,10,74.4,51.99,0,12
STU0358,CRS03,11,38.18,61.57,0,12
STU0358,CRS03,12,123.7,76.08,1,12
STU0358,CRS04,1,14.72,29.57,0,11
STU0358,CRS04,2,56.34,28.23,0,11
STU0358,CRS05,1,38.98,27.94,0,12
STU0358,CRS05,2,118.95,39.8,0,12
STU0358,CRS05,3,171.4,41.36,0,12
STU0358,CRS05,4,59.63,37.6,0,12
STU0358,CRS05,5,133.44,34.57,0,12
STU0358,CRS05,6,155.22,38.03,0,12
STU0358,CRS05,7,29.58,12.32,0,12
STU0358,CRS05,8,59.41,34.05,0,12
STU0358,CRS05,9,234.12,51.76,0,12
STU0358,CRS05,10,43.44,23.81,0,12
STU0359,CRS01,1,35.62,46.74,0,8
STU0359,CRS01,2,181.16,53.65,0,8
STU0359,CRS01,3,74.54,43.3,0,8
STU0359,CRS01,4,129.77,62.01,0,8
STU0359,CRS01,5,265.32,75.8,0,8
STU0359,CRS01,6,269.27,63.37,0,8
STU0359,CRS01,7,152.73,59.91,0,8
STU0359,CRS01,8,207.54,44.29,1,8
STU0359,CRS02,1,82.25,100.0,0,9
STU0359,CRS02,2,40.34,79.81,0,9
STU0359,CRS03,1,30.67,54.45,0,12
STU0359,CRS03,2,117.52,46.61,0,12
STU0359,CRS03,3,132.58,65.69,0,12
STU0359,CRS03,4,53.75,33.33,0,12
STU0359,CRS03,5,73.04,20.29,0,12
STU0359,CRS03,6,182.0,50.68,0,12
STU0359,CRS03,7,64.99,43.65,0,12
STU0359,CRS03,8,166.44,51.61,0,12
STU0359,CRS04,1,152.4,70.99,0,10
STU0359,CRS04,2,177.07,82.73,0,10
STU0359,CRS04,3,56.52,43.74,0,10
STU0359,CRS04,4,213.02,81.7,0,10
STU0359,CRS04,5,169.26,97.16,0,10
STU0359,CRS04,6,189.08,70.48,0,10
STU0359,CRS04,7,41.98,66.74,0,10
STU0359,CRS04,8,191.96,74.75,0,10
STU0359,CRS04,9,145.72,73.36,0,10
STU0359,CRS04,10,226.09,78.65,1,10
STU0359,CRS05,1,37.94,62.48,0,8
STU0359,CRS05,2,38.7,68.4,0,8
STU0359,CRS05,3,62.57,80.89,0,8
STU0359,CRS05,4,92.81,93.67,0,8
STU0359,CRS05,5,11.3,57.46,0,8
STU0359,CRS05,6,90.47,66.91,0,8
STU0359,CRS05,7,88.16,67.15,0,8
STU0360,CRS01,1,91.03,73.14,0,12
STU0360,CRS01,2,74.52,72.33,0,12
STU0360,CRS01,3,47.62,51.77,0,12
STU0360,CRS01,4,109.29,77.94,0,12
STU0360,CRS01,5,119.35,52.65,0,12
STU0360,CRS01,6,142.91,51.23,0,12
STU0360,CRS01,7,136.03,51.66,0,12
STU0360,CRS01,8,49.26,61.79,0,12
STU0360,CRS01,9,48.38,63.05,0,12
STU0360,CRS01,10,124.42,50.63,0,12
STU0360,CRS01,11,146.98,41.28,0,12
STU0360,CRS02,1,63.74,75.74,0,9
STU0360,CRS03,1,36.54,100.0,0,8
STU0360,CRS03,2,83.88,95.66,0,8
STU0360,CRS03,3,186.5,100.0,0,8
STU0360,CRS03,4,88.72,97.03,0,8
STU0360,CRS03,5,212.92,97.51,0,8
STU0360,CRS04,1,178.82,49.24,0,9
STU0360,CRS04,2,165.5,54.08,0,9
STU0360,CRS04,3,59.39,46.01,0,9
STU0360,CRS04,4,118.36,54.77,0,9
STU0360,CRS04,5,163.62,62.23,0,9
STU0360,CRS04,6,141.26,47.4,0,9
STU0360,CRS04,7,197.3,64.66,0,9
STU0360,CRS04,8,203.49,56.5,0,9
STU0360,CRS04,9,200.94,51.38,1,9
STU0360,CRS05,1,76.94,39.98,0,9
STU0360,CRS05,2,107.13,60.53,0,9
STU0360,CRS05,3,88.75,56.33,0,9
STU0360,CRS05,4,116.04,67.8,0,9
STU0360,CRS05,5,31.69,34.82,0,9
STU0360,CRS05,6,53.86,50.97,0,9
STU0360,CRS05,7,104.7,62.41,0,9
STU0360,CRS05,8,53.97,49.22,0,9
STU0360,CRS05,9,47.76,34.94,1,9
STU0361,CRS01,1,157.46,100.0,0,10
STU0361,CRS01,2,103.58,87.96,0,10
STU0361,CRS01,3,81.17,67.99,0,10
STU0361,CRS01,4,102.35,92.12,0,10
STU0361,CRS01,5,151.74,100.0,0,10
STU0361,CRS01,6,158.21,80.87,0,10
STU0361,CRS01,7,78.99,91.34,0,10
STU0361,CRS01,8,119.92,87.81,0,10
STU0361,CRS01,9,97.04,86.16,0,10
STU0361,CRS01,10,194.69,95.59,1,10
STU0361,CRS02,1,30.7,65.69,0,11
STU0361,CRS02,2,14.56,68.09,0,11
STU0361,CRS02,3,40.53,56.19,0,11
STU0361,CRS02,4,52.89,66.48,0,11
STU0361,CRS02,5,35.1,85.56,0,11
STU0361,CRS02,6,114.17,66.73,0,11
STU0361,CRS02,7,102.28,56.08,0,11
STU0361,CRS03,1,40.2,38.85,0,12
STU0361,CRS03,2,98.8,51.51,0,12
STU0361,CRS03,3,94.88,45.05,0,12
STU0361,CRS03,4,98.34,64.48,0,12
STU0361,CRS03,5,91.58,64.97,0,12
STU0361,CRS03,6,29.43,55.27,0,12
STU0361,CRS03,7,60.47,77.56,0,12
STU0361,CRS04,1,38.39,82.29,0,11
STU0361,CRS04,2,91.77,100.0,0,11
STU0361,CRS04,3,23.32,84.78,0,11
STU0361,CRS04,4,22.42,76.12,0,11
STU0361,CRS04,5,71.63,89.93,0,11
STU0361,CRS04,6,62.64,87.45,0,11
STU0361,CRS04,7,70.3,76.42,0,11
STU0361,CRS04,8,31.62,81.52,0,11
STU0361,CRS04,9,104.05,100.0,0,11
STU0361,CRS04,10,99.41,95.52,0,11
STU0361,CRS05,1,90.89,36.25,0,12
STU0361,CRS05,2,71.84,51.84,0,12
STU0361,CRS05,3,41.09,23.19,0,12
STU0361,CRS05,4,46.36,28.79,0,12
STU0361,CRS05,5,61.03,27.81,0,12
STU0361,CRS05,6,81.14,48.54,0,12
STU0362,CRS01,1,40.24,97.58,0,8
STU0362,CRS01,2,43.84,93.96,0,8
STU0362,CRS01,3,75.89,88.63,0,8
STU0362,CRS01,4,45.93,89.25,0,8
STU0362,CRS02,1,123.96,53.52,0,12
STU0362,CRS02,2,186.43,61.75,0,12
STU0362,CRS02,3,114.78,63.29,0,12
STU0362,CRS02,4,112.56,55.43,0,12
STU0362,CRS02,5,34.22,50.26,0,12
STU0362,CRS02,6,186.31,54.17,0,12
STU0362,CRS02,7,51.19,59.33,0,12
STU0362,CRS02,8,170.73,58.47,0,12
STU0362,CRS02,9,186.18,51.61,0,12
STU0362,CRS02,10,184.34,60.79,0,12
STU0362,CRS02,11,83.71,57.63,0,12
STU0362,CRS02,12,52.26,47.5,1,12
STU0362,CRS03,1,206.47,58.79,0,8
STU0362,CRS03,2,177.13,64.94,0,8
STU0362,CRS03,3,132.82,45.73,0,8
STU0362,CRS03,4,38.47,43.18,0,8
STU0362,CRS04,1,82.32,70.93,0,12
STU0362,CRS04,2,65.56,58.0,0,12
STU0362,CRS04,3,75.63,46.55,0,12
STU0362,CRS04,4,85.13,58.95,0,12
STU0362,CRS04,5,64.19,56.55,0,12
STU0362,CRS05,1,68.04,55.0,0,11
STU0362,CRS05,2,37.46,44.06,0,11
STU0362,CRS05,3,154.13,64.31,0,11
STU0362,CRS05,4,78.3,70.07,0,11
STU0362,CRS05,5,83.37,62.64,0,11
STU0362,CRS05,6,217.73,73.1,0,11
STU0362,CRS05,7,119.15,46.69,0,11
STU0362,CRS05,8,163.33,61.26,0,11
STU0362,CRS05,9,73.26,49.7,0,11
STU0362,CRS05,10,183.45,61.8,0,11
STU0363,CRS01,1,210.65,86.66,0,12
STU0363,CRS01,2,67.6,77.64,0,12
STU0363,CRS01,3,115.94,96.36,0,12
STU0363,CRS01,4,75.18,67.71,0,12
STU0363,CRS01,5,151.11,81.05,0,12
STU0363,CRS01,6,139.6,57.42,0,12
STU0363,CRS01,7,108.96,72.18,0,12
STU0363,CRS01,8,93.02,75.72,0,12
STU0363,CRS01,9,49.14,77.44,0,12
STU0363,CRS01,10,221.37,82.2,0,12
STU0363,CRS01,11,237.73,84.17,0,12
STU0363,CRS02,1,66.68,65.81,0,12
STU0363,CRS02,2,67.27,69.41,0,12
STU0363,CRS02,3,22.47,67.96,0,12
STU0363,CRS02,4,41.81,66.48,0,12
STU0363,CRS02,5,30.49,57.05,0,12
STU0363,CRS02,6,125.16,80.69,0,12
STU0363,CRS02,7,36.07,41.59,0,12
STU0363,CRS02,8,74.34,58.26,0,12
STU0363,CRS02,9,166.47,52.97,0,12
STU0363,CRS03,1,107.73,75.86,0,8
STU0363,CRS03,2,159.69,100.0,0,8
STU0363,CRS03,3,262.73,100.0,0,8
STU0363,CRS03,4,267.64,92.35,0,8
STU0363,CRS03,5,82.51,93.69,0,8
STU0363,CRS03,6,229.85,100.0,0,8
STU0363,CRS03,7,178.43,84.06,0,8
STU0363,CRS03,8,42.71,81.03,1,8
STU0363,CRS04,1,57.18,78.99,0,10
STU0363,CRS04,2,33.86,74.03,0,10
STU0363,CRS04,3,119.95,91.48,0,10
STU0363,CRS04,4,108.78,79.84,0,10
STU0363,CRS04,5,97.32,93.61,0,10
STU0363,CRS04,6,34.99,76.33,0,10
STU0363,CRS04,7,150.16,91.69,0,10
STU0363,CRS04,8,127.62,77.93,0,10
STU0363,CRS04,9,114.67,71.01,0,10
STU0363,CRS05,1,32.85,30.06,0,8
STU0363,CRS05,2,31.48,17.4,0,8
STU0363,CRS05,3,22.01,33.96,0,8
STU0363,CRS05,4,127.62,39.29,0,8
STU0363,CRS05,5,27.85,43.07,0,8
STU0363,CRS05,6,100.74,38.91,0,8
STU0363,CRS05,7,35.96,17.28,0,8
STU0363,CRS05,8,114.34,45.95,1,8
STU0364,CRS01,1,174.9,99.84,0,8
STU0364,CRS01,2,77.27,66.8,0,8
STU0364,CRS01,3,29.74,60.74,0,8
STU0364,CRS01,4,88.79,77.0,0,8
STU0364,CRS01,5,123.14,79.66,0,8
STU0364,CRS01,6,86.74,91.57,0,8
STU0364,CRS01,7,47.2,76.36,0,8
STU0364,CRS01,8,103.93,79.61,1,8
STU0364,CRS02,1,68.35,37.23,0,9
STU0364,CRS02,2,112.52,39.87,0,9
STU0364,CRS02,3,100.38,53.91,0,9
STU0364,CRS02,4,126.85,33.35,0,9
STU0364,CRS02,5,284.7,65.57,0,9
STU0364,CRS02,6,95.19,41.31,0,9
STU0364,CRS02,7,225.31,52.97,0,9
STU0364,CRS02,8,260.81,45.93,0,9
STU0364,CRS02,9,53.49,37.56,1,9
STU0364,CRS03,1,39.94,43.71,0,11
STU0364,CRS03,2,175.38,52.87,0,11
STU0364,CRS03,3,24.38,24.45,0,11
STU0364,CRS03,4,165.29,51.42,0,11
STU0364,CRS03,5,26.5,30.01,0,11
STU0364,CRS03,6,29.49,29.81,0,11
STU0364,CRS03,7,189.4,56.07,0,11
STU0364,CRS03,8,101.55,65.77,0,11
STU0364,CRS03,9,239.42,51.54,0,11
STU0364,CRS03,10,86.86,27.55,0,11
STU0364,CRS03,11,100.31,57.1,1,11
STU0364,CRS04,1,75.89,90.2,0,12
STU0364,CRS04,2,26.05,84.82,0,12
STU0364,CRS04,3,32.89,91.4,0,12
STU0364,CRS04,4,30.83,86.43,0,12
STU0364,CRS04,5,50.18,95.09,0,12
STU0364,CRS04,6,13.28,88.14,0,12
STU0364,CRS04,7,32.07,100.0,0,12
STU0364,CRS05,1,52.66,39.78,0,9
STU0364,CRS05,2,96.0,27.7,0,9
STU0364,CRS05,3,25.55,35.99,0,9
STU0364,CRS05,4,38.62,38.35,0,9
STU0364,CRS05,5,90.97,39.53,0,9
STU0364,CRS05,6,39.35,60.78,0,9
STU0364,CRS05,7,16.67,56.28,0,9
STU0365,CRS01,1,80.48,49.44,0,9
STU0365,CRS01,2,106.01,52.72,0,9
STU0365,CRS01,3,153.2,67.94,0,9
STU0365,CRS01,4,163.25,69.91,0,9
STU0365,CRS01,5,104.03,64.67,0,9
STU0365,CRS01,6,151.05,61.86,0,9
STU0365,CRS01,7,60.72,50.2,0,9
STU0365,CRS01,8,107.37,28.91,0,9
STU0365,CRS01,9,227.06,64.76,1,9
STU0365,CRS02,1,35.86,39.68,0,8
STU0365,CRS02,2,126.77,37.4,0,8
STU0365,CRS02,3,26.85,43.55,0,8
STU0365,CRS02,4,125.54,54.1,0,8
STU0365,CRS02,5,109.66,52.12,0,8
STU0365,CRS02,6,124.79,54.4,0,8
STU0365,CRS02,7,49.81,39.45,0,8
STU0365,CRS02,8,150.25,53.91,1,8
STU0365,CRS03,1,117.65,86.11,0,12
STU0365,CRS03,2,124.94,95.84,0,12
STU0365,CRS03,3,140.12,89.76,0,12
STU0365,CRS03,4,162.7,100.0,0,12
STU0365,CRS03,5,94.41,95.66,0,12
STU0365,CRS03,6,21.96,68.82,0,12
STU0365,CRS03,7,63.29,90.05,0,12
STU0365,CRS03,8,30.13,72.29,0,12
STU0365,CRS03,9,23.01,74.84,0,12
STU0365,CRS03,10,176.18,81.29,0,12
STU0365,CRS04,1,248.69,75.79,0,9
STU0365,CRS04,2,67.58,76.84,0,9
STU0365,CRS04,3,30.04,79.48,0,9
STU0365,CRS04,4,59.12,67.9,0,9
STU0365,CRS04,5,72.98,80.0,0,9
STU0365,CRS04,6,214.22,76.69,0,9
STU0365,CRS04,7,257.45,82.92,0,9
STU0365,CRS04,8,64.16,72.83,0,9
STU0365,CRS04,9,216.63,80.05,1,9
STU0365,CRS05,1,85.59,52.66,0,12
STU0365,CRS05,2,56.38,21.09,0,12
STU0365,CRS05,3,138.41,51.01,0,12
STU0365,CRS05,4,212.18,42.92,0,12
STU0365,CRS05,5,97.88,48.35,0,12
STU0365,CRS05,6,78.96,43.22,0,12
STU0365,CRS05,7,119.31,26.1,0,12
STU0365,CRS05,8,28.79,22.96,0,12
STU0365,CRS05,9,56.76,30.57,0,12
STU0365,CRS05,10,236.35,41.8,0,12
STU0365,CRS05,11,101.63,35.31,0,12
STU0365,CRS05,12,204.99,40.33,1,12
STU0366,CRS01,1,23.73,52.46,0,12
STU0366,CRS01,2,161.14,81.33,0,12
STU0366,CRS01,3,147.97,66.74,0,12
STU0366,CRS01,4,109.14,70.46,0,12
STU0366,CRS02,1,16.84,61.81,0,10
STU0366,CRS02,2,16.54,59.57,0,10
STU0366,CRS02,3,33.89,39.26,0,10
STU0366,CRS02,4,96.51,49.67,0,10
STU0366,CRS02,5,86.74,55.79,0,10
STU0366,CRS02,6,33.56,61.1,0,10
STU0366,CRS02,7,119.64,49.96,0,10
STU0366,CRS02,8,150.74,51.82,0,10
STU0366,CRS02,9,77.48,52.72,0,10
STU0366,CRS03,1,131.5,92.06,0,8
STU0366,CRS03,2,43.19,85.22,0,8
STU0366,CRS03,3,50.49,88.45,0,8
STU0366,CRS03,4,148.0,100.0,0,8
STU0366,CRS03,5,56.76,74.54,0,8
STU0366,CRS03,6,161.2,88.0,0,8
STU0366,CRS03,7,202.9,97.05,0,8
STU0366,CRS03,8,45.57,85.06,1,8
STU0366,CRS04,1,59.98,77.51,0,12
STU0366,CRS04,2,182.25,92.88,0,12
STU0366,CRS04,3,114.78,71.79,0,12
STU0366,CRS04,4,66.66,90.54,0,12
STU0366,CRS04,5,171.58,96.67,0,12
STU0366,CRS04,6,235.55,100.0,0,12
STU0366,CRS04,7,109.52,71.39,0,12
STU0366,CRS04,8,87.08,85.57,0,12
STU0366,CRS04,9,166.36,100.0,0,12
STU0366,CRS04,10,143.12,52.56,0,12
STU0366,CRS04,11,102.7,93.48,0,12
STU0366,CRS04,12,246.53,89.95,1,12
STU0366,CRS05,1,145.29,79.09,0,8
STU0366,CRS05,2,172.29,83.54,0,8
STU0366,CRS05,3,28.17,64.5,0,8
STU0366,CRS05,4,201.63,69.07,0,8
STU0366,CRS05,5,148.82,96.8,0,8
STU0366,CRS05,6,172.57,62.16,0,8
STU0366,CRS05,7,148.88,59.97,0,8
STU0366,CRS05,8,199.73,72.24,1,8
STU0367,CRS01,1,162.58,84.49,0,10
STU0367,CRS01,2,153.79,91.54,0,10
STU0367,CRS01,3,192.37,90.1,0,10
STU0367,CRS01,4,212.89,91.96,0,10
STU0367,CRS01,5,86.32,84.83,0,10
STU0367,CRS01,6,128.52,83.13,0,10
STU0367,CRS01,7,36.53,86.93,0,10
STU0367,CRS01,8,254.45,75.27,0,10
STU0367,CRS01,9,64.49,91.28,0,10
STU0367,CRS01,10,233.6,98.58,1,10
STU0367,CRS02,1,66.23,76.17,0,9
STU0367,CRS02,2,71.4,89.63,0,9
STU0367,CRS02,3,74.97,78.23,0,9
STU0367,CRS02,4,77.67,70.69,0,9
STU0367,CRS02,5,47.57,88.52,0,9
STU0367,CRS02,6,112.27,87.01,0,9
STU0367,CRS02,7,66.27,88.7,0,9
STU0367,CRS02,8,96.46,91.74,0,9
STU0367,CRS02,9,29.3,78.07,1,9
STU0367,CRS03,1,37.27,50.11,0,11
STU0367,CRS03,2,19.67,39.22,0,11
STU0367,CRS03,3,87.03,42.19,0,11
STU0367,CRS03,4,23.53,48.54,0,11
STU0367,CRS03,5,42.12,45.54,0,11
STU0367,CRS04,1,103.51,100.0,0,10
STU0367,CRS04,2,29.49,89.22,0,10
STU0367,CRS04,3,119.36,94.42,0,10
STU0367,CRS04,4,213.23,95.45,0,10
STU0367,CRS04,5,147.2,100.0,0,10
STU0367,CRS04,6,134.76,99.05,0,10
STU0367,CRS04,7,83.51,90.59,0,10
STU0367,CRS04,8,161.6,79.66,0,10
STU0367,CRS04,9,227.4,84.73,0,10
STU0367,CRS04,10,76.85,77.81,1,10
STU0367,CRS05,1,113.6,87.04,0,8
STU0367,CRS05,2,83.81,88.54,0,8
STU0367,CRS05,3,23.39,78.57,0,8
STU0367,CRS05,4,122.21,92.23,0,8
STU0367,CRS05,5,202.15,90.5,0,8
STU0367,CRS05,6,130.59,84.14,0,8
STU0367,CRS05,7,101.91,98.05,0,8
STU0367,CRS05,8,167.95,83.16,1,8
STU0368,CRS01,1,46.76,29.28,0,9
STU0368,CRS01,2,89.98,42.21,0,9
STU0368,CRS01,3,138.67,52.83,0,9
STU0368,CRS01,4,107.29,42.54,0,9
STU0368,CRS01,5,53.16,30.07,0,9
STU0368,CRS01,6,59.22,33.91,0,9
STU0368,CRS01,7,32.33,20.51,0,9
STU0368,CRS01,8,82.23,43.88,0,9
STU0368,CRS01,9,277.52,44.99,1,9
STU0368,CRS02,1,62.09,64.47,0,11
STU0368,CRS02,2,67.65,76.71,0,11
STU0368,CRS02,3,49.58,68.32,0,11
STU0368,CRS02,4,29.02,48.71,0,11
STU0368,CRS02,5,101.6,70.54,0,11
STU0368,CRS02,6,103.03,97.93,0,11
STU0368,CRS02,7,33.75,58.66,0,11
STU0368,CRS02,8,140.63,77.72,0,11
STU0368,CRS02,9,56.11,55.83,0,11
STU0368,CRS03,1,182.55,52.13,0,11
STU0368,CRS03,2,44.04,48.78,0,11
STU0368,CRS03,3,136.58,50.3,0,11
STU0368,CRS03,4,148.25,62.45,0,11
STU0368,CRS03,5,97.26,64.17,0,11
STU0368,CRS03,6,231.97,53.27,0,11
STU0368,CRS03,7,209.71,65.18,0,11
STU0368,CRS03,8,131.87,63.16,0,11
STU0368,CRS03,9,194.23,83.99,0,11
STU0368,CRS03,10,231.39,86.08,0,11
STU0368,CRS03,11,240.22,80.04,1,11
STU0368,CRS04,1,90.86,62.88,0,9
STU0368,CRS04,2,133.59,58.82,0,9
STU0368,CRS04,3,73.21,68.99,0,9
STU0368,CRS04,4,196.32,77.5,0,9
STU0368,CRS04,5,155.27,64.6,0,9
STU0368,CRS04,6,75.66,72.17,0,9
STU0368,CRS04,7,123.93,63.14,0,9
STU0368,CRS04,8,24.72,32.63,0,9
STU0368,CRS04,9,146.33,69.27,1,9
STU0368,CRS05,1,74.75,68.03,0,8
STU0368,CRS05,2,74.17,73.51,0,8
STU0368,CRS05,3,30.35,84.16,0,8
STU0368,CRS05,4,27.88,61.03,0,8
STU0368,CRS05,5,42.86,68.58,0,8
STU0368,CRS05,6,53.34,68.89,0,8
STU0368,CRS05,7,45.91,76.35,0,8
STU0368,CRS05,8,84.23,79.14,1,8
STU0369,CRS01,1,121.53,30.57,0,11
STU0369,CRS01,2,93.77,40.81,0,11
STU0369,CRS01,3,72.59,34.51,0,11
STU0369,CRS01,4,71.39,39.19,0,11
STU0369,CRS01,5,119.05,52.76,0,11
STU0369,CRS01,6,171.76,50.25,0,11
STU0369,CRS01,7,140.37,36.43,0,11
STU0369,CRS01,8,90.79,47.13,0,11
STU0369,CRS01,9,48.08,26.65,0,11
STU0369,CRS01,10,54.04,41.58,0,11
STU0369,CRS01,11,127.97,36.76,1,11
STU0369,CRS02,1,90.2,60.76,0,11
STU0369,CRS02,2,109.88,43.08,0,11
STU0369,CRS02,3,63.18,34.44,0,11
STU0369,CRS02,4,61.32,60.2,0,11
STU0369,CRS03,1,126.16,95.89,0,8
STU0369,CRS03,2,30.45,96.33,0,8
STU0369,CRS04,1,66.43,38.19,0,12
STU0369,CRS04,2,102.56,48.73,0,12
STU0369,CRS04,3,165.35,50.51,0,12
STU0369,CRS04,4,168.16,27.46,0,12
STU0369,CRS04,5,73.06,30.13,0,12
STU0369,CRS04,6,140.55,35.16,0,12
STU0369,CRS04,7,138.01,41.31,0,12
STU0369,CRS04,8,169.95,53.33,0,12
STU0369,CRS04,9,120.77,55.97,0,12
STU0369,CRS04,10,38.02,30.68,0,12
STU0369,CRS04,11,87.22,41.37,0,12
STU0369,CRS04,12,230.85,48.91,1,12
STU0369,CRS05,1,41.72,78.43,0,8
STU0369,CRS05,2,85.28,84.47,0,8
STU0369,CRS05,3,77.1,80.16,0,8
STU0369,CRS05,4,32.1,83.53,0,8
STU0369,CRS05,5,62.2,82.91,0,8
STU0369,CRS05,6,15.38,99.71,0,8
STU0370,CRS01,1,82.98,81.47,0,10
STU0370,CRS01,2,102.07,66.4,0,10
STU0370,CRS01,3,148.41,60.21,0,10
STU0370,CRS01,4,72.27,81.0,0,10
STU0370,CRS01,5,56.22,87.79,0,10
STU0370,CRS01,6,278.72,100.0,0,10
STU0370,CRS01,7,124.26,96.54,0,10
STU0370,CRS02,1,102.49,48.68,0,12
STU0370,CRS02,2,42.89,53.22,0,12
STU0370,CRS02,3,190.29,45.2,0,12
STU0370,CRS02,4,174.95,42.23,0,12
STU0370,CRS02,5,44.8,29.28,0,12
STU0370,CRS02,6,166.18,61.32,0,12
STU0370,CRS02,7,184.88,69.89,0,12
STU0370,CRS02,8,53.72,36.76,0,12
STU0370,CRS02,9,194.86,75.37,0,12
STU0370,CRS02,10,205.49,53.56,0,12
STU0370,CRS02,11,117.76,53.5,0,12
STU0370,CRS02,12,57.62,34.17,1,12
STU0370,CRS03,1,36.45,73.87,0,11
STU0370,CRS03,2,35.09,100.0,0,11
STU0370,CRS03,3,96.23,74.01,0,11
STU0370,CRS03,4,144.9,84.43,0,11
STU0370,CRS04,1,91.59,68.68,0,10
STU0370,CRS04,2,106.86,86.11,0,10
STU0370,CRS04,3,245.25,89.66,0,10
STU0370,CRS04,4,195.06,79.48,0,10
STU0370,CRS04,5,164.73,67.41,0,10
STU0370,CRS04,6,134.97,77.41,0,10
STU0370,CRS04,7,117.47,75.04,0,10
STU0370,CRS05,1,78.41,59.52,0,11
STU0370,CRS05,2,64.29,43.45,0,11
STU0370,CRS05,3,97.04,38.96,0,11
STU0370,CRS05,4,18.36,64.34,0,11
STU0370,CRS05,5,22.62,42.24,0,11
STU0370,CRS05,6,75.95,47.5,0,11
STU0370,CRS05,7,59.74,38.4,0,11
STU0370,CRS05,8,70.62,49.06,0,11
STU0370,CRS05,9,13.09,41.26,0,11
STU0370,CRS05,10,56.26,33.74,0,11
STU0370,CRS05,11,43.0,12.38,1,11
STU0371,CRS01,1,111.09,89.06,0,12
STU0371,CRS01,2,159.0,90.82,0,12
STU0371,CRS01,3,109.39,80.3,0,12
STU0371,CRS01,4,67.03,96.42,0,12
STU0371,CRS01,5,184.21,91.99,0,12
STU0371,CRS01,6,201.34,95.32,0,12
STU0371,CRS01,7,126.66,100.0,0,12
STU0371,CRS01,8,121.53,76.82,0,12
STU0371,CRS01,9,102.26,93.67,0,12
STU0371,CRS01,10,33.33,84.26,0,12
STU0371,CRS01,11,84.22,82.03,0,12
STU0371,CRS01,12,126.2,96.06,1,12
STU0371,CRS02,1,42.86,45.93,0,8
STU0371,CRS02,2,70.5,44.94,0,8
STU0371,CRS02,3,104.47,71.11,0,8
STU0371,CRS02,4,46.58,51.98,0,8
STU0371,CRS02,5,63.81,40.87,0,8
STU0371,CRS02,6,45.03,55.31,0,8
STU0371,CRS03,1,146.17,91.15,0,10
STU0371,CRS03,2,78.45,69.76,0,10
STU0371,CRS03,3,41.73,81.96,0,10
STU0371,CRS03,4,42.79,47.89,0,10
STU0371,CRS03,5,49.74,63.13,0,10
STU0371,CRS03,6,131.68,78.5,0,10
STU0371,CRS03,7,65.02,63.12,0,10
STU0371,CRS04,1,95.56,72.66,0,9
STU0371,CRS04,2,30.56,59.16,0,9
STU0371,CRS04,3,88.18,61.63,0,9
STU0371,CRS04,4,206.47,88.94,0,9
STU0371,CRS04,5,227.1,77.13,0,9
STU0371,CRS05,1,49.62,62.69,0,11
STU0371,CRS05,2,74.73,77.68,0,11
STU0371,CRS05,3,35.27,52.69,0,11
STU0371,CRS05,4,87.17,61.96,0,11
STU0371,CRS05,5,73.3,73.22,0,11
STU0371,CRS05,6,54.48,79.33,0,11
STU0371,CRS05,7,67.5,69.93,0,11
STU0371,CRS05,8,52.3,73.57,0,11
STU0371,CRS05,9,59.02,66.14,0,11
STU0372,CRS01,1,47.36,51.15,0,9
STU0372,CRS01,2,104.38,63.53,0,9
STU0372,CRS01,3,87.17,65.25,0,9
STU0372,CRS01,4,90.75,69.03,0,9
STU0372,CRS02,1,180.89,77.02,0,11
STU0372,CRS02,2,104.34,47.21,0,11
STU0372,CRS02,3,80.92,85.12,0,11
STU0372,CRS02,4,120.5,46.28,0,11
STU0372,CRS02,5,33.95,73.8,0,11
STU0372,CRS03,1,166.76,84.48,0,10
STU0372,CRS03,2,41.74,61.14,0,10
STU0372,CRS03,3,164.08,63.54,0,10
STU0372,CRS03,4,100.25,81.43,0,10
STU0372,CRS03,5,53.24,48.64,0,10
STU0372,CRS03,6,130.58,89.91,0,10
STU0372,CRS03,7,131.04,78.27,0,10
STU0372,CRS03,8,54.89,51.84,0,10
STU0372,CRS03,9,117.25,79.26,0,10
STU0372,CRS03,10,189.55,93.91,1,10
STU0372,CRS04,1,19.91,71.76,0,10
STU0372,CRS04,2,35.09,94.6,0,10
STU0372,CRS04,3,39.92,80.4,0,10
STU0372,CRS05,1,133.36,96.33,0,8
STU0373,CRS01,1,235.41,51.5,0,12
STU0373,CRS01,2,112.56,59.6,0,12
STU0373,CRS01,3,269.82,58.4,0,12
STU0373,CRS01,4,87.53,50.14,0,12
STU0373,CRS01,5,270.02,62.29,0,12
STU0373,CRS01,6,125.62,50.21,0,12
STU0373,CRS01,7,128.04,53.17,0,12
STU0373,CRS01,8,173.08,35.31,0,12
STU0373,CRS01,9,128.34,60.44,0,12
STU0373,CRS01,10,65.08,33.44,0,12
STU0373,CRS01,11,186.0,65.58,0,12
STU0373,CRS01,12,172.98,48.24,1,12
STU0373,CRS02,1,63.63,70.7,0,11
STU0373,CRS02,2,103.29,73.39,0,11
STU0373,CRS02,3,63.2,83.66,0,11
STU0373,CRS02,4,98.6,70.38,0,11
STU0373,CRS02,5,90.33,61.78,0,11
STU0373,CRS02,6,68.55,71.09,0,11
STU0373,CRS02,7,90.8,66.1,0,11
STU0373,CRS02,8,155.3,79.16,0,11
STU0373,CRS02,9,29.85,68.81,0,11
STU0373,CRS02,10,64.57,75.97,0,11
STU0373,CRS02,11,157.06,85.98,1,11
STU0373,CRS03,1,69.55,73.93,0,12
STU0373,CRS03,2,66.92,69.67,0,12
STU0373,CRS03,3,32.73,45.08,0,12
STU0373,CRS03,4,20.4,61.43,0,12
STU0373,CRS03,5,61.37,70.64,0,12
STU0373,CRS03,6,92.11,85.04,0,12
STU0373,CRS04,1,45.93,60.13,0,9
STU0373,CRS04,2,42.32,60.23,0,9
STU0373,CRS04,3,94.61,71.29,0,9
STU0373,CRS04,4,102.76,43.95,0,9
STU0373,CRS05,1,222.16,72.1,0,12
STU0373,CRS05,2,90.43,47.76,0,12
STU0373,CRS05,3,113.29,57.03,0,12
STU0374,CRS01,1,96.69,59.47,0,12
STU0374,CRS01,2,254.46,75.1,0,12
STU0374,CRS01,3,58.58,77.73,0,12
STU0374,CRS01,4,228.7,59.78,0,12
STU0374,CRS01,5,164.69,70.72,0,12
STU0374,CRS01,6,49.13,67.57,0,12
STU0374,CRS01,7,93.86,64.06,0,12
STU0374,CRS01,8,273.24,75.17,0,12
STU0374,CRS01,9,129.27,35.35,0,12
STU0374,CRS01,10,205.86,54.17,0,12
STU0374,CRS02,1,95.09,89.36,0,8
STU0374,CRS02,2,117.9,85.59,0,8
STU0374,CRS02,3,166.91,93.64,0,8
STU0374,CRS02,4,84.85,78.23,0,8
STU0374,CRS02,5,124.0,65.04,0,8
STU0374,CRS02,6,27.98,69.11,0,8
STU0374,CRS02,7,60.53,80.29,0,8
STU0374,CRS02,8,202.44,83.36,1,8
STU0374,CRS03,1,44.68,87.63,0,10
STU0374,CRS03,2,82.63,65.77,0,10
STU0374,CRS03,3,94.86,73.01,0,10
STU0374,CRS03,4,123.33,87.92,0,10
STU0374,CRS03,5,76.56,72.16,0,10
STU0374,CRS03,6,177.01,91.69,0,10
STU0374,CRS03,7,75.63,91.93,0,10
STU0374,CRS03,8,96.6,70.81,0,10
STU0374,CRS03,9,196.38,79.81,0,10
STU0374,CRS03,10,42.27,64.2,1,10
STU0374,CRS04,1,216.81,76.1,0,9
STU0374,CRS04,2,181.62,85.86,0,9
STU0374,CRS04,3,110.75,91.29,0,9
STU0374,CRS04,4,104.64,93.24,0,9
STU0374,CRS05,1,25.02,59.28,0,12
STU0374,CRS05,2,140.7,78.49,0,12
STU0375,CRS01,1,11.83,44.77,0,11
STU0375,CRS01,2,26.05,59.86,0,11
STU0375,CRS01,3,72.57,59.22,0,11
STU0375,CRS01,4,88.05,54.12,0,11
STU0375,CRS01,5,55.36,54.31,0,11
STU0375,CRS01,6,42.72,41.68,0,11
STU0375,CRS01,7,53.6,51.9,0,11
STU0375,CRS01,8,71.57,49.35,0,11
STU0375,CRS01,9,41.03,40.8,0,11
STU0375,CRS01,10,98.01,71.12,0,11
STU0375,CRS02,1,58.48,52.8,0,10
STU0375,CRS02,2,59.17,58.06,0,10
STU0375,CRS02,3,79.11,63.53,0,10
STU0375,CRS02,4,20.34,58.27,0,10
STU0375,CRS02,5,106.95,53.71,0,10
STU0375,CRS03,1,242.29,96.56,0,10
STU0375,CRS03,2,72.47,59.22,0,10
STU0375,CRS03,3,172.93,81.16,0,10
STU0375,CRS03,4,249.48,80.22,0,10
STU0375,CRS03,5,161.45,90.0,0,10
STU0375,CRS03,6,70.27,74.06,0,10
STU0375,CRS03,7,142.23,83.68,0,10
STU0375,CRS03,8,106.27,76.32,0,10
STU0375,CRS03,9,222.43,87.23,0,10
STU0375,CRS03,10,95.19,90.96,1,10
STU0375,CRS04,1,238.47,87.53,0,8
STU0375,CRS04,2,238.41,85.77,0,8
STU0375,CRS04,3,210.97,69.25,0,8
STU0375,CRS04,4,175.15,68.89,0,8
STU0375,CRS04,5,159.37,85.32,0,8
STU0375,CRS04,6,98.35,77.98,0,8
STU0375,CRS04,7,238.01,77.17,0,8
STU0375,CRS04,8,81.79,74.69,1,8
STU0375,CRS05,1,100.78,71.05,0,12
STU0375,CRS05,2,163.75,73.52,0,12
STU0375,CRS05,3,67.0,31.45,0,12
STU0375,CRS05,4,70.03,72.88,0,12
STU0375,CRS05,5,153.1,94.83,0,12
STU0375,CRS05,6,115.12,53.94,0,12
STU0375,CRS05,7,125.86,73.66,0,12
STU0375,CRS05,8,120.87,51.58,0,12
STU0375,CRS05,9,28.25,49.74,0,12
STU0375,CRS05,10,70.69,72.05,0,12
STU0375,CRS05,11,103.95,56.55,0,12
STU0376,CRS01,1,47.57,44.39,0,11
STU0376,CRS01,2,96.73,56.29,0,11
STU0376,CRS01,3,75.71,58.99,0,11
STU0376,CRS01,4,157.86,78.19,0,11
STU0376,CRS01,5,22.55,57.96,0,11
STU0376,CRS01,6,48.78,55.28,0,11
STU0376,CRS01,7,134.43,41.94,0,11
STU0376,CRS01,8,180.91,79.12,0,11
STU0376,CRS01,9,64.15,44.79,0,11
STU0376,CRS01,10,89.19,47.81,0,11
STU0376,CRS02,1,36.74,59.86,0,12
STU0376,CRS02,2,85.04,71.41,0,12
STU0376,CRS02,3,167.81,66.91,0,12
STU0376,CRS02,4,119.65,73.55,0,12
STU0376,CRS02,5,99.92,67.08,0,12
STU0376,CRS02,6,167.18,48.69,0,12
STU0376,CRS02,7,192.97,63.07,0,12
STU0376,CRS02,8,146.83,53.15,0,12
STU0376,CRS02,9,124.69,48.19,0,12
STU0376,CRS02,10,153.03,53.37,0,12
STU0376,CRS03,1,55.97,84.67,0,10
STU0376,CRS03,2,79.4,63.36,0,10
STU0376,CRS03,3,33.48,51.99,0,10
STU0376,CRS03,4,47.27,88.76,0,10
STU0376,CRS03,5,60.45,80.89,0,10
STU0376,CRS03,6,28.76,63.53,0,10
STU0376,CRS03,7,61.56,55.1,0,10
STU0376,CRS03,8,61.84,51.91,0,10
STU0376,CRS03,9,58.86,61.46,0,10
STU0376,CRS04,1,127.19,63.82,0,8
STU0376,CRS04,2,172.0,52.06,0,8
STU0376,CRS04,3,110.57,59.53,0,8
STU0376,CRS04,4,131.42,46.57,0,8
STU0376,CRS04,5,141.31,39.98,0,8
STU0376,CRS04,6,106.43,39.27,0,8
STU0376,CRS04,7,146.84,56.68,0,8
STU0376,CRS04,8,184.07,52.45,1,8
STU0376,CRS05,1,84.95,54.27,0,11
STU0376,CRS05,2,132.51,52.52,0,11
STU0376,CRS05,3,94.64,71.2,0,11
STU0376,CRS05,4,148.28,64.07,0,11
STU0376,CRS05,5,109.44,67.48,0,11
STU0376,CRS05,6,57.4,67.84,0,11
STU0376,CRS05,7,78.42,47.34,0,11
STU0376,CRS05,8,88.31,71.54,0,11
STU0376,CRS05,9,90.14,57.48,0,11
STU0376,CRS05,10,37.92,73.31,0,11
STU0377,CRS01,1,49.95,89.65,0,11
STU0377,CRS01,2,108.14,91.33,0,11
STU0377,CRS01,3,181.9,90.98,0,11
STU0377,CRS01,4,69.12,95.16,0,11
STU0377,CRS01,5,115.83,53.03,0,11
STU0377,CRS01,6,56.91,62.95,0,11
STU0377,CRS01,7,139.48,83.16,0,11
STU0377,CRS01,8,72.52,71.91,0,11
STU0377,CRS01,9,42.7,72.37,0,11
STU0377,CRS02,1,211.06,63.82,0,10
STU0377,CRS02,2,203.57,42.8,0,10
STU0377,CRS02,3,59.15,39.41,0,10
STU0377,CRS02,4,42.13,31.93,0,10
STU0377,CRS02,5,238.35,48.92,0,10
STU0377,CRS03,1,43.39,83.37,0,8
STU0377,CRS03,2,162.9,97.45,0,8
STU0377,CRS03,3,84.93,60.1,0,8
STU0377,CRS03,4,150.3,89.89,0,8
STU0377,CRS03,5,83.55,72.91,0,8
STU0377,CRS04,1,174.69,79.28,0,11
STU0377,CRS04,2,123.85,66.88,0,11
STU0377,CRS04,3,132.78,75.79,0,11
STU0377,CRS04,4,61.61,61.65,0,11
STU0377,CRS04,5,204.06,75.42,0,11
STU0377,CRS04,6,118.63,54.55,0,11
STU0377,CRS04,7,96.92,54.44,0,11
STU0377,CRS04,8,148.04,71.99,0,11
STU0377,CRS05,1,17.92,61.71,0,11
STU0377,CRS05,2,27.09,61.07,0,11
STU0378,CRS01,1,121.4,58.59,0,10
STU0378,CRS01,2,164.62,52.22,0,10
STU0378,CRS01,3,61.55,49.8,0,10
STU0378,CRS01,4,46.4,58.37,0,10
STU0378,CRS01,5,111.35,53.54,0,10
STU0378,CRS01,6,196.02,58.35,0,10
STU0378,CRS01,7,120.12,58.09,0,10
STU0378,CRS01,8,209.0,53.86,0,10
STU0378,CRS01,9,52.67,24.79,0,10
STU0378,CRS01,10,156.47,51.78,1,10
STU0378,CRS02,1,44.93,54.45,0,10
STU0378,CRS02,2,38.58,46.81,0,10
STU0378,CRS02,3,25.79,44.51,0,10
STU0378,CRS02,4,39.56,56.95,0,10
STU0378,CRS02,5,22.52,61.12,0,10
STU0378,CRS02,6,106.63,47.44,0,10
STU0378,CRS03,1,157.65,60.61,0,8
STU0378,CRS03,2,109.23,51.94,0,8
STU0378,CRS03,3,239.58,57.64,0,8
STU0378,CRS03,4,88.22,42.99,0,8
STU0378,CRS03,5,163.45,59.62,0,8
STU0378,CRS03,6,273.42,58.32,0,8
STU0378,CRS03,7,223.18,54.01,0,8
STU0378,CRS03,8,192.62,51.96,1,8
STU0378,CRS04,1,91.92,79.2,0,8
STU0378,CRS04,2,109.61,91.93,0,8
STU0378,CRS04,3,27.23,79.1,0,8
STU0378,CRS04,4,78.04,77.59,0,8
STU0378,CRS04,5,99.42,91.01,0,8
STU0378,CRS05,1,117.42,69.17,0,12
STU0378,CRS05,2,130.66,83.54,0,12
STU0378,CRS05,3,189.26,64.61,0,12
STU0378,CRS05,4,64.73,66.49,0,12
STU0378,CRS05,5,164.58,94.92,0,12
STU0378,CRS05,6,58.23,59.38,0,12
STU0378,CRS05,7,196.33,81.34,0,12
STU0378,CRS05,8,114.44,70.49,0,12
STU0378,CRS05,9,59.67,67.4,0,12
STU0378,CRS05,10,156.81,83.43,0,12
STU0378,CRS05,11,208.8,77.87,0,12
STU0379,CRS01,1,53.25,18.95,0,11
STU0379,CRS01,2,95.51,43.04,0,11
STU0379,CRS01,3,78.26,60.32,0,11
STU0379,CRS01,4,230.95,52.58,0,11
STU0379,CRS01,5,76.27,45.34,0,11
STU0379,CRS01,6,123.95,49.43,0,11
STU0379,CRS01,7,261.93,62.56,0,11
STU0379,CRS01,8,74.73,41.12,0,11
STU0379,CRS01,9,192.45,58.53,0,11
STU0379,CRS01,10,123.36,45.05,0,11
STU0379,CRS01,11,96.59,50.6,1,11
STU0379,CRS02,1,122.86,98.35,0,12
STU0379,CRS02,2,133.72,94.43,0,12
STU0379,CRS02,3,27.87,100.0,0,12
STU0379,CRS02,4,26.7,73.29,0,12
STU0379,CRS02,5,84.94,100.0,0,12
STU0379,CRS02,6,123.24,100.0,0,12
STU0379,CRS02,7,174.15,86.08,0,12
STU0379,CRS02,8,24.24,72.04,0,12
STU0379,CRS02,9,155.84,100.0,0,12
STU0379,CRS02,10,47.5,89.41,0,12
STU0379,CRS02,11,28.36,86.38,0,12
STU0379,CRS02,12,123.79,82.77,1,12
STU0379,CRS03,1,174.55,88.87,0,11
STU0379,CRS03,2,28.27,74.0,0,11
STU0379,CRS03,3,204.95,93.87,0,11
STU0379,CRS03,4,147.0,77.69,0,11
STU0379,CRS04,1,168.86,99.03,0,9
STU0379,CRS04,2,58.21,77.2,0,9
STU0379,CRS04,3,135.51,94.58,0,9
STU0379,CRS04,4,93.5,89.25,0,9
STU0379,CRS04,5,28.96,71.81,0,9
STU0379,CRS05,1,52.05,66.55,0,8
STU0379,CRS05,2,41.36,68.59,0,8
STU0379,CRS05,3,68.99,53.18,0,8
STU0379,CRS05,4,91.17,73.13,0,8
STU0379,CRS05,5,50.69,61.17,0,8
STU0379,CRS05,6,62.02,65.5,0,8
STU0380,CRS01,1,214.15,100.0,0,9
STU0380,CRS01,2,179.49,100.0,0,9
STU0380,CRS01,3,188.08,93.9,0,9
STU0380,CRS01,4,59.36,100.0,0,9
STU0380,CRS01,5,72.08,100.0,0,9
STU0380,CRS01,6,48.12,81.3,0,9
STU0380,CRS01,7,217.45,100.0,0,9
STU0380,CRS01,8,146.14,100.0,0,9
STU0380,CRS01,9,178.47,97.57,1,9
STU0380,CRS02,1,158.32,97.56,0,12
STU0380,CRS02,2,34.48,72.68,0,12
STU0380,CRS02,3,97.03,77.36,0,12
STU0380,CRS03,1,112.56,82.65,0,10
STU0380,CRS03,2,20.09,53.27,0,10
STU0380,CRS03,3,64.28,64.24,0,10
STU0380,CRS03,4,105.47,56.82,0,10
STU0380,CRS04,1,85.12,84.83,0,12
STU0380,CRS05,1,116.83,60.06,0,10
STU0380,CRS05,2,89.98,72.26,0,10
STU0380,CRS05,3,104.03,71.99,0,10
STU0380,CRS05,4,129.33,81.8,0,10
STU0380,CRS05,5,58.87,67.1,0,10
STU0380,CRS05,6,53.03,76.67,0,10
STU0380,CRS05,7,114.79,83.47,0,10
STU0380,CRS05,8,114.5,74.66,0,10
STU0380,CRS05,9,117.57,63.55,0,10
STU0381,CRS01,1,23.38,98.52,0,12
STU0381,CRS01,2,23.09,78.23,0,12
STU0381,CRS01,3,16.64,83.96,0,12
STU0381,CRS01,4,52.42,91.29,0,12
STU0381,CRS01,5,91.45,76.21,0,12
STU0381,CRS01,6,96.18,77.44,0,12
STU0381,CRS02,1,175.74,100.0,0,11
STU0381,CRS02,2,202.46,100.0,0,11
STU0381,CRS02,3,87.59,91.59,0,11
STU0381,CRS02,4,71.11,87.75,0,11
STU0381,CRS02,5,45.45,76.16,0,11
STU0381,CRS02,6,48.48,76.35,0,11
STU0381,CRS02,7,87.98,88.63,0,11
STU0381,CRS02,8,156.79,93.74,0,11
STU0381,CRS02,9,70.88,79.95,0,11
STU0381,CRS02,10,107.76,94.03,0,11
STU0381,CRS02,11,158.74,99.65,1,11
STU0381,CRS03,1,157.07,90.03,0,11
STU0381,CRS03,2,164.7,72.43,0,11
STU0381,CRS03,3,219.7,91.11,0,11
STU0381,CRS04,1,60.93,39.82,0,12
STU0381,CRS04,2,119.3,50.9,0,12
STU0381,CRS04,3,99.29,50.52,0,12
STU0381,CRS04,4,58.57,41.98,0,12
STU0381,CRS04,5,63.42,34.92,0,12
STU0381,CRS05,1,58.3,67.47,0,11
STU0381,CRS05,2,119.64,82.9,0,11
STU0381,CRS05,3,25.89,51.43,0,11
STU0381,CRS05,4,107.35,79.82,0,11
STU0381,CRS05,5,142.7,71.38,0,11
STU0381,CRS05,6,113.55,95.22,0,11
STU0381,CRS05,7,92.23,73.85,0,11
STU0381,CRS05,8,137.85,74.9,0,11
STU0381,CRS05,9,133.76,82.25,0,11
STU0382,CRS01,1,23.1,31.11,0,11
STU0382,CRS01,2,78.4,42.94,0,11
STU0382,CRS01,3,91.26,47.23,0,11
STU0382,CRS01,4,78.82,55.78,0,11
STU0382,CRS01,5,137.99,55.65,0,11
STU0382,CRS01,6,78.05,38.21,0,11
STU0382,CRS01,7,55.84,37.55,0,11
STU0382,CRS01,8,119.84,41.82,0,11
STU0382,CRS01,9,80.75,49.61,0,11
STU0382,CRS01,10,203.48,47.8,0,11
STU0382,CRS01,11,82.95,23.13,1,11
STU0382,CRS02,1,150.49,89.47,0,12
STU0382,CRS02,2,117.57,100.0,0,12
STU0382,CRS02,3,183.54,94.8,0,12
STU0382,CRS02,4,94.11,91.05,0,12
STU0382,CRS03,1,59.17,73.68,0,9
STU0382,CRS03,2,37.03,44.95,0,9
STU0382,CRS03,3,38.36,70.52,0,9
STU0382,CRS03,4,45.06,67.34,0,9
STU0382,CRS03,5,118.41,75.36,0,9
STU0382,CRS03,6,30.57,51.82,0,9
STU0382,CRS03,7,70.15,63.07,0,9
STU0382,CRS03,8,86.28,60.82,0,9
STU0382,CRS03,9,81.29,81.3,1,9
STU0382,CRS04,1,123.29,72.22,0,10
STU0382,CRS04,2,53.26,35.97,0,10
STU0382,CRS04,3,55.42,33.63,0,10
STU0382,CRS04,4,239.9,62.17,0,10
STU0382,CRS04,5,128.63,53.01,0,10
STU0382,CRS04,6,127.71,65.95,0,10
STU0382,CRS04,7,111.7,78.2,0,10
STU0382,CRS04,8,275.11,79.01,0,10
STU0382,CRS04,9,167.92,74.09,0,10
STU0382,CRS04,10,100.03,62.19,1,10
STU0382,CRS05,1,107.61,54.81,0,8
STU0382,CRS05,2,96.99,78.53,0,8
STU0382,CRS05,3,39.69,39.48,0,8
STU0382,CRS05,4,30.67,36.42,0,8
STU0382,CRS05,5,71.71,36.52,0,8
STU0382,CRS05,6,34.95,34.41,0,8
STU0382,CRS05,7,85.92,52.53,0,8
STU0382,CRS05,8,40.27,53.06,1,8
STU0383,CRS01,1,231.06,58.88,0,8
STU0383,CRS01,2,253.86,48.22,0,8
STU0383,CRS01,3,185.71,38.71,0,8
STU0383,CRS01,4,122.73,40.5,0,8
STU0383,CRS01,5,176.98,62.58,0,8
STU0383,CRS01,6,275.0,54.34,0,8
STU0383,CRS01,7,34.58,41.4,0,8
STU0383,CRS01,8,40.7,54.37,1,8
STU0383,CRS02,1,226.95,73.91,0,11
STU0383,CRS02,2,90.9,67.66,0,11
STU0383,CRS02,3,142.45,62.47,0,11
STU0383,CRS02,4,221.19,88.34,0,11
STU0383,CRS02,5,114.24,71.32,0,11
STU0383,CRS02,6,228.04,91.56,0,11
STU0383,CRS02,7,286.05,72.86,0,11
STU0383,CRS02,8,212.77,79.57,0,11
STU0383,CRS02,9,246.44,84.65,0,11
STU0383,CRS02,10,191.61,76.33,0,11
STU0383,CRS02,11,263.6,79.17,1,11
STU0383,CRS03,1,58.58,68.95,0,8
STU0383,CRS03,2,76.65,40.4,0,8
STU0383,CRS03,3,37.26,56.86,0,8
STU0383,CRS03,4,41.09,52.46,0,8
STU0383,CRS03,5,76.49,53.7,0,8
STU0383,CRS03,6,84.24,28.72,0,8
STU0383,CRS04,1,99.05,63.46,0,12
STU0383,CRS04,2,59.09,54.38,0,12
STU0383,CRS04,3,22.41,53.83,0,12
STU0383,CRS04,4,22.69,45.59,0,12
STU0383,CRS04,5,63.23,62.29,0,12
STU0383,CRS04,6,75.19,32.12,0,12
STU0383,CRS04,7,151.8,53.33,0,12
STU0383,CRS04,8,75.58,39.16,0,12
STU0383,CRS04,9,85.74,67.64,0,12
STU0383,CRS04,10,104.19,45.53,0,12
STU0383,CRS05,1,132.39,72.67,0,11
STU0383,CRS05,2,125.56,94.3,0,11
STU0383,CRS05,3,78.28,55.35,0,11
STU0383,CRS05,4,95.91,72.6,0,11
STU0383,CRS05,5,69.45,58.28,0,11
STU0383,CRS05,6,267.66,79.08,0,11
STU0383,CRS05,7,131.61,74.77,0,11
STU0383,CRS05,8,137.39,56.39,0,11
STU0383,CRS05,9,212.09,82.87,0,11
STU0384,CRS01,1,198.04,68.83,0,10
STU0384,CRS01,2,126.66,73.36,0,10
STU0384,CRS01,3,25.2,44.76,0,10
STU0384,CRS01,4,113.61,42.82,0,10
STU0384,CRS01,5,65.62,47.97,0,10
STU0384,CRS01,6,33.78,62.58,0,10
STU0384,CRS01,7,46.85,63.22,0,10
STU0384,CRS01,8,123.15,63.25,0,10
STU0384,CRS01,9,31.64,61.79,0,10
STU0384,CRS01,10,171.92,77.88,1,10
STU0384,CRS02,1,91.4,75.07,0,12
STU0384,CRS02,2,160.83,78.24,0,12
STU0384,CRS02,3,74.69,68.94,0,12
STU0384,CRS02,4,191.98,86.19,0,12
STU0384,CRS02,5,148.27,97.05,0,12
STU0384,CRS02,6,195.59,70.02,0,12
STU0384,CRS02,7,250.48,90.34,0,12
STU0384,CRS02,8,62.72,61.7,0,12
STU0384,CRS02,9,88.42,67.48,0,12
STU0384,CRS02,10,146.03,67.03,0,12
STU0384,CRS02,11,97.48,83.83,0,12
STU0384,CRS02,12,157.41,86.1,1,12
STU0384,CRS03,1,37.79,72.88,0,11
STU0384,CRS03,2,53.74,96.94,0,11
STU0384,CRS03,3,50.61,70.42,0,11
STU0384,CRS03,4,185.16,98.66,0,11
STU0384,CRS03,5,45.2,70.87,0,11
STU0384,CRS03,6,186.93,97.94,0,11
STU0384,CRS03,7,129.76,87.05,0,11
STU0384,CRS03,8,78.94,93.32,0,11
STU0384,CRS03,9,229.65,100.0,0,11
STU0384,CRS03,10,86.13,82.19,0,11
STU0384,CRS03,11,225.93,87.89,1,11
STU0384,CRS04,1,48.76,68.66,0,10
STU0384,CRS04,2,73.55,67.88,0,10
STU0384,CRS04,3,27.85,72.24,0,10
STU0384,CRS04,4,43.43,51.32,0,10
STU0384,CRS05,1,35.81,100.0,0,10
STU0384,CRS05,2,109.67,93.16,0,10
STU0384,CRS05,3,220.03,100.0,0,10
STU0384,CRS05,4,180.43,100.0,0,10
STU0384,CRS05,5,228.15,90.41,0,10
STU0384,CRS05,6,275.06,100.0,0,10
STU0384,CRS05,7,226.68,82.27,0,10
STU0384,CRS05,8,278.72,100.0,0,10
STU0384,CRS05,9,160.19,85.4,0,10
STU0384,CRS05,10,277.86,88.62,1,10
STU0385,CRS01,1,170.29,54.09,0,8
STU0385,CRS01,2,64.95,80.36,0,8
STU0385,CRS01,3,169.04,77.64,0,8
STU0385,CRS01,4,158.79,78.95,0,8
STU0385,CRS01,5,195.81,79.82,0,8
STU0385,CRS01,6,26.14,84.11,0,8
STU0385,CRS01,7,161.61,78.46,0,8
STU0385,CRS01,8,151.04,88.76,1,8
STU0385,CRS02,1,224.48,83.46,0,8
STU0385,CRS02,2,146.02,88.85,0,8
STU0385,CRS02,3,194.09,81.26,0,8
STU0385,CRS02,4,231.14,76.63,0,8
STU0385,CRS02,5,69.59,85.12,0,8
STU0385,CRS02,6,274.63,85.48,0,8
STU0385,CRS02,7,255.29,82.27,0,8
STU0385,CRS03,1,42.46,41.33,0,8
STU0385,CRS03,2,166.12,82.3,0,8
STU0385,CRS03,3,85.84,47.41,0,8
STU0385,CRS03,4,218.42,49.56,0,8
STU0385,CRS03,5,178.13,46.3,0,8
STU0385,CRS04,1,63.53,43.29,0,10
STU0385,CRS04,2,26.84,44.11,0,10
STU0385,CRS04,3,106.18,47.53,0,10
STU0385,CRS04,4,74.16,66.88,0,10
STU0385,CRS04,5,42.86,47.93,0,10
STU0385,CRS04,6,107.01,52.91,0,10
STU0385,CRS04,7,26.6,49.59,0,10
STU0385,CRS05,1,46.01,46.89,0,12
STU0385,CRS05,2,84.62,39.0,0,12
STU0385,CRS05,3,105.5,67.11,0,12
STU0385,CRS05,4,37.75,55.3,0,12
STU0386,CRS01,1,108.96,55.7,0,10
STU0386,CRS01,2,217.88,67.09,0,10
STU0386,CRS01,3,275.58,55.03,0,10
STU0386,CRS01,4,124.94,49.48,0,10
STU0386,CRS01,5,118.1,52.69,0,10
STU0386,CRS01,6,63.12,31.54,0,10
STU0386,CRS01,7,154.85,61.77,0,10
STU0386,CRS01,8,100.8,42.12,0,10
STU0386,CRS01,9,297.36,52.36,0,10
STU0386,CRS01,10,269.16,56.78,1,10
STU0386,CRS02,1,93.68,84.29,0,8
STU0386,CRS02,2,57.82,100.0,0,8
STU0386,CRS02,3,109.93,92.26,0,8
STU0386,CRS02,4,243.15,82.17,0,8
STU0386,CRS02,5,120.24,100.0,0,8
STU0386,CRS02,6,195.06,82.78,0,8
STU0386,CRS02,7,96.89,73.09,0,8
STU0386,CRS02,8,242.42,100.0,1,8
STU0386,CRS03,1,56.89,84.87,0,8
STU0386,CRS03,2,118.92,75.11,0,8
STU0386,CRS03,3,107.4,78.2,0,8
STU0386,CRS03,4,19.84,65.85,0,8
STU0386,CRS03,5,130.51,95.27,0,8
STU0386,CRS03,6,130.44,83.31,0,8
STU0386,CRS03,7,131.33,79.71,0,8
STU0386,CRS04,1,113.73,46.66,0,8
STU0386,CRS04,2,35.93,46.04,0,8
STU0386,CRS05,1,94.02,41.69,0,9
STU0386,CRS05,2,36.31,63.49,0,9
STU0386,CRS05,3,71.27,42.6,0,9
STU0386,CRS05,4,97.26,56.58,0,9
STU0386,CRS05,5,68.78,56.37,0,9
STU0386,CRS05,6,38.15,55.61,0,9
STU0386,CRS05,7,54.02,48.81,0,9
STU0386,CRS05,8,29.01,47.28,0,9
STU0386,CRS05,9,113.55,49.59,1,9
STU0387,CRS01,1,170.54,57.75,0,12
STU0387,CRS01,2,200.89,57.88,0,12
STU0387,CRS01,3,252.11,50.7,0,12
STU0387,CRS01,4,256.01,51.93,0,12
STU0387,CRS01,5,269.61,51.75,0,12
STU0387,CRS01,6,89.34,49.44,0,12
STU0387,CRS01,7,260.57,47.62,0,12
STU0387,CRS01,8,111.5,36.13,0,12
STU0387,CRS01,9,173.63,60.22,0,12
STU0387,CRS01,10,128.16,43.13,0,12
STU0387,CRS01,11,53.17,48.52,0,12
STU0387,CRS01,12,209.8,63.16,1,12
STU0387,CRS02,1,100.93,39.66,0,10
STU0387,CRS02,2,102.32,35.82,0,10
STU0387,CRS02,3,86.09,23.17,0,10
STU0387,CRS02,4,90.49,51.54,0,10
STU0387,CRS02,5,82.1,55.32,0,10
STU0387,CRS03,1,192.17,54.6,0,12
STU0387,CRS03,2,98.57,60.43,0,12
STU0387,CRS03,3,120.56,54.08,0,12
STU0387,CRS03,4,253.58,51.93,0,12
STU0387,CRS03,5,92.26,62.24,0,12
STU0387,CRS03,6,60.4,49.59,0,12
STU0387,CRS03,7,140.33,64.39,0,12
STU0387,CRS03,8,124.9,49.27,0,12
STU0387,CRS03,9,48.74,57.25,0,12
STU0387,CRS03,10,68.55,48.3,0,12
STU0387,CRS03,11,159.8,59.67,0,12
STU0387,CRS03,12,176.3,62.64,1,12
STU0387,CRS04,1,99.27,57.69,0,11
STU0387,CRS04,2,119.18,53.59,0,11
STU0387,CRS04,3,166.81,48.61,0,11
STU0387,CRS04,4,59.66,38.06,0,11
STU0387,CRS04,5,152.3,31.62,0,11
STU0387,CRS04,6,47.07,46.06,0,11
STU0387,CRS04,7,106.17,48.03,0,11
STU0387,CRS04,8,172.04,47.75,0,11
STU0387,CRS04,9,66.4,40.01,0,11
STU0387,CRS05,1,89.84,98.14,0,11
STU0387,CRS05,2,166.13,89.39,0,11
STU0387,CRS05,3,148.92,100.0,0,11
STU0387,CRS05,4,125.91,98.89,0,11
STU0387,CRS05,5,80.86,91.11,0,11
STU0387,CRS05,6,149.35,83.59,0,11
STU0388,CRS01,1,185.56,100.0,0,8
STU0388,CRS01,2,121.92,97.74,0,8
STU0388,CRS01,3,170.89,100.0,0,8
STU0388,CRS01,4,221.37,99.61,0,8
STU0388,CRS02,1,132.42,62.57,0,9
STU0388,CRS02,2,21.05,44.97,0,9
STU0388,CRS02,3,114.37,44.66,0,9
STU0388,CRS02,4,147.73,55.74,0,9
STU0388,CRS02,5,139.71,59.52,0,9
STU0388,CRS02,6,102.07,48.08,0,9
STU0388,CRS02,7,83.01,53.59,0,9
STU0388,CRS03,1,40.77,39.87,0,10
STU0388,CRS03,2,87.53,59.74,0,10
STU0388,CRS03,3,117.42,28.14,0,10
STU0388,CRS03,4,118.01,61.64,0,10
STU0388,CRS04,1,36.22,21.96,0,8
STU0388,CRS04,2,12.71,21.31,0,8
STU0388,CRS04,3,28.41,15.47,0,8
STU0388,CRS04,4,12.22,43.3,0,8
STU0388,CRS04,5,44.27,26.96,0,8
STU0388,CRS04,6,79.49,33.37,0,8
STU0388,CRS04,7,91.62,44.4,0,8
STU0388,CRS04,8,24.41,37.43,1,8
STU0388,CRS05,1,70.41,56.32,0,12
STU0388,CRS05,2,40.94,82.51,0,12
STU0388,CRS05,3,111.33,74.04,0,12
STU0388,CRS05,4,146.81,82.31,0,12
STU0388,CRS05,5,18.3,56.06,0,12
STU0388,CRS05,6,111.87,67.17,0,12
STU0388,CRS05,7,117.08,56.7,0,12
STU0388,CRS05,8,92.39,78.5,0,12
STU0388,CRS05,9,92.33,59.12,0,12
STU0388,CRS05,10,141.72,71.99,0,12
STU0388,CRS05,11,86.47,62.9,0,12
STU0389,CRS01,1,24.9,92.11,0,11
STU0389,CRS01,2,48.71,92.15,0,11
STU0389,CRS01,3,46.41,100.0,0,11
STU0389,CRS01,4,67.5,92.01,0,11
STU0389,CRS01,5,74.83,83.79,0,11
STU0389,CRS01,6,31.25,87.72,0,11
STU0389,CRS02,1,184.76,95.34,0,9
STU0389,CRS02,2,130.88,98.33,0,9
STU0389,CRS02,3,186.82,100.0,0,9
STU0389,CRS02,4,131.85,92.99,0,9
STU0389,CRS03,1,113.05,97.42,0,12
STU0389,CRS03,2,88.98,79.32,0,12
STU0389,CRS03,3,213.94,92.81,0,12
STU0389,CRS03,4,93.84,65.29,0,12
STU0389,CRS03,5,114.46,84.52,0,12
STU0389,CRS03,6,28.52,84.77,0,12
STU0389,CRS03,7,41.22,53.25,0,12
STU0389,CRS03,8,156.85,71.78,0,12
STU0389,CRS03,9,72.06,89.79,0,12
STU0389,CRS04,1,114.05,100.0,0,9
STU0389,CRS04,2,107.72,95.45,0,9
STU0389,CRS04,3,50.82,66.34,0,9
STU0389,CRS04,4,109.78,98.67,0,9
STU0389,CRS04,5,110.53,85.91,0,9
STU0389,CRS04,6,50.09,85.21,0,9
STU0389,CRS05,1,72.2,93.74,0,10
STU0389,CRS05,2,72.97,74.46,0,10
STU0389,CRS05,3,84.19,90.26,0,10
STU0389,CRS05,4,83.31,82.88,0,10
STU0389,CRS05,5,20.58,66.38,0,10
STU0389,CRS05,6,81.23,78.52,0,10
STU0389,CRS05,7,12.44,65.16,0,10
STU0389,CRS05,8,90.86,76.66,0,10
STU0389,CRS05,9,15.8,74.01,0,10
STU0389,CRS05,10,59.25,66.18,1,10
STU0390,CRS01,1,123.8,91.77,0,8
STU0390,CRS01,2,50.65,88.12,0,8
STU0390,CRS02,1,69.09,86.62,0,8
STU0390,CRS02,2,143.52,89.87,0,8
STU0390,CRS02,3,88.88,89.1,0,8
STU0390,CRS02,4,154.29,94.18,0,8
STU0390,CRS02,5,57.85,88.02,0,8
STU0390,CRS02,6,70.82,88.47,0,8
STU0390,CRS03,1,90.63,70.12,0,10
STU0390,CRS03,2,36.67,42.47,0,10
STU0390,CRS03,3,75.31,62.77,0,10
STU0390,CRS03,4,23.53,57.25,0,10
STU0390,CRS03,5,104.35,45.64,0,10
STU0390,CRS03,6,108.36,51.97,0,10
STU0390,CRS04,1,135.5,83.6,0,8
STU0390,CRS05,1,74.11,35.72,0,9
STU0390,CRS05,2,58.71,41.5,0,9
STU0390,CRS05,3,100.83,45.66,0,9
STU0390,CRS05,4,68.42,40.01,0,9
STU0390,CRS05,5,133.84,40.6,0,9
STU0390,CRS05,6,77.3,51.44,0,9
STU0391,CRS01,1,119.43,100.0,0,9
STU0391,CRS01,2,30.56,81.35,0,9
STU0391,CRS01,3,101.44,76.46,0,9
STU0391,CRS02,1,108.08,93.24,0,12
STU0391,CRS02,2,51.5,76.14,0,12
STU0391,CRS02,3,171.91,88.13,0,12
STU0391,CRS02,4,33.84,96.32,0,12
STU0391,CRS02,5,155.89,91.18,0,12
STU0391,CRS02,6,30.67,81.69,0,12
STU0391,CRS02,7,145.78,100.0,0,12
STU0391,CRS02,8,157.16,83.02,0,12
STU0391,CRS02,9,138.39,80.52,0,12
STU0391,CRS02,10,178.29,93.84,0,12
STU0391,CRS03,1,74.91,42.28,0,11
STU0391,CRS03,2,65.67,56.65,0,11
STU0391,CRS03,3,145.52,46.42,0,11
STU0391,CRS03,4,90.03,46.42,0,11
STU0391,CRS03,5,126.94,56.97,0,11
STU0391,CRS03,6,36.94,52.4,0,11
STU0391,CRS03,7,46.83,44.66,0,11
STU0391,CRS03,8,130.85,47.86,0,11
STU0391,CRS03,9,138.84,56.0,0,11
STU0391,CRS03,10,118.51,60.83,0,11
STU0391,CRS03,11,167.07,54.19,1,11
STU0391,CRS04,1,150.99,83.73,0,12
STU0391,CRS04,2,47.37,74.33,0,12
STU0391,CRS04,3,81.36,72.06,0,12
STU0391,CRS04,4,192.3,78.34,0,12
STU0391,CRS04,5,33.49,89.37,0,12
STU0391,CRS04,6,115.17,78.36,0,12
STU0391,CRS04,7,74.33,84.8,0,12
STU0391,CRS04,8,114.49,72.08,0,12
STU0391,CRS04,9,71.48,71.49,0,12
STU0391,CRS04,10,184.01,88.74,0,12
STU0391,CRS04,11,192.45,78.03,0,12
STU0391,CRS04,12,41.86,72.69,1,12
STU0391,CRS05,1,45.59,38.71,0,11
STU0391,CRS05,2,51.79,33.43,0,11
STU0391,CRS05,3,142.65,41.95,0,11
STU0391,CRS05,4,74.78,36.02,0,11
STU0391,CRS05,5,91.3,38.4,0,11
STU0391,CRS05,6,150.62,34.91,0,11
STU0391,CRS05,7,140.23,54.42,0,11
STU0391,CRS05,8,32.26,31.28,0,11
STU0391,CRS05,9,49.96,37.89,0,11
STU0392,CRS01,1,17.93,73.53,0,12
STU0392,CRS01,2,26.72,58.25,0,12
STU0392,CRS01,3,72.22,53.46,0,12
STU0392,CRS01,4,66.23,48.87,0,12
STU0392,CRS02,1,213.51,73.89,0,8
STU0392,CRS02,2,177.2,73.02,0,8
STU0392,CRS02,3,189.99,63.56,0,8
STU0392,CRS02,4,86.67,64.15,0,8
STU0392,CRS02,5,143.02,81.29,0,8
STU0392,CRS02,6,165.31,49.72,0,8
STU0392,CRS02,7,199.69,39.34,0,8
STU0392,CRS02,8,191.89,66.28,1,8
STU0392,CRS03,1,136.66,79.54,0,8
STU0392,CRS03,2,184.77,100.0,0,8
STU0392,CRS03,3,100.44,69.37,0,8
STU0392,CRS03,4,194.79,94.05,0,8
STU0392,CRS03,5,215.2,99.65,0,8
STU0392,CRS03,6,198.99,100.0,0,8
STU0392,CRS03,7,148.12,91.89,0,8
STU0392,CRS03,8,188.1,88.96,1,8
STU0392,CRS04,1,168.66,99.2,0,10
STU0392,CRS04,2,179.33,84.07,0,10
STU0392,CRS05,1,158.23,68.43,0,8
STU0392,CRS05,2,162.9,66.68,0,8
STU0392,CRS05,3,34.53,64.24,0,8
STU0392,CRS05,4,49.87,54.0,0,8
STU0392,CRS05,5,195.37,59.07,0,8
STU0393,CRS01,1,149.64,36.07,0,12
STU0393,CRS01,2,98.77,44.48,0,12
STU0393,CRS01,3,136.92,61.92,0,12
STU0393,CRS01,4,96.26,48.8,0,12
STU0393,CRS01,5,61.1,33.66,0,12
STU0393,CRS01,6,44.97,26.61,0,12
STU0393,CRS01,7,145.71,50.13,0,12
STU0393,CRS02,1,103.56,58.59,0,10
STU0393,CRS02,2,159.68,67.78,0,10
STU0393,CRS02,3,132.88,78.12,0,10
STU0393,CRS02,4,39.48,49.09,0,10
STU0393,CRS02,5,56.81,62.14,0,10
STU0393,CRS02,6,47.0,47.46,0,10
STU0393,CRS02,7,186.37,63.34,0,10
STU0393,CRS02,8,94.66,48.44,0,10
STU0393,CRS02,9,106.19,66.12,0,10
STU0393,CRS02,10,113.44,72.11,1,10
STU0393,CRS03,1,138.66,95.67,0,12
STU0393,CRS03,2,105.33,92.66,0,12
STU0393,CRS03,3,77.95,69.54,0,12
STU0393,CRS03,4,90.98,88.28,0,12
STU0393,CRS03,5,51.63,79.27,0,12
STU0393,CRS03,6,179.4,100.0,0,12
STU0393,CRS03,7,94.28,80.52,0,12
STU0393,CRS03,8,97.4,92.66,0,12
STU0393,CRS03,9,163.74,100.0,0,12
STU0393,CRS03,10,135.51,99.35,0,12
STU0393,CRS03,11,105.91,70.33,0,12
STU0393,CRS03,12,160.16,84.12,1,12
STU0393,CRS04,1,76.69,39.93,0,8
STU0393,CRS04,2,10.47,26.39,0,8
STU0393,CRS04,3,86.53,41.21,0,8
STU0393,CRS04,4,23.44,24.85,0,8
STU0393,CRS05,1,130.89,65.56,0,8
STU0393,CRS05,2,52.07,84.63,0,8
STU0393,CRS05,3,113.4,60.41,0,8
STU0393,CRS05,4,134.41,75.36,0,8
STU0393,CRS05,5,178.95,88.42,0,8
STU0393,CRS05,6,162.61,87.11,0,8
STU0394,CRS01,1,42.68,57.9,0,11
STU0394,CRS01,2,181.73,67.16,0,11
STU0394,CRS01,3,26.61,56.13,0,11
STU0394,CRS01,4,27.58,59.41,0,11
STU0394,CRS01,5,100.74,68.45,0,11
STU0394,CRS01,6,68.75,57.09,0,11
STU0394,CRS01,7,145.35,73.47,0,11
STU0394,CRS01,8,174.37,81.83,0,11
STU0394,CRS01,9,115.6,59.58,0,11
STU0394,CRS01,10,97.9,70.74,0,11
STU0394,CRS01,11,42.84,58.79,1,11
STU0394,CRS02,1,20.37,58.27,0,8
STU0394,CRS02,2,85.39,72.1,0,8
STU0394,CRS02,3,102.8,59.93,0,8
STU0394,CRS02,4,30.88,47.66,0,8
STU0394,CRS03,1,63.42,89.37,0,11
STU0394,CRS03,2,64.37,98.47,0,11
STU0394,CRS03,3,205.05,98.09,0,11
STU0394,CRS03,4,140.9,89.27,0,11
STU0394,CRS03,5,29.64,92.71,0,11
STU0394,CRS03,6,190.46,100.0,0,11
STU0394,CRS03,7,150.68,86.71,0,11
STU0394,CRS03,8,183.34,100.0,0,11
STU0394,CRS03,9,222.12,99.34,0,11
STU0394,CRS03,10,207.33,96.09,0,11
STU0394,CRS03,11,68.52,89.9,1,11
STU0394,CRS04,1,154.05,97.3,0,9
STU0394,CRS04,2,30.03,81.13,0,9
STU0394,CRS04,3,31.0,84.98,0,9
STU0394,CRS04,4,168.73,91.05,0,9
STU0394,CRS04,5,172.71,100.0,0,9
STU0394,CRS04,6,43.76,79.75,0,9
STU0394,CRS04,7,85.69,84.47,0,9
STU0394,CRS04,8,154.3,95.02,0,9
STU0394,CRS04,9,192.59,89.18,1,9
STU0394,CRS05,1,111.9,100.0,0,12
STU0394,CRS05,2,80.17,100.0,0,12
STU0394,CRS05,3,132.4,100.0,0,12
STU0394,CRS05,4,175.03,100.0,0,12
STU0394,CRS05,5,103.98,90.99,0,12
STU0394,CRS05,6,168.85,94.25,0,12
STU0394,CRS05,7,85.97,98.75,0,12
STU0394,CRS05,8,171.62,99.13,0,12
STU0394,CRS05,9,29.87,66.99,0,12
STU0394,CRS05,10,160.19,100.0,0,12
STU0394,CRS05,11,108.7,94.59,0,12
STU0394,CRS05,12,171.49,95.48,1,12
STU0395,CRS01,1,213.05,70.91,0,10
STU0395,CRS01,2,134.12,45.97,0,10
STU0395,CRS01,3,156.34,64.24,0,10
STU0395,CRS01,4,90.98,59.64,0,10
STU0395,CRS02,1,134.18,60.96,0,12
STU0395,CRS02,2,69.54,45.84,0,12
STU0395,CRS02,3,115.7,59.71,0,12
STU0395,CRS02,4,178.62,53.19,0,12
STU0395,CRS02,5,49.96,45.11,0,12
STU0395,CRS02,6,101.88,71.79,0,12
STU0395,CRS02,7,217.89,47.26,0,12
STU0395,CRS02,8,195.28,46.11,0,12
STU0395,CRS02,9,114.99,44.46,0,12
STU0395,CRS02,10,45.96,59.89,0,12
STU0395,CRS02,11,188.16,45.91,0,12
STU0395,CRS02,12,94.8,48.68,1,12
STU0395,CRS03,1,91.5,58.76,0,12
STU0395,CRS03,2,108.54,60.32,0,12
STU0395,CRS03,3,78.77,51.89,0,12
STU0395,CRS03,4,168.71,63.25,0,12
STU0395,CRS03,5,129.59,56.13,0,12
STU0395,CRS03,6,150.83,54.46,0,12
STU0395,CRS03,7,96.82,62.0,0,12
STU0395,CRS04,1,57.38,68.81,0,8
STU0395,CRS04,2,69.12,68.2,0,8
STU0395,CRS04,3,222.48,100.0,0,8
STU0395,CRS04,4,220.47,83.12,0,8
STU0395,CRS04,5,149.57,76.32,0,8
STU0395,CRS04,6,105.0,70.39,0,8
STU0395,CRS05,1,100.85,56.75,0,12
STU0395,CRS05,2,175.55,82.97,0,12
STU0395,CRS05,3,50.51,77.41,0,12
STU0395,CRS05,4,44.15,70.03,0,12
STU0395,CRS05,5,31.64,73.6,0,12
STU0395,CRS05,6,100.91,70.49,0,12
STU0395,CRS05,7,206.27,83.32,0,12
STU0395,CRS05,8,37.54,62.68,0,12
STU0395,CRS05,9,210.31,72.94,0,12
STU0395,CRS05,10,56.5,72.2,0,12
STU0395,CRS05,11,59.15,68.66,0,12
STU0396,CRS01,1,69.37,54.97,0,9
STU0396,CRS01,2,129.8,65.54,0,9
STU0396,CRS01,3,63.16,44.25,0,9
STU0396,CRS01,4,50.01,56.95,0,9
STU0396,CRS01,5,85.4,54.03,0,9
STU0396,CRS01,6,75.69,36.87,0,9
STU0396,CRS01,7,102.12,68.59,0,9
STU0396,CRS01,8,153.58,63.52,0,9
STU0396,CRS01,9,116.82,73.28,1,9
STU0396,CRS02,1,120.33,61.58,0,11
STU0396,CRS02,2,183.04,63.01,0,11
STU0396,CRS02,3,32.69,48.22,0,11
STU0396,CRS02,4,22.97,27.26,0,11
STU0396,CRS02,5,107.44,45.02,0,11
STU0396,CRS02,6,38.25,49.1,0,11
STU0396,CRS02,7,94.23,42.01,0,11
STU0396,CRS02,8,44.9,21.59,0,11
STU0396,CRS02,9,63.69,36.36,0,11
STU0396,CRS02,10,124.65,40.66,0,11
STU0396,CRS02,11,207.84,39.63,1,11
STU0396,CRS03,1,183.63,100.0,0,11
STU0396,CRS03,2,155.25,100.0,0,11
STU0396,CRS03,3,203.11,100.0,0,11
STU0396,CRS03,4,229.18,96.27,0,11
STU0396,CRS04,1,38.48,97.83,0,11
STU0396,CRS04,2,30.46,100.0,0,11
STU0396,CRS04,3,68.85,95.93,0,11
STU0396,CRS04,4,52.49,97.39,0,11
STU0396,CRS04,5,41.0,83.97,0,11
STU0396,CRS04,6,87.2,100.0,0,11
STU0396,CRS04,7,29.15,86.08,0,11
STU0396,CRS05,1,24.91,2.84,0,8
STU0396,CRS05,2,76.03,34.91,0,8
STU0396,CRS05,3,47.78,46.33,0,8
STU0396,CRS05,4,88.06,23.53,0,8
STU0396,CRS05,5,96.58,47.67,0,8
STU0396,CRS05,6,98.51,28.71,0,8
STU0396,CRS05,7,41.81,26.29,0,8
STU0397,CRS01,1,127.46,71.92,0,10
STU0397,CRS01,2,156.31,90.81,0,10
STU0397,CRS01,3,28.52,83.35,0,10
STU0397,CRS01,4,37.95,63.83,0,10
STU0397,CRS01,5,107.94,79.04,0,10
STU0397,CRS01,6,163.08,97.05,0,10
STU0397,CRS02,1,27.6,77.07,0,9
STU0397,CRS02,2,151.24,100.0,0,9
STU0397,CRS02,3,147.57,84.15,0,9
STU0397,CRS02,4,73.72,82.5,0,9
STU0397,CRS02,5,28.68,95.31,0,9
STU0397,CRS02,6,143.38,82.06,0,9
STU0397,CRS02,7,93.48,81.96,0,9
STU0397,CRS02,8,28.08,67.53,0,9
STU0397,CRS02,9,126.97,89.4,1,9
STU0397,CRS03,1,110.81,50.67,0,11
STU0397,CRS03,2,107.6,49.25,0,11
STU0397,CRS03,3,128.85,30.47,0,11
STU0397,CRS03,4,73.66,64.65,0,11
STU0397,CRS03,5,225.33,74.16,0,11
STU0397,CRS03,6,158.86,54.87,0,11
STU0397,CRS03,7,175.63,62.11,0,11
STU0397,CRS03,8,208.43,59.2,0,11
STU0397,CRS03,9,30.05,47.69,0,11
STU0397,CRS03,10,204.93,54.26,0,11
STU0397,CRS03,11,184.92,59.21,1,11
STU0397,CRS04,1,72.81,50.88,0,8
STU0397,CRS04,2,40.55,58.68,0,8
STU0397,CRS04,3,134.91,52.09,0,8
STU0397,CRS04,4,96.91,69.06,0,8
STU0397,CRS04,5,153.42,80.18,0,8
STU0397,CRS05,1,89.41,42.69,0,8
STU0397,CRS05,2,31.31,37.9,0,8
STU0397,CRS05,3,151.68,62.93,0,8
STU0397,CRS05,4,99.53,52.2,0,8
STU0397,CRS05,5,88.19,30.67,0,8
STU0397,CRS05,6,88.96,44.38,0,8
STU0397,CRS05,7,175.58,69.58,0,8
STU0397,CRS05,8,261.51,40.81,1,8
STU0398,CRS01,1,19.41,32.71,0,12
STU0398,CRS01,2,120.42,25.16,0,12
STU0398,CRS02,1,95.33,45.46,0,8
STU0398,CRS02,2,114.63,60.61,0,8
STU0398,CRS02,3,165.58,90.97,0,8
STU0398,CRS02,4,44.71,59.69,0,8
STU0398,CRS02,5,129.2,67.89,0,8
STU0398,CRS03,1,23.63,64.66,0,11
STU0398,CRS03,2,142.12,78.87,0,11
STU0398,CRS03,3,45.84,59.23,0,11
STU0398,CRS03,4,151.29,100.0,0,11
STU0398,CRS03,5,120.62,62.37,0,11
STU0398,CRS03,6,56.37,65.3,0,11
STU0398,CRS03,7,134.09,82.55,0,11
STU0398,CRS04,1,102.84,62.08,0,8
STU0398,CRS04,2,42.68,42.57,0,8
STU0398,CRS04,3,84.06,23.73,0,8
STU0398,CRS04,4,37.39,45.24,0,8
STU0398,CRS04,5,101.41,45.26,0,8
STU0398,CRS04,6,37.31,39.99,0,8
STU0398,CRS04,7,86.84,42.66,0,8
STU0398,CRS04,8,94.93,64.38,1,8
STU0398,CRS05,1,61.13,100.0,0,8
STU0398,CRS05,2,161.12,95.04,0,8
STU0398,CRS05,3,131.17,95.68,0,8
STU0398,CRS05,4,132.69,96.77,0,8
STU0398,CRS05,5,203.25,100.0,0,8
STU0398,CRS05,6,126.74,100.0,0,8
STU0399,CRS01,1,132.1,47.46,0,10
STU0399,CRS01,2,163.8,47.17,0,10
STU0399,CRS01,3,23.39,27.32,0,10
STU0399,CRS01,4,57.73,47.63,0,10
STU0399,CRS01,5,44.47,45.37,0,10
STU0399,CRS01,6,157.34,44.2,0,10
STU0399,CRS01,7,205.99,41.93,0,10
STU0399,CRS02,1,36.82,38.77,0,10
STU0399,CRS02,2,42.06,21.54,0,10
STU0399,CRS02,3,18.49,28.09,0,10
STU0399,CRS02,4,42.09,34.05,0,10
STU0399,CRS02,5,86.52,47.92,0,10
STU0399,CRS02,6,52.44,48.64,0,10
STU0399,CRS02,7,60.72,25.89,0,10
STU0399,CRS02,8,56.63,30.75,0,10
STU0399,CRS03,1,99.79,100.0,0,10
STU0399,CRS03,2,54.24,88.95,0,10
STU0399,CRS03,3,74.79,93.23,0,10
STU0399,CRS03,4,103.16,91.95,0,10
STU0399,CRS03,5,101.25,68.46,0,10
STU0399,CRS03,6,48.93,62.21,0,10
STU0399,CRS03,7,208.16,94.76,0,10
STU0399,CRS03,8,210.3,100.0,0,10
STU0399,CRS04,1,166.78,100.0,0,11
STU0399,CRS04,2,176.59,78.08,0,11
STU0399,CRS04,3,80.87,87.09,0,11
STU0399,CRS04,4,90.32,83.74,0,11
STU0399,CRS04,5,249.3,100.0,0,11
STU0399,CRS04,6,80.26,85.36,0,11
STU0399,CRS04,7,75.4,87.28,0,11
STU0399,CRS04,8,190.98,97.5,0,11
STU0399,CRS04,9,175.0,92.65,0,11
STU0399,CRS04,10,153.51,84.78,0,11
STU0399,CRS04,11,112.64,76.45,1,11
STU0399,CRS05,1,26.11,68.97,0,11
STU0399,CRS05,2,42.67,61.81,0,11
STU0399,CRS05,3,60.15,67.25,0,11
STU0399,CRS05,4,10.74,59.44,0,11
STU0400,CRS01,1,70.88,57.72,0,10
STU0400,CRS01,2,67.42,48.57,0,10
STU0400,CRS01,3,198.04,52.71,0,10
STU0400,CRS01,4,90.4,34.19,0,10
STU0400,CRS01,5,83.5,47.18,0,10
STU0400,CRS01,6,47.84,48.64,0,10
STU0400,CRS01,7,46.42,47.85,0,10
STU0400,CRS01,8,171.25,42.72,0,10
STU0400,CRS01,9,39.1,46.37,0,10
STU0400,CRS01,10,206.46,45.33,1,10
STU0400,CRS02,1,140.51,53.01,0,8
STU0400,CRS02,2,113.32,65.38,0,8
STU0400,CRS02,3,214.01,57.86,0,8
STU0400,CRS02,4,161.14,55.49,0,8
STU0400,CRS02,5,227.68,59.0,0,8
STU0400,CRS02,6,106.7,30.22,0,8
STU0400,CRS02,7,190.64,64.39,0,8
STU0400,CRS02,8,206.07,62.62,1,8
STU0400,CRS03,1,173.18,69.9,0,12
STU0400,CRS03,2,200.43,80.37,0,12
STU0400,CRS04,1,222.91,100.0,0,12
STU0400,CRS04,2,212.79,93.35,0,12
STU0400,CRS04,3,260.43,97.05,0,12
STU0400,CRS04,4,210.33,100.0,0,12
STU0400,CRS04,5,86.79,99.56,0,12
STU0400,CRS04,6,242.58,100.0,0,12
STU0400,CRS04,7,58.02,97.53,0,12
STU0400,CRS04,8,130.64,93.08,0,12
STU0400,CRS04,9,213.87,100.0,0,12
STU0400,CRS04,10,58.77,88.28,0,12
STU0400,CRS04,11,100.38,91.61,0,12
STU0400,CRS04,12,124.85,77.52,1,12
STU0400,CRS05,1,153.16,52.77,0,8
STU0400,CRS05,2,125.62,73.73,0,8
STU0401,CRS01,1,152.98,97.53,0,8
STU0401,CRS01,2,203.98,100.0,0,8
STU0401,CRS01,3,197.06,100.0,0,8
STU0401,CRS01,4,122.83,81.56,0,8
STU0401,CRS01,5,213.07,88.95,0,8
STU0401,CRS01,6,92.64,72.04,0,8
STU0401,CRS01,7,35.64,98.37,0,8
STU0401,CRS02,1,16.84,67.45,0,12
STU0401,CRS02,2,15.16,54.47,0,12
STU0401,CRS02,3,15.29,91.49,0,12
STU0401,CRS02,4,122.46,54.93,0,12
STU0401,CRS03,1,125.58,66.25,0,9
STU0401,CRS03,2,57.47,60.92,0,9
STU0401,CRS03,3,41.05,81.79,0,9
STU0401,CRS03,4,48.42,81.44,0,9
STU0401,CRS03,5,129.66,66.94,0,9
STU0401,CRS03,6,35.44,76.04,0,9
STU0401,CRS03,7,82.24,67.36,0,9
STU0401,CRS04,1,39.19,92.85,0,11
STU0401,CRS04,2,85.69,80.51,0,11
STU0401,CRS04,3,84.12,100.0,0,11
STU0401,CRS04,4,57.96,63.32,0,11
STU0401,CRS04,5,40.01,73.28,0,11
STU0401,CRS05,1,207.75,100.0,0,10
STU0401,CRS05,2,50.94,76.03,0,10
STU0401,CRS05,3,121.34,79.99,0,10
STU0401,CRS05,4,235.34,100.0,0,10
STU0401,CRS05,5,78.17,100.0,0,10
STU0401,CRS05,6,158.28,92.55,0,10
STU0401,CRS05,7,136.1,91.68,0,10
STU0401,CRS05,8,172.37,100.0,0,10
STU0401,CRS05,9,244.34,92.09,0,10
STU0401,CRS05,10,86.76,86.0,1,10
STU0402,CRS01,1,23.56,71.02,0,11
STU0402,CRS01,2,87.27,51.01,0,11
STU0402,CRS01,3,127.91,68.18,0,11
STU0402,CRS01,4,30.54,56.11,0,11
STU0402,CRS01,5,111.54,66.0,0,11
STU0402,CRS01,6,105.68,77.6,0,11
STU0402,CRS01,7,91.68,65.59,0,11
STU0402,CRS01,8,24.47,50.44,0,11
STU0402,CRS01,9,36.97,75.81,0,11
STU0402,CRS02,1,16.5,62.11,0,11
STU0402,CRS02,2,55.86,51.02,0,11
STU0402,CRS02,3,82.36,69.16,0,11
STU0402,CRS02,4,58.13,42.58,0,11
STU0402,CRS02,5,124.39,62.43,0,11
STU0402,CRS03,1,139.79,64.76,0,8
STU0402,CRS03,2,171.16,74.14,0,8
STU0402,CRS03,3,138.77,54.69,0,8
STU0402,CRS03,4,33.14,49.43,0,8
STU0402,CRS03,5,93.88,19.7,0,8
STU0402,CRS03,6,147.85,53.34,0,8
STU0402,CRS03,7,167.96,65.78,0,8
STU0402,CRS04,1,172.56,98.73,0,8
STU0402,CRS04,2,113.62,69.76,0,8
STU0402,CRS04,3,71.35,84.43,0,8
STU0402,CRS05,1,39.85,70.63,0,11
STU0402,CRS05,2,12.43,62.91,0,11
STU0403,CRS01,1,56.97,39.34,0,10
STU0403,CRS01,2,34.26,42.4,0,10
STU0403,CRS01,3,77.97,46.92,0,10
STU0403,CRS01,4,44.01,51.3,0,10
STU0403,CRS01,5,73.93,61.65,0,10
STU0403,CRS01,6,115.71,54.81,0,10
STU0403,CRS02,1,26.03,69.92,0,10
STU0403,CRS02,2,44.27,62.26,0,10
STU0403,CRS02,3,81.55,80.03,0,10
STU0403,CRS02,4,184.91,89.49,0,10
STU0403,CRS02,5,179.27,95.48,0,10
STU0403,CRS02,6,71.26,63.43,0,10
STU0403,CRS02,7,43.95,67.09,0,10
STU0403,CRS02,8,142.32,80.47,0,10
STU0403,CRS02,9,113.0,71.94,0,10
STU0403,CRS02,10,181.3,71.16,1,10
STU0403,CRS03,1,186.27,89.28,0,11
STU0403,CRS03,2,194.57,100.0,0,11
STU0403,CRS03,3,192.24,78.15,0,11
STU0403,CRS03,4,225.61,76.92,0,11
STU0403,CRS03,5,80.19,76.81,0,11
STU0403,CRS03,6,133.5,86.68,0,11
STU0403,CRS03,7,76.77,81.02,0,11
STU0403,CRS03,8,81.79,59.5,0,11
STU0403,CRS03,9,280.0,88.15,0,11
STU0403,CRS03,10,221.9,59.38,0,11
STU0403,CRS03,11,220.06,85.59,1,11
STU0403,CRS04,1,21.55,71.08,0,12
STU0403,CRS04,2,68.48,87.22,0,12
STU0403,CRS04,3,115.36,94.12,0,12
STU0403,CRS04,4,31.23,80.32,0,12
STU0403,CRS04,5,51.64,88.5,0,12
STU0403,CRS04,6,70.32,88.49,0,12
STU0403,CRS04,7,126.76,100.0,0,12
STU0403,CRS04,8,143.11,100.0,0,12
STU0403,CRS04,9,55.58,78.66,0,12
STU0403,CRS05,1,21.24,39.29,0,12
STU0404,CRS01,1,174.73,85.25,0,12
STU0404,CRS01,2,114.98,79.35,0,12
STU0404,CRS01,3,190.42,100.0,0,12
STU0404,CRS01,4,208.25,75.4,0,12
STU0404,CRS01,5,84.36,57.32,0,12
STU0404,CRS01,6,197.12,90.6,0,12
STU0404,CRS01,7,95.09,69.48,0,12
STU0404,CRS02,1,185.01,55.35,0,12
STU0404,CRS02,2,35.1,37.92,0,12
STU0404,CRS02,3,229.96,68.25,0,12
STU0404,CRS03,1,195.29,100.0,0,10
STU0404,CRS03,2,222.54,100.0,0,10
STU0404,CRS03,3,154.01,97.75,0,10
STU0404,CRS03,4,80.94,100.0,0,10
STU0404,CRS03,5,157.75,99.69,0,10
STU0404,CRS03,6,198.81,100.0,0,10
STU0404,CRS03,7,179.27,93.99,0,10
STU0404,CRS03,8,167.93,100.0,0,10
STU0404,CRS03,9,156.44,97.72,0,10
STU0404,CRS03,10,117.1,94.6,1,10
STU0404,CRS04,1,23.98,65.5,0,12
STU0404,CRS04,2,39.85,82.94,0,12
STU0404,CRS04,3,72.16,66.4,0,12
STU0404,CRS05,1,45.85,45.27,0,12
STU0404,CRS05,2,238.69,86.1,0,12
STU0404,CRS05,3,236.02,82.01,0,12
STU0404,CRS05,4,134.93,77.98,0,12
STU0404,CRS05,5,30.07,59.7,0,12
STU0404,CRS05,6,36.55,54.74,0,12
STU0404,CRS05,7,235.8,61.77,0,12
STU0404,CRS05,8,167.72,72.53,0,12
STU0404,CRS05,9,56.63,44.22,0,12
STU0404,CRS05,10,53.07,63.18,0,12
STU0404,CRS05,11,94.31,63.28,0,12
STU0404,CRS05,12,110.79,54.27,1,12
STU0405,CRS01,1,187.15,100.0,0,10
STU0405,CRS01,2,201.68,100.0,0,10
STU0405,CRS01,3,190.16,82.29,0,10
STU0405,CRS01,4,207.85,97.73,0,10
STU0405,CRS01,5,217.86,100.0,0,10
STU0405,CRS01,6,105.83,84.95,0,10
STU0405,CRS01,7,148.12,99.3,0,10
STU0405,CRS01,8,91.41,95.18,0,10
STU0405,CRS01,9,104.68,85.97,0,10
STU0405,CRS01,10,273.55,90.8,1,10
STU0405,CRS02,1,37.81,34.48,0,12
STU0405,CRS02,2,99.49,46.44,0,12
STU0405,CRS02,3,81.34,36.37,0,12
STU0405,CRS02,4,94.63,57.24,0,12
STU0405,CRS02,5,118.01,40.54,0,12
STU0405,CRS02,6,114.89,33.67,0,12
STU0405,CRS02,7,99.5,52.62,0,12
STU0405,CRS02,8,93.75,33.27,0,12
STU0405,CRS02,9,149.31,36.35,0,12
STU0405,CRS02,10,89.78,38.06,0,12
STU0405,CRS02,11,18.45,42.52,0,12
STU0405,CRS02,12,103.14,31.94,1,12
STU0405,CRS03,1,23.01,39.28,0,11
STU0405,CRS03,2,72.5,66.69,0,11
STU0405,CRS03,3,136.1,55.33,0,11
STU0405,CRS03,4,148.84,65.62,0,11
STU0405,CRS03,5,136.16,57.28,0,11
STU0405,CRS03,6,97.13,55.03,0,11
STU0405,CRS03,7,151.15,78.51,0,11
STU0405,CRS04,1,120.63,100.0,0,12
STU0405,CRS04,2,90.31,81.49,0,12
STU0405,CRS04,3,95.22,84.84,0,12
STU0405,CRS04,4,31.97,79.87,0,12
STU0405,CRS04,5,181.76,85.79,0,12
STU0405,CRS04,6,63.99,87.43,0,12
STU0405,CRS04,7,172.92,88.03,0,12
STU0405,CRS04,8,70.35,70.1,0,12
STU0405,CRS04,9,78.87,95.87,0,12
STU0405,CRS04,10,130.27,95.01,0,12
STU0405,CRS04,11,202.03,100.0,0,12
STU0405,CRS04,12,165.24,89.15,1,12
STU0405,CRS05,1,158.6,79.83,0,12
STU0405,CRS05,2,120.69,54.9,0,12
STU0405,CRS05,3,247.12,72.18,0,12
STU0405,CRS05,4,59.63,46.98,0,12
STU0405,CRS05,5,133.04,63.39,0,12
STU0405,CRS05,6,72.91,65.19,0,12
STU0405,CRS05,7,94.26,81.37,0,12
STU0405,CRS05,8,142.76,69.72,0,12
STU0405,CRS05,9,164.89,74.03,0,12
STU0405,CRS05,10,79.36,85.41,0,12
STU0405,CRS05,11,262.1,56.42,0,12
STU0405,CRS05,12,150.98,48.39,1,12
STU0406,CRS01,1,57.39,66.48,0,12
STU0406,CRS01,2,187.49,72.7,0,12
STU0406,CRS01,3,164.64,72.03,0,12
STU0406,CRS01,4,204.84,73.21,0,12
STU0406,CRS01,5,116.62,77.35,0,12
STU0406,CRS01,6,237.23,46.72,0,12
STU0406,CRS01,7,85.94,57.81,0,12
STU0406,CRS01,8,46.07,58.67,0,12
STU0406,CRS01,9,37.36,56.02,0,12
STU0406,CRS01,10,229.08,58.74,0,12
STU0406,CRS01,11,106.91,50.35,0,12
STU0406,CRS01,12,144.04,63.04,1,12
STU0406,CRS02,1,21.71,30.88,0,9
STU0406,CRS02,2,18.02,41.56,0,9
STU0406,CRS02,3,102.65,48.05,0,9
STU0406,CRS02,4,94.99,45.93,0,9
STU0406,CRS03,1,34.68,45.27,0,11
STU0406,CRS03,2,193.69,64.71,0,11
STU0406,CRS03,3,78.54,72.4,0,11
STU0406,CRS03,4,252.4,88.1,0,11
STU0406,CRS03,5,207.75,82.74,0,11
STU0406,CRS03,6,94.72,67.64,0,11
STU0406,CRS03,7,241.11,77.39,0,11
STU0406,CRS03,8,231.31,74.9,0,11
STU0406,CRS03,9,136.41,67.73,0,11
STU0406,CRS03,10,45.67,50.25,0,11
STU0406,CRS04,1,51.9,67.78,0,12
STU0406,CRS04,2,34.18,63.74,0,12
STU0406,CRS04,3,12.91,64.45,0,12
STU0406,CRS04,4,68.42,58.73,0,12
STU0406,CRS05,1,182.91,86.96,0,12
STU0406,CRS05,2,191.21,89.09,0,12
STU0406,CRS05,3,43.4,85.49,0,12
STU0406,CRS05,4,84.66,66.75,0,12
STU0406,CRS05,5,91.54,82.9,0,12
STU0406,CRS05,6,111.71,59.2,0,12
STU0406,CRS05,7,128.13,74.29,0,12
STU0406,CRS05,8,159.21,74.71,0,12
STU0406,CRS05,9,147.21,83.2,0,12
STU0406,CRS05,10,72.26,87.38,0,12
STU0406,CRS05,11,75.75,48.57,0,12
STU0406,CRS05,12,224.21,100.0,1,12
STU0407,CRS01,1,64.67,91.19,0,12
STU0407,CRS01,2,117.87,99.71,0,12
STU0407,CRS01,3,165.69,100.0,0,12
STU0407,CRS01,4,33.26,73.88,0,12
STU0407,CRS01,5,192.99,91.11,0,12
STU0407,CRS01,6,37.35,69.9,0,12
STU0407,CRS02,1,54.16,64.34,0,9
STU0407,CRS02,2,17.57,53.75,0,9
STU0407,CRS02,3,70.11,46.8,0,9
STU0407,CRS02,4,33.39,46.06,0,9
STU0407,CRS02,5,29.06,69.93,0,9
STU0407,CRS02,6,94.89,64.38,0,9
STU0407,CRS02,7,86.61,42.52,0,9
STU0407,CRS02,8,80.17,42.1,0,9
STU0407,CRS02,9,23.82,61.36,1,9
STU0407,CRS03,1,31.66,95.74,0,12
STU0407,CRS03,2,48.47,88.4,0,12
STU0407,CRS03,3,73.35,86.78,0,12
STU0407,CRS03,4,23.9,82.78,0,12
STU0407,CRS03,5,41.42,85.31,0,12
STU0407,CRS04,1,150.69,95.73,0,8
STU0407,CRS04,2,171.61,95.76,0,8
STU0407,CRS04,3,78.67,100.0,0,8
STU0407,CRS04,4,107.85,88.5,0,8
STU0407,CRS04,5,147.02,100.0,0,8
STU0407,CRS04,6,143.39,100.0,0,8
STU0407,CRS04,7,222.89,100.0,0,8
STU0407,CRS04,8,45.6,78.32,1,8
STU0407,CRS05,1,108.52,97.31,0,11
STU0407,CRS05,2,100.37,94.28,0,11
STU0407,CRS05,3,42.13,68.36,0,11
STU0408,CRS01,1,74.36,49.72,0,10
STU0408,CRS01,2,106.29,52.79,0,10
STU0408,CRS01,3,18.87,51.72,0,10
STU0408,CRS01,4,73.61,50.91,0,10
STU0408,CRS01,5,41.92,49.47,0,10
STU0408,CRS01,6,107.81,61.14,0,10
STU0408,CRS01,7,17.54,41.14,0,10
STU0408,CRS01,8,115.77,45.94,0,10
STU0408,CRS01,9,107.2,64.53,0,10
STU0408,CRS01,10,54.22,43.88,1,10
STU0408,CRS02,1,69.41,58.13,0,9
STU0408,CRS02,2,52.4,39.91,0,9
STU0408,CRS02,3,111.12,54.7,0,9
STU0408,CRS02,4,100.95,46.81,0,9
STU0408,CRS03,1,15.42,39.46,0,12
STU0408,CRS03,2,40.55,36.8,0,12
STU0408,CRS03,3,75.61,57.49,0,12
STU0408,CRS04,1,220.11,53.1,0,8
STU0408,CRS04,2,150.74,77.34,0,8
STU0408,CRS04,3,156.02,48.93,0,8
STU0408,CRS04,4,149.43,48.35,0,8
STU0408,CRS04,5,201.08,73.61,0,8
STU0408,CRS04,6,256.61,45.99,0,8
STU0408,CRS04,7,297.44,73.69,0,8
STU0408,CRS04,8,135.92,55.72,1,8
STU0408,CRS05,1,147.04,100.0,0,10
STU0408,CRS05,2,137.64,93.52,0,10
STU0408,CRS05,3,114.99,88.3,0,10
STU0408,CRS05,4,119.81,88.54,0,10
STU0408,CRS05,5,201.53,84.06,0,10
STU0408,CRS05,6,82.28,76.48,0,10
STU0408,CRS05,7,113.99,74.18,0,10
STU0408,CRS05,8,151.77,90.33,0,10
STU0408,CRS05,9,117.38,82.51,0,10
STU0408,CRS05,10,171.7,81.61,1,10
STU0409,CRS01,1,19.95,33.91,0,9
STU0409,CRS01,2,65.12,33.85,0,9
STU0409,CRS01,3,87.83,41.08,0,9
STU0409,CRS02,1,48.47,83.08,0,9
STU0409,CRS02,2,38.9,62.56,0,9
STU0409,CRS02,3,44.76,75.6,0,9
STU0409,CRS02,4,55.77,71.47,0,9
STU0409,CRS02,5,14.41,68.68,0,9
STU0409,CRS02,6,33.26,70.91,0,9
STU0409,CRS02,7,65.04,56.8,0,9
STU0409,CRS02,8,97.16,76.75,0,9
STU0409,CRS03,1,38.73,70.97,0,9
STU0409,CRS03,2,77.96,81.47,0,9
STU0409,CRS03,3,53.01,51.11,0,9
STU0409,CRS03,4,96.03,73.74,0,9
STU0409,CRS03,5,48.01,77.71,0,9
STU0409,CRS03,6,39.41,58.08,0,9
STU0409,CRS04,1,73.5,100.0,0,12
STU0409,CRS04,2,80.02,68.79,0,12
STU0409,CRS04,3,176.01,89.7,0,12
STU0409,CRS04,4,124.1,98.71,0,12
STU0409,CRS04,5,75.97,77.2,0,12
STU0409,CRS04,6,150.08,91.81,0,12
STU0409,CRS04,7,30.3,66.29,0,12
STU0409,CRS04,8,169.2,91.76,0,12
STU0409,CRS04,9,129.87,89.9,0,12
STU0409,CRS05,1,149.74,92.68,0,9
STU0409,CRS05,2,33.98,91.46,0,9
STU0409,CRS05,3,148.28,93.27,0,9
STU0409,CRS05,4,74.69,76.62,0,9
STU0409,CRS05,5,134.05,82.14,0,9
STU0409,CRS05,6,167.42,67.33,0,9
STU0409,CRS05,7,163.36,86.65,0,9
STU0409,CRS05,8,109.15,87.62,0,9
STU0409,CRS05,9,126.35,71.64,1,9
STU0410,CRS01,1,15.54,37.88,0,11
STU0410,CRS01,2,39.12,69.22,0,11
STU0410,CRS01,3,98.46,65.63,0,11
STU0410,CRS01,4,90.24,67.93,0,11
STU0410,CRS01,5,101.9,78.02,0,11
STU0410,CRS01,6,16.6,57.47,0,11
STU0410,CRS01,7,23.66,55.84,0,11
STU0410,CRS01,8,66.82,73.11,0,11
STU0410,CRS01,9,59.07,53.85,0,11
STU0410,CRS01,10,108.31,65.33,0,11
STU0410,CRS01,11,50.14,67.81,1,11
STU0410,CRS02,1,139.73,61.84,0,10
STU0410,CRS02,2,208.82,87.14,0,10
STU0410,CRS02,3,38.12,84.14,0,10
STU0410,CRS02,4,196.21,95.89,0,10
STU0410,CRS02,5,49.66,80.92,0,10
STU0410,CRS02,6,96.85,66.69,0,10
STU0410,CRS02,7,77.34,73.93,0,10
STU0410,CRS02,8,192.71,87.27,0,10
STU0410,CRS02,9,100.49,94.92,0,10
STU0410,CRS02,10,73.26,57.52,1,10
STU0410,CRS03,1,10.22,54.05,0,9
STU0410,CRS03,2,44.55,88.04,0,9
STU0410,CRS03,3,59.39,66.19,0,9
STU0410,CRS03,4,27.23,57.6,0,9
STU0410,CRS04,1,172.77,100.0,0,9
STU0410,CRS04,2,114.28,92.97,0,9
STU0410,CRS04,3,131.32,97.86,0,9
STU0410,CRS05,1,108.0,46.07,0,9
STU0411,CRS01,1,223.34,61.96,0,10
STU0411,CRS01,2,263.89,57.2,0,10
STU0411,CRS01,3,217.73,41.37,0,10
STU0411,CRS01,4,74.82,47.39,0,10
STU0411,CRS01,5,253.62,51.73,0,10
STU0411,CRS01,6,235.16,72.82,0,10
STU0411,CRS02,1,78.24,75.58,0,12
STU0411,CRS02,2,165.85,92.11,0,12
STU0411,CRS02,3,33.49,85.23,0,12
STU0411,CRS02,4,51.5,80.64,0,12
STU0411,CRS02,5,92.66,100.0,0,12
STU0411,CRS02,6,170.34,100.0,0,12
STU0411,CRS03,1,86.28,85.01,0,8
STU0411,CRS03,2,92.94,90.25,0,8
STU0411,CRS03,3,39.54,79.88,0,8
STU0411,CRS03,4,96.96,73.67,0,8
STU0411,CRS03,5,98.11,89.14,0,8
STU0411,CRS03,6,50.37,67.27,0,8
STU0411,CRS03,7,54.91,62.72,0,8
STU0411,CRS04,1,168.16,74.16,0,11
STU0411,CRS04,2,159.63,82.8,0,11
STU0411,CRS04,3,30.72,61.26,0,11
STU0411,CRS04,4,197.1,86.65,0,11
STU0411,CRS04,5,28.21,59.72,0,11
STU0411,CRS04,6,196.27,79.03,0,11
STU0411,CRS04,7,115.76,56.28,0,11
STU0411,CRS04,8,153.03,75.8,0,11
STU0411,CRS04,9,182.53,76.24,0,11
STU0411,CRS04,10,116.69,75.98,0,11
STU0411,CRS04,11,93.17,61.22,1,11
STU0411,CRS05,1,48.99,85.46,0,8
STU0411,CRS05,2,90.08,93.8,0,8
STU0412,CRS01,1,22.18,76.07,0,11
STU0412,CRS01,2,134.94,75.07,0,11
STU0412,CRS01,3,82.58,50.36,0,11
STU0412,CRS01,4,135.81,57.57,0,11
STU0412,CRS01,5,159.91,70.84,0,11
STU0412,CRS01,6,160.26,62.69,0,11
STU0412,CRS01,7,133.4,56.37,0,11
STU0412,CRS01,8,128.14,50.11,0,11
STU0412,CRS01,9,156.52,70.44,0,11
STU0412,CRS01,10,121.51,53.98,0,11
STU0412,CRS02,1,32.69,46.4,0,8
STU0412,CRS02,2,143.16,66.17,0,8
STU0412,CRS02,3,87.39,50.37,0,8
STU0412,CRS02,4,29.24,54.45,0,8
STU0412,CRS02,5,26.09,61.89,0,8
STU0412,CRS02,6,67.08,54.78,0,8
STU0412,CRS02,7,43.28,38.08,0,8
STU0412,CRS03,1,58.6,50.93,0,8
STU0412,CRS03,2,161.37,89.37,0,8
STU0412,CRS04,1,26.96,58.94,0,12
STU0412,CRS04,2,19.86,42.15,0,12
STU0412,CRS04,3,94.65,47.61,0,12
STU0412,CRS04,4,83.42,52.63,0,12
STU0412,CRS04,5,77.78,45.15,0,12
STU0412,CRS04,6,49.28,43.54,0,12
STU0412,CRS04,7,116.19,66.09,0,12
STU0412,CRS04,8,103.77,74.18,0,12
STU0412,CRS05,1,99.53,69.43,0,8
STU0412,CRS05,2,21.2,54.21,0,8
STU0412,CRS05,3,161.24,90.16,0,8
STU0413,CRS01,1,97.85,65.98,0,8
STU0413,CRS01,2,30.47,72.4,0,8
STU0413,CRS01,3,100.32,82.47,0,8
STU0413,CRS01,4,53.42,52.58,0,8
STU0413,CRS01,5,33.72,71.2,0,8
STU0413,CRS01,6,227.5,79.76,0,8
STU0413,CRS01,7,163.97,75.27,0,8
STU0413,CRS01,8,208.78,89.88,1,8
STU0413,CRS02,1,120.42,87.07,0,8
STU0413,CRS02,2,175.62,92.75,0,8
STU0413,CRS02,3,48.0,79.43,0,8
STU0413,CRS02,4,34.17,71.96,0,8
STU0413,CRS02,5,188.6,86.59,0,8
STU0413,CRS02,6,64.05,86.66,0,8
STU0413,CRS02,7,91.89,88.65,0,8
STU0413,CRS03,1,167.69,87.08,0,10
STU0413,CRS03,2,153.66,100.0,0,10
STU0413,CRS03,3,26.36,83.49,0,10
STU0413,CRS03,4,169.88,67.61,0,10
STU0413,CRS03,5,88.48,82.24,0,10
STU0413,CRS03,6,46.37,67.46,0,10
STU0413,CRS04,1,177.71,100.0,0,8
STU0413,CRS04,2,212.02,100.0,0,8
STU0413,CRS04,3,117.98,96.94,0,8
STU0413,CRS05,1,69.83,49.13,0,12
STU0413,CRS05,2,172.56,62.29,0,12
STU0413,CRS05,3,175.71,70.55,0,12
STU0413,CRS05,4,26.0,55.91,0,12
STU0413,CRS05,5,198.26,67.95,0,12
STU0413,CRS05,6,196.34,51.83,0,12
STU0413,CRS05,7,150.92,47.68,0,12
STU0413,CRS05,8,207.07,74.51,0,12
STU0413,CRS05,9,106.57,39.78,0,12
STU0413,CRS05,10,190.25,37.46,0,12
STU0413,CRS05,11,200.99,51.44,0,12
STU0413,CRS05,12,71.79,64.15,1,12
STU0414,CRS01,1,26.61,58.34,0,10
STU0414,CRS01,2,74.06,73.38,0,10
STU0414,CRS01,3,92.8,64.18,0,10
STU0414,CRS01,4,60.75,80.93,0,10
STU0414,CRS01,5,42.94,54.49,0,10
STU0414,CRS01,6,49.28,85.53,0,10
STU0414,CRS02,1,115.63,85.64,0,9
STU0414,CRS02,2,229.33,72.36,0,9
STU0414,CRS02,3,142.15,84.63,0,9
STU0414,CRS02,4,234.14,94.51,0,9
STU0414,CRS02,5,68.84,79.42,0,9
STU0414,CRS02,6,220.69,90.86,0,9
STU0414,CRS02,7,209.74,84.62,0,9
STU0414,CRS02,8,263.1,95.85,0,9
STU0414,CRS02,9,281.72,83.69,1,9
STU0414,CRS03,1,82.51,41.01,0,9
STU0414,CRS03,2,81.07,42.45,0,9
STU0414,CRS03,3,66.43,24.27,0,9
STU0414,CRS03,4,98.94,51.4,0,9
STU0414,CRS03,5,30.24,39.65,0,9
STU0414,CRS04,1,97.71,91.67,0,9
STU0414,CRS04,2,46.01,87.66,0,9
STU0414,CRS04,3,161.75,100.0,0,9
STU0414,CRS04,4,98.72,100.0,0,9
STU0414,CRS04,5,147.89,100.0,0,9
STU0414,CRS05,1,63.85,85.77,0,9
STU0414,CRS05,2,48.79,91.43,0,9
STU0414,CRS05,3,14.77,70.51,0,9
STU0414,CRS05,4,71.84,49.13,0,9
STU0414,CRS05,5,75.95,61.17,0,9
STU0415,CRS01,1,48.18,82.37,0,11
STU0415,CRS01,2,72.05,96.23,0,11
STU0415,CRS01,3,109.52,82.67,0,11
STU0415,CRS01,4,185.92,100.0,0,11
STU0415,CRS01,5,110.72,92.46,0,11
STU0415,CRS01,6,102.61,99.49,0,11
STU0415,CRS01,7,71.14,74.0,0,11
STU0415,CRS01,8,65.97,100.0,0,11
STU0415,CRS01,9,92.59,81.45,0,11
STU0415,CRS01,10,210.88,100.0,0,11
STU0415,CRS01,11,72.75,68.95,1,11
STU0415,CRS02,1,38.38,40.21,0,8
STU0415,CRS02,2,210.9,70.6,0,8
STU0415,CRS02,3,45.06,69.85,0,8
STU0415,CRS02,4,90.96,56.87,0,8
STU0415,CRS02,5,75.65,54.42,0,8
STU0415,CRS02,6,121.03,54.82,0,8
STU0415,CRS03,1,57.48,97.79,0,12
STU0415,CRS03,2,77.41,100.0,0,12
STU0415,CRS04,1,55.25,48.48,0,12
STU0415,CRS04,2,141.0,68.16,0,12
STU0415,CRS04,3,140.76,94.3,0,12
STU0415,CRS04,4,91.56,74.18,0,12
STU0415,CRS04,5,60.0,76.68,0,12
STU0415,CRS04,6,170.91,84.27,0,12
STU0415,CRS04,7,116.93,79.17,0,12
STU0415,CRS04,8,85.84,59.27,0,12
STU0415,CRS04,9,144.3,65.46,0,12
STU0415,CRS04,10,154.18,66.62,0,12
STU0415,CRS04,11,93.44,62.81,0,12
STU0415,CRS04,12,63.15,53.0,1,12
STU0415,CRS05,1,33.69,85.23,0,12
STU0415,CRS05,2,76.55,74.23,0,12
STU0415,CRS05,3,45.88,70.19,0,12
STU0415,CRS05,4,162.33,99.26,0,12
STU0415,CRS05,5,75.99,80.08,0,12
STU0415,CRS05,6,83.3,91.21,0,12
STU0416,CRS01,1,104.86,54.61,0,11
STU0416,CRS01,2,139.74,55.23,0,11
STU0416,CRS01,3,31.8,68.87,0,11
STU0416,CRS01,4,139.62,67.33,0,11
STU0416,CRS01,5,134.74,63.55,0,11
STU0416,CRS01,6,96.28,65.93,0,11
STU0416,CRS01,7,171.01,64.3,0,11
STU0416,CRS01,8,130.82,59.55,0,11
STU0416,CRS01,9,116.86,58.72,0,11
STU0416,CRS01,10,77.49,72.82,0,11
STU0416,CRS01,11,212.65,52.01,1,11
STU0416,CRS02,1,85.27,39.53,0,8
STU0416,CRS02,2,50.13,59.16,0,8
STU0416,CRS02,3,16.21,34.2,0,8
STU0416,CRS02,4,62.63,70.76,0,8
STU0416,CRS02,5,76.86,32.1,0,8
STU0416,CRS03,1,51.96,28.25,0,10
STU0416,CRS03,2,64.13,37.31,0,10
STU0416,CRS03,3,59.93,28.34,0,10
STU0416,CRS03,4,21.57,30.9,0,10
STU0416,CRS03,5,41.84,39.38,0,10
STU0416,CRS04,1,133.54,100.0,0,8
STU0416,CRS04,2,125.02,100.0,0,8
STU0416,CRS04,3,214.82,100.0,0,8
STU0416,CRS04,4,45.13,100.0,0,8
STU0416,CRS04,5,62.27,100.0,0,8
STU0416,CRS04,6,45.06,89.02,0,8
STU0416,CRS05,1,216.29,80.21,0,8
STU0416,CRS05,2,56.04,75.09,0,8
STU0416,CRS05,3,229.77,88.44,0,8
STU0416,CRS05,4,165.8,82.68,0,8
STU0416,CRS05,5,142.74,63.53,0,8
STU0416,CRS05,6,90.56,44.4,0,8
STU0416,CRS05,7,119.75,52.07,0,8
STU0416,CRS05,8,202.76,73.06,1,8
STU0417,CRS01,1,168.31,100.0,0,11
STU0417,CRS01,2,63.61,79.54,0,11
STU0417,CRS01,3,135.19,75.15,0,11
STU0417,CRS01,4,49.84,75.06,0,11
STU0417,CRS01,5,191.54,61.55,0,11
STU0417,CRS01,6,35.32,62.43,0,11
STU0417,CRS01,7,199.05,98.46,0,11
STU0417,CRS01,8,190.21,69.34,0,11
STU0417,CRS01,9,195.73,93.97,0,11
STU0417,CRS01,10,44.84,69.28,0,11
STU0417,CRS02,1,155.67,37.39,0,11
STU0417,CRS02,2,54.57,23.7,0,11
STU0417,CRS02,3,124.16,40.14,0,11
STU0417,CRS02,4,226.43,43.96,0,11
STU0417,CRS02,5,183.57,63.63,0,11
STU0417,CRS02,6,208.99,51.71,0,11
STU0417,CRS02,7,239.33,46.61,0,11
STU0417,CRS02,8,189.48,51.8,0,11
STU0417,CRS02,9,92.22,49.22,0,11
STU0417,CRS02,10,47.92,27.78,0,11
STU0417,CRS02,11,216.67,52.92,1,11
STU0417,CRS03,1,109.58,86.78,0,9
STU0417,CRS03,2,104.14,83.49,0,9
STU0417,CRS03,3,108.93,70.38,0,9
STU0417,CRS03,4,57.84,96.9,0,9
STU0417,CRS03,5,123.41,100.0,0,9
STU0417,CRS03,6,106.13,87.5,0,9
STU0417,CRS03,7,76.49,82.21,0,9
STU0417,CRS03,8,145.3,90.39,0,9
STU0417,CRS03,9,165.06,82.97,1,9
STU0417,CRS04,1,31.76,98.54,0,10
STU0417,CRS04,2,17.65,82.39,0,10
STU0417,CRS04,3,128.81,88.07,0,10
STU0417,CRS04,4,144.36,74.07,0,10
STU0417,CRS04,5,83.23,69.0,0,10
STU0417,CRS04,6,75.42,86.21,0,10
STU0417,CRS05,1,80.78,51.53,0,10
STU0417,CRS05,2,78.17,51.99,0,10
STU0417,CRS05,3,51.94,37.44,0,10
STU0417,CRS05,4,64.85,66.34,0,10
STU0418,CRS01,1,226.9,60.45,0,11
STU0418,CRS01,2,183.07,59.83,0,11
STU0418,CRS01,3,149.82,53.25,0,11
STU0418,CRS01,4,40.86,59.71,0,11
STU0418,CRS01,5,124.67,43.6,0,11
STU0418,CRS01,6,199.82,63.09,0,11
STU0418,CRS01,7,165.38,68.91,0,11
STU0418,CRS01,8,250.69,52.14,0,11
STU0418,CRS01,9,67.61,37.66,0,11
STU0418,CRS01,10,138.92,50.22,0,11
STU0418,CRS01,11,80.22,31.29,1,11
STU0418,CRS02,1,79.58,85.05,0,9
STU0418,CRS02,2,169.4,84.88,0,9
STU0418,CRS02,3,107.56,78.75,0,9
STU0418,CRS02,4,30.92,59.96,0,9
STU0418,CRS03,1,143.79,84.16,0,8
STU0418,CRS03,2,41.87,60.66,0,8
STU0418,CRS03,3,48.14,73.05,0,8
STU0418,CRS03,4,84.55,70.76,0,8
STU0418,CRS03,5,152.04,76.15,0,8
STU0418,CRS03,6,35.53,65.8,0,8
STU0418,CRS03,7,182.59,89.05,0,8
STU0418,CRS04,1,87.66,100.0,0,9
STU0418,CRS04,2,126.19,99.2,0,9
STU0418,CRS04,3,106.45,65.55,0,9
STU0418,CRS04,4,108.79,82.44,0,9
STU0418,CRS04,5,78.31,95.69,0,9
STU0418,CRS04,6,181.89,89.22,0,9
STU0418,CRS04,7,73.94,81.92,0,9
STU0418,CRS04,8,36.37,77.92,0,9
STU0418,CRS04,9,75.47,79.34,1,9
STU0418,CRS05,1,118.5,49.07,0,9
STU0418,CRS05,2,29.19,32.62,0,9
STU0418,CRS05,3,31.52,32.98,0,9
STU0418,CRS05,4,86.47,28.85,0,9
STU0418,CRS05,5,61.9,38.47,0,9
STU0418,CRS05,6,64.09,31.65,0,9
STU0418,CRS05,7,122.4,33.45,0,9
STU0418,CRS05,8,98.82,48.6,0,9
STU0418,CRS05,9,133.43,28.31,1,9
STU0419,CRS01,1,114.26,84.82,0,12
STU0419,CRS01,2,71.72,78.29,0,12
STU0419,CRS01,3,181.66,71.69,0,12
STU0419,CRS01,4,75.69,72.47,0,12
STU0419,CRS01,5,96.56,55.67,0,12
STU0419,CRS01,6,77.67,92.97,0,12
STU0419,CRS01,7,175.31,85.17,0,12
STU0419,CRS01,8,49.95,54.87,0,12
STU0419,CRS02,1,187.4,60.33,0,10
STU0419,CRS02,2,37.86,40.93,0,10
STU0419,CRS02,3,202.31,68.14,0,10
STU0419,CRS02,4,220.18,58.19,0,10
STU0419,CRS02,5,115.09,43.93,0,10
STU0419,CRS02,6,62.81,39.67,0,10
STU0419,CRS02,7,170.74,54.74,0,10
STU0419,CRS02,8,207.23,55.07,0,10
STU0419,CRS02,9,224.67,60.15,0,10
STU0419,CRS02,10,55.59,33.14,1,10
STU0419,CRS03,1,167.13,76.87,0,8
STU0419,CRS03,2,70.57,65.9,0,8
STU0419,CRS03,3,179.72,98.23,0,8
STU0419,CRS04,1,64.58,59.87,0,8
STU0419,CRS04,2,111.62,61.02,0,8
STU0419,CRS04,3,137.09,68.54,0,8
STU0419,CRS04,4,133.72,48.32,0,8
STU0419,CRS04,5,119.81,57.01,0,8
STU0419,CRS05,1,39.84,76.03,0,10
STU0419,CRS05,2,19.66,67.0,0,10
STU0419,CRS05,3,160.34,77.66,0,10
STU0419,CRS05,4,86.39,66.64,0,10
STU0419,CRS05,5,43.5,72.61,0,10
STU0419,CRS05,6,36.32,59.55,0,10
STU0419,CRS05,7,42.75,73.01,0,10
STU0419,CRS05,8,165.55,72.22,0,10
STU0419,CRS05,9,79.62,64.98,0,10
STU0419,CRS05,10,111.46,74.01,1,10
STU0420,CRS01,1,28.64,30.66,0,12
STU0420,CRS01,2,132.33,44.36,0,12
STU0420,CRS01,3,59.98,41.49,0,12
STU0420,CRS01,4,34.8,39.72,0,12
STU0420,CRS01,5,42.32,42.71,0,12
STU0420,CRS01,6,46.16,31.95,0,12
STU0420,CRS01,7,79.73,42.88,0,12
STU0420,CRS01,8,96.53,38.09,0,12
STU0420,CRS01,9,96.94,33.9,0,12
STU0420,CRS02,1,65.09,83.78,0,8
STU0420,CRS02,2,186.91,89.4,0,8
STU0420,CRS02,3,168.64,87.31,0,8
STU0420,CRS02,4,65.4,66.88,0,8
STU0420,CRS03,1,79.8,62.75,0,10
STU0420,CRS03,2,52.27,64.93,0,10
STU0420,CRS03,3,43.26,77.5,0,10
STU0420,CRS03,4,32.21,90.97,0,10
STU0420,CRS03,5,49.5,91.45,0,10
STU0420,CRS04,1,39.17,35.17,0,9
STU0420,CRS04,2,64.18,46.84,0,9
STU0420,CRS04,3,76.16,34.54,0,9
STU0420,CRS04,4,94.34,36.82,0,9
STU0420,CRS04,5,95.49,32.28,0,9
STU0420,CRS04,6,46.8,43.99,0,9
STU0420,CRS04,7,78.41,42.36,0,9
STU0420,CRS04,8,24.66,19.71,0,9
STU0420,CRS05,1,52.66,81.95,0,9
STU0420,CRS05,2,131.88,99.69,0,9
STU0420,CRS05,3,189.07,100.0,0,9
STU0420,CRS05,4,191.58,100.0,0,9
STU0421,CRS01,1,102.43,51.04,0,9
STU0421,CRS01,2,22.92,40.28,0,9
STU0421,CRS01,3,53.79,61.39,0,9
STU0421,CRS01,4,70.32,56.08,0,9
STU0421,CRS01,5,17.66,51.56,0,9
STU0421,CRS02,1,102.93,69.34,0,10
STU0421,CRS02,2,33.45,62.77,0,10
STU0421,CRS02,3,29.09,45.21,0,10
STU0421,CRS03,1,52.83,46.4,0,9
STU0421,CRS03,2,98.27,56.65,0,9
STU0421,CRS03,3,36.36,41.23,0,9
STU0421,CRS04,1,104.75,54.56,0,11
STU0421,CRS04,2,35.66,54.19,0,11
STU0421,CRS04,3,33.85,32.37,0,11
STU0421,CRS04,4,40.81,43.33,0,11
STU0421,CRS04,5,139.29,51.93,0,11
STU0421,CRS04,6,47.92,40.16,0,11
STU0421,CRS04,7,43.3,32.62,0,11
STU0421,CRS04,8,42.36,35.98,0,11
STU0421,CRS05,1,16.86,36.47,0,11
STU0421,CRS05,2,66.41,54.72,0,11
STU0421,CRS05,3,38.52,39.26,0,11
STU0421,CRS05,4,18.37,35.41,0,11
STU0421,CRS05,5,80.67,42.19,0,11
STU0421,CRS05,6,58.71,19.32,0,11
STU0421,CRS05,7,66.69,34.1,0,11
STU0422,CRS01,1,231.55,73.61,0,11
STU0422,CRS01,2,213.29,77.07,0,11
STU0422,CRS01,3,271.43,74.61,0,11
STU0422,CRS01,4,177.49,67.17,0,11
STU0422,CRS01,5,181.31,60.7,0,11
STU0422,CRS01,6,214.06,59.19,0,11
STU0422,CRS01,7,190.73,62.91,0,11
STU0422,CRS01,8,36.22,58.05,0,11
STU0422,CRS01,9,41.65,52.66,0,11
STU0422,CRS01,10,56.26,34.05,0,11
STU0422,CRS01,11,309.71,52.61,1,11
STU0422,CRS02,1,109.32,54.21,0,12
STU0422,CRS02,2,180.36,48.87,0,12
STU0422,CRS02,3,36.79,57.81,0,12
STU0422,CRS02,4,138.4,54.14,0,12
STU0422,CRS02,5,160.53,58.69,0,12
STU0422,CRS02,6,28.1,38.47,0,12
STU0422,CRS02,7,96.48,56.14,0,12
STU0422,CRS02,8,107.77,39.44,0,12
STU0422,CRS03,1,72.4,100.0,0,11
STU0422,CRS03,2,68.81,100.0,0,11
STU0422,CRS03,3,141.38,97.67,0,11
STU0422,CRS03,4,36.68,85.23,0,11
STU0422,CRS03,5,169.64,84.72,0,11
STU0422,CRS03,6,246.81,100.0,0,11
STU0422,CRS03,7,139.21,100.0,0,11
STU0422,CRS03,8,249.14,93.93,0,11
STU0422,CRS03,9,130.29,100.0,0,11
STU0422,CRS03,10,155.4,100.0,0,11
STU0422,CRS03,11,43.46,75.24,1,11
STU0422,CRS04,1,181.87,88.75,0,10
STU0422,CRS04,2,146.41,98.87,0,10
STU0422,CRS04,3,94.72,61.25,0,10
STU0422,CRS04,4,147.69,83.36,0,10
STU0422,CRS04,5,179.23,86.4,0,10
STU0422,CRS04,6,184.37,77.78,0,10
STU0422,CRS04,7,131.31,63.1,0,10
STU0422,CRS04,8,149.28,80.41,0,10
STU0422,CRS04,9,81.19,80.01,0,10
STU0422,CRS04,10,204.46,85.7,1,10
STU0422,CRS05,1,60.35,76.03,0,12
STU0422,CRS05,2,65.17,63.89,0,12
STU0422,CRS05,3,69.43,82.97,0,12
STU0422,CRS05,4,89.91,89.49,0,12
STU0422,CRS05,5,98.31,79.29,0,12
STU0422,CRS05,6,56.0,74.13,0,12
STU0422,CRS05,7,73.71,56.51,0,12
STU0423,CRS01,1,15.6,41.98,0,8
STU0423,CRS01,2,40.28,44.88,0,8
STU0423,CRS01,3,23.98,51.06,0,8
STU0423,CRS01,4,32.56,65.03,0,8
STU0423,CRS01,5,110.44,52.88,0,8
STU0423,CRS02,1,215.77,39.44,0,11
STU0423,CRS02,2,259.56,45.13,0,11
STU0423,CRS02,3,71.3,27.94,0,11
STU0423,CRS02,4,56.57,19.67,0,11
STU0423,CRS02,5,224.74,44.14,0,11
STU0423,CRS02,6,63.21,40.25,0,11
STU0423,CRS02,7,281.67,50.42,0,11
STU0423,CRS02,8,100.09,46.15,0,11
STU0423,CRS02,9,244.08,46.74,0,11
STU0423,CRS02,10,216.06,56.52,0,11
STU0423,CRS02,11,80.13,23.98,1,11
STU0423,CRS03,1,18.41,78.9,0,9
STU0423,CRS03,2,70.94,76.1,0,9
STU0423,CRS03,3,35.48,78.68,0,9
STU0423,CRS04,1,223.1,71.55,0,9
STU0423,CRS04,2,64.52,74.68,0,9
STU0423,CRS04,3,127.41,59.39,0,9
STU0423,CRS04,4,141.88,64.65,0,9
STU0423,CRS05,1,203.13,46.38,0,12
STU0423,CRS05,2,59.24,34.19,0,12
STU0423,CRS05,3,102.86,53.74,0,12
STU0423,CRS05,4,84.02,60.96,0,12
STU0423,CRS05,5,73.36,27.28,0,12
STU0423,CRS05,6,216.46,59.37,0,12
STU0423,CRS05,7,235.81,64.91,0,12
STU0423,CRS05,8,73.35,45.4,0,12
STU0423,CRS05,9,87.36,36.31,0,12
STU0424,CRS01,1,89.35,66.52,0,11
STU0424,CRS01,2,122.87,61.07,0,11
STU0424,CRS01,3,23.5,44.77,0,11
STU0424,CRS01,4,171.36,64.71,0,11
STU0424,CRS01,5,157.38,60.1,0,11
STU0424,CRS01,6,70.61,48.71,0,11
STU0424,CRS02,1,20.07,43.65,0,9
STU0424,CRS02,2,66.62,47.2,0,9
STU0424,CRS02,3,59.89,32.91,0,9
STU0424,CRS02,4,87.11,48.81,0,9
STU0424,CRS02,5,39.86,50.12,0,9
STU0424,CRS02,6,113.16,42.82,0,9
STU0424,CRS02,7,92.97,53.82,0,9
STU0424,CRS03,1,198.88,46.35,0,11
STU0424,CRS03,2,169.78,64.9,0,11
STU0424,CRS03,3,96.41,54.38,0,11
STU0424,CRS03,4,162.15,53.46,0,11
STU0424,CRS03,5,26.99,62.81,0,11
STU0424,CRS03,6,67.62,49.97,0,11
STU0424,CRS03,7,210.2,62.32,0,11
STU0424,CRS03,8,102.69,49.54,0,11
STU0424,CRS03,9,237.43,57.78,0,11
STU0424,CRS03,10,36.64,33.26,0,11
STU0424,CRS03,11,203.31,52.24,1,11
STU0424,CRS04,1,137.38,49.56,0,8
STU0424,CRS04,2,79.28,63.7,0,8
STU0424,CRS04,3,117.41,46.82,0,8
STU0424,CRS04,4,56.82,52.02,0,8
STU0424,CRS04,5,40.59,58.86,0,8
STU0424,CRS04,6,25.93,35.39,0,8
STU0424,CRS04,7,178.14,46.56,0,8
STU0424,CRS05,1,19.38,33.93,0,10
STU0425,CRS01,1,132.04,57.38,0,12
STU0425,CRS01,2,32.95,46.88,0,12
STU0425,CRS01,3,97.17,61.54,0,12
STU0425,CRS01,4,81.29,31.93,0,12
STU0425,CRS01,5,141.63,50.61,0,12
STU0425,CRS02,1,55.4,76.43,0,12
STU0425,CRS02,2,122.96,98.08,0,12
STU0425,CRS02,3,122.41,79.67,0,12
STU0425,CRS02,4,26.9,81.65,0,12
STU0425,CRS02,5,60.83,86.67,0,12
STU0425,CRS02,6,58.71,88.45,0,12
STU0425,CRS02,7,54.86,82.83,0,12
STU0425,CRS02,8,97.97,84.6,0,12
STU0425,CRS03,1,73.13,68.04,0,10
STU0425,CRS03,2,128.26,75.42,0,10
STU0425,CRS03,3,104.44,81.56,0,10
STU0425,CRS03,4,149.74,100.0,0,10
STU0425,CRS03,5,72.01,85.49,0,10
STU0425,CRS03,6,140.48,97.45,0,10
STU0425,CRS03,7,108.41,88.99,0,10
STU0425,CRS03,8,100.92,71.02,0,10
STU0425,CRS03,9,68.0,76.57,0,10
STU0425,CRS04,1,72.61,42.35,0,9
STU0425,CRS04,2,90.43,41.4,0,9
STU0425,CRS04,3,44.11,16.3,0,9
STU0425,CRS04,4,101.71,59.52,0,9
STU0425,CRS04,5,68.5,51.9,0,9
STU0425,CRS05,1,135.58,92.68,0,8
STU0425,CRS05,2,214.22,100.0,0,8
STU0425,CRS05,3,101.4,83.01,0,8
STU0426,CRS01,1,180.54,20.46,0,9
STU0426,CRS01,2,157.21,34.62,0,9
STU0426,CRS01,3,116.43,44.76,0,9
STU0426,CRS01,4,27.07,46.8,0,9
STU0426,CRS01,5,167.59,39.45,0,9
STU0426,CRS02,1,78.06,100.0,0,9
STU0426,CRS02,2,90.8,95.23,0,9
STU0426,CRS02,3,26.85,74.63,0,9
STU0426,CRS02,4,18.28,100.0,0,9
STU0426,CRS02,5,97.31,90.19,0,9
STU0426,CRS03,1,230.67,80.23,0,9
STU0426,CRS03,2,161.24,66.78,0,9
STU0426,CRS03,3,64.89,61.93,0,9
STU0426,CRS03,4,189.49,79.55,0,9
STU0426,CRS03,5,64.08,57.26,0,9
STU0426,CRS03,6,229.05,67.47,0,9
STU0426,CRS03,7,48.48,65.71,0,9
STU0426,CRS04,1,98.7,80.18,0,9
STU0426,CRS04,2,217.64,100.0,0,9
STU0426,CRS04,3,103.85,100.0,0,9
STU0426,CRS04,4,104.55,88.48,0,9
STU0426,CRS04,5,198.14,100.0,0,9
STU0426,CRS04,6,168.36,89.88,0,9
STU0426,CRS04,7,254.23,83.45,0,9
STU0426,CRS04,8,193.51,100.0,0,9
STU0426,CRS04,9,234.65,93.67,1,9
STU0426,CRS05,1,32.1,81.49,0,8
STU0426,CRS05,2,79.38,91.43,0,8
STU0426,CRS05,3,156.01,78.23,0,8
STU0426,CRS05,4,156.02,92.38,0,8
STU0426,CRS05,5,185.33,100.0,0,8
STU0426,CRS05,6,123.76,85.5,0,8
STU0426,CRS05,7,236.19,100.0,0,8
STU0426,CRS05,8,103.18,75.68,1,8
STU0427,CRS01,1,139.73,74.35,0,11
STU0427,CRS01,2,67.29,77.89,0,11
STU0427,CRS01,3,146.24,90.87,0,11
STU0427,CRS01,4,144.6,78.88,0,11
STU0427,CRS01,5,42.89,78.13,0,11
STU0427,CRS01,6,30.73,76.05,0,11
STU0427,CRS01,7,46.94,95.45,0,11
STU0427,CRS01,8,114.95,97.21,0,11
STU0427,CRS01,9,103.85,68.22,0,11
STU0427,CRS01,10,194.19,97.4,0,11
STU0427,CRS02,1,134.37,83.66,0,10
STU0427,CRS02,2,138.77,45.24,0,10
STU0427,CRS02,3,92.31,73.98,0,10
STU0427,CRS03,1,63.98,59.85,0,12
STU0427,CRS03,2,15.24,68.42,0,12
STU0427,CRS03,3,20.49,54.76,0,12
STU0427,CRS03,4,78.9,36.95,0,12
STU0427,CRS03,5,74.17,63.09,0,12
STU0427,CRS03,6,37.29,57.84,0,12
STU0427,CRS03,7,98.68,56.53,0,12
STU0427,CRS03,8,61.67,49.5,0,12
STU0427,CRS03,9,59.63,40.46,0,12
STU0427,CRS04,1,17.57,64.36,0,8
STU0427,CRS04,2,100.03,61.3,0,8
STU0427,CRS05,1,114.65,96.16,0,9
STU0427,CRS05,2,92.99,79.69,0,9
STU0427,CRS05,3,244.63,82.47,0,9
STU0427,CRS05,4,176.96,91.73,0,9
STU0427,CRS05,5,171.17,91.92,0,9
STU0427,CRS05,6,194.55,83.36,0,9
STU0427,CRS05,7,244.89,90.88,0,9
STU0427,CRS05,8,223.86,79.55,0,9
STU0427,CRS05,9,104.94,95.14,1,9
STU0428,CRS01,1,25.48,77.56,0,9
STU0428,CRS01,2,140.09,79.23,0,9
STU0428,CRS01,3,122.86,82.87,0,9
STU0428,CRS01,4,18.3,69.41,0,9
STU0428,CRS01,5,130.77,74.6,0,9
STU0428,CRS01,6,144.27,63.74,0,9
STU0428,CRS02,1,98.36,71.79,0,8
STU0428,CRS02,2,112.13,64.69,0,8
STU0428,CRS02,3,181.52,85.47,0,8
STU0428,CRS02,4,35.68,61.28,0,8
STU0428,CRS02,5,175.84,72.26,0,8
STU0428,CRS02,6,163.97,93.64,0,8
STU0428,CRS02,7,212.73,80.05,0,8
STU0428,CRS02,8,169.67,80.09,1,8
STU0428,CRS03,1,134.08,58.88,0,9
STU0428,CRS03,2,111.34,53.98,0,9
STU0428,CRS03,3,95.72,60.29,0,9
STU0428,CRS03,4,147.7,60.84,0,9
STU0428,CRS04,1,132.49,93.33,0,10
STU0428,CRS04,2,32.84,99.33,0,10
STU0428,CRS04,3,148.5,91.82,0,10
STU0428,CRS04,4,144.46,96.84,0,10
STU0428,CRS04,5,167.41,83.2,0,10
STU0428,CRS04,6,69.61,84.39,0,10
STU0428,CRS04,7,107.71,90.0,0,10
STU0428,CRS04,8,175.54,91.3,0,10
STU0428,CRS05,1,64.47,52.62,0,12
STU0428,CRS05,2,58.42,49.09,0,12
STU0428,CRS05,3,87.12,43.74,0,12
STU0428,CRS05,4,51.28,47.69,0,12
STU0428,CRS05,5,43.2,20.77,0,12
STU0428,CRS05,6,90.27,47.0,0,12
STU0429,CRS01,1,244.9,68.57,0,12
STU0429,CRS01,2,183.86,73.88,0,12
STU0429,CRS01,3,141.06,64.61,0,12
STU0429,CRS01,4,151.99,60.13,0,12
STU0429,CRS01,5,155.5,58.63,0,12
STU0429,CRS01,6,179.75,45.63,0,12
STU0429,CRS01,7,118.66,59.95,0,12
STU0429,CRS01,8,255.92,53.94,0,12
STU0429,CRS01,9,252.99,32.91,0,12
STU0429,CRS01,10,46.31,46.53,0,12
STU0429,CRS01,11,123.55,49.36,0,12
STU0429,CRS01,12,200.47,53.97,1,12
STU0429,CRS02,1,131.3,100.0,0,9
STU0429,CRS02,2,25.86,92.49,0,9
STU0429,CRS02,3,40.77,85.28,0,9
STU0429,CRS02,4,122.15,100.0,0,9
STU0429,CRS02,5,141.93,100.0,0,9
STU0429,CRS02,6,55.13,84.43,0,9
STU0429,CRS02,7,58.73,100.0,0,9
STU0429,CRS02,8,106.59,97.22,0,9
STU0429,CRS02,9,111.6,100.0,1,9
STU0429,CRS03,1,26.15,79.21,0,12
STU0429,CRS03,2,32.09,77.91,0,12
STU0429,CRS03,3,123.04,71.47,0,12
STU0429,CRS03,4,90.27,91.49,0,12
STU0429,CRS03,5,88.98,65.37,0,12
STU0429,CRS03,6,33.55,84.86,0,12
STU0429,CRS03,7,68.73,73.9,0,12
STU0429,CRS03,8,24.25,71.56,0,12
STU0429,CRS03,9,66.84,72.05,0,12
STU0429,CRS04,1,156.86,46.72,0,8
STU0429,CRS04,2,55.29,29.01,0,8
STU0429,CRS04,3,57.02,23.55,0,8
STU0429,CRS04,4,221.47,52.37,0,8
STU0429,CRS05,1,64.54,92.79,0,9
STU0429,CRS05,2,41.73,87.41,0,9
STU0429,CRS05,3,36.33,90.77,0,9
STU0429,CRS05,4,198.52,100.0,0,9
STU0429,CRS05,5,63.55,89.77,0,9
STU0429,CRS05,6,162.41,100.0,0,9
STU0429,CRS05,7,36.37,83.73,0,9
STU0429,CRS05,8,94.25,82.51,0,9
STU0429,CRS05,9,39.81,74.43,1,9
STU0430,CRS01,1,209.57,66.22,0,11
STU0430,CRS01,2,148.38,64.56,0,11
STU0430,CRS01,3,141.69,74.62,0,11
STU0430,CRS01,4,38.35,64.48,0,11
STU0430,CRS01,5,191.86,72.06,0,11
STU0430,CRS01,6,38.41,48.46,0,11
STU0430,CRS01,7,84.51,63.36,0,11
STU0430,CRS01,8,56.92,56.48,0,11
STU0430,CRS01,9,285.13,76.09,0,11
STU0430,CRS01,10,81.87,49.07,0,11
STU0430,CRS01,11,283.36,50.56,1,11
STU0430,CRS02,1,205.64,100.0,0,9
STU0430,CRS02,2,181.13,100.0,0,9
STU0430,CRS02,3,55.32,91.11,0,9
STU0430,CRS02,4,207.48,100.0,0,9
STU0430,CRS02,5,141.17,100.0,0,9
STU0430,CRS02,6,181.31,100.0,0,9
STU0430,CRS02,7,74.83,96.02,0,9
STU0430,CRS02,8,112.58,100.0,0,9
STU0430,CRS03,1,44.44,47.04,0,12
STU0430,CRS03,2,155.7,60.43,0,12
STU0430,CRS03,3,95.62,79.88,0,12
STU0430,CRS03,4,44.95,75.92,0,12
STU0430,CRS03,5,86.67,70.21,0,12
STU0430,CRS03,6,150.31,80.06,0,12
STU0430,CRS03,7,45.71,82.49,0,12
STU0430,CRS03,8,95.02,66.08,0,12
STU0430,CRS03,9,87.98,76.78,0,12
STU0430,CRS03,10,126.0,78.72,0,12
STU0430,CRS03,11,124.2,61.58,0,12
STU0430,CRS03,12,126.25,60.98,1,12
STU0430,CRS04,1,38.76,42.32,0,8
STU0430,CRS04,2,70.03,42.79,0,8
STU0430,CRS04,3,164.36,56.51,0,8
STU0430,CRS04,4,148.16,55.64,0,8
STU0430,CRS04,5,67.02,45.16,0,8
STU0430,CRS04,6,157.43,60.6,0,8
STU0430,CRS04,7,121.49,58.83,0,8
STU0430,CRS04,8,104.75,40.19,1,8
STU0430,CRS05,1,104.84,65.57,0,10
STU0430,CRS05,2,96.51,58.21,0,10
STU0430,CRS05,3,18.22,52.92,0,10
STU0430,CRS05,4,125.95,79.52,0,10
STU0430,CRS05,5,71.4,57.61,0,10
STU0430,CRS05,6,51.13,43.9,0,10
STU0430,CRS05,7,87.31,72.95,0,10
STU0430,CRS05,8,49.4,61.65,0,10
STU0430,CRS05,9,80.09,63.4,0,10
STU0431,CRS01,1,248.8,100.0,0,9
STU0431,CRS01,2,169.16,88.47,0,9
STU0431,CRS01,3,117.02,78.58,0,9
STU0431,CRS01,4,61.09,87.86,0,9
STU0431,CRS01,5,78.96,91.15,0,9
STU0431,CRS01,6,40.52,68.98,0,9
STU0431,CRS01,7,302.77,81.89,0,9
STU0431,CRS01,8,177.18,88.79,0,9
STU0431,CRS01,9,224.13,93.4,1,9
STU0431,CRS02,1,31.43,89.6,0,10
STU0431,CRS02,2,41.17,89.38,0,10
STU0431,CRS02,3,218.65,92.97,0,10
STU0431,CRS02,4,232.03,96.36,0,10
STU0431,CRS02,5,178.2,98.59,0,10
STU0431,CRS02,6,43.69,82.72,0,10
STU0431,CRS02,7,128.38,75.87,0,10
STU0431,CRS02,8,213.33,100.0,0,10
STU0431,CRS02,9,39.04,87.06,0,10
STU0431,CRS03,1,60.28,37.68,0,10
STU0431,CRS04,1,92.52,41.51,0,9
STU0431,CRS04,2,54.27,46.23,0,9
STU0431,CRS04,3,23.34,38.98,0,9
STU0431,CRS04,4,37.72,19.82,0,9
STU0431,CRS04,5,39.04,43.28,0,9
STU0431,CRS04,6,127.97,50.33,0,9
STU0431,CRS04,7,78.7,56.02,0,9
STU0431,CRS04,8,121.97,45.75,0,9
STU0431,CRS04,9,109.74,46.49,1,9
STU0431,CRS05,1,35.92,89.86,0,8
STU0431,CRS05,2,213.03,79.17,0,8
STU0431,CRS05,3,46.06,74.77,0,8
STU0431,CRS05,4,41.63,65.75,0,8
STU0431,CRS05,5,29.69,83.7,0,8
STU0431,CRS05,6,28.1,73.29,0,8
STU0432,CRS01,1,93.89,49.45,0,8
STU0432,CRS01,2,147.94,60.18,0,8
STU0432,CRS01,3,25.29,21.05,0,8
STU0432,CRS01,4,111.11,41.67,0,8
STU0432,CRS01,5,52.0,35.39,0,8
STU0432,CRS01,6,78.61,31.42,0,8
STU0432,CRS01,7,55.57,29.34,0,8
STU0432,CRS01,8,114.17,36.36,1,8
STU0432,CRS02,1,140.32,60.38,0,10
STU0432,CRS02,2,162.46,53.49,0,10
STU0432,CRS02,3,147.21,69.35,0,10
STU0432,CRS02,4,170.34,63.44,0,10
STU0432,CRS02,5,199.45,61.17,0,10
STU0432,CRS02,6,70.46,49.68,0,10
STU0432,CRS02,7,41.77,58.51,0,10
STU0432,CRS02,8,76.11,72.08,0,10
STU0432,CRS02,9,83.04,48.2,0,10
STU0432,CRS03,1,23.06,88.7,0,11
STU0432,CRS03,2,57.23,100.0,0,11
STU0432,CRS04,1,70.02,65.85,0,12
STU0432,CRS04,2,75.75,56.16,0,12
STU0432,CRS04,3,103.53,61.72,0,12
STU0432,CRS04,4,113.7,53.58,0,12
STU0432,CRS04,5,74.36,56.96,0,12
STU0432,CRS04,6,19.87,66.54,0,12
STU0432,CRS05,1,98.22,39.26,0,11
STU0432,CRS05,2,182.05,42.59,0,11
STU0432,CRS05,3,190.45,53.59,0,11
STU0432,CRS05,4,79.18,46.05,0,11
STU0432,CRS05,5,214.8,48.51,0,11
STU0432,CRS05,6,69.88,29.31,0,11
STU0432,CRS05,7,148.02,37.58,0,11
STU0432,CRS05,8,96.84,31.47,0,11
STU0432,CRS05,9,208.03,36.7,0,11
STU0432,CRS05,10,169.18,68.33,0,11
STU0432,CRS05,11,144.42,54.79,1,11
STU0433,CRS01,1,142.13,75.76,0,8
STU0433,CRS01,2,40.55,61.65,0,8
STU0433,CRS01,3,93.19,79.71,0,8
STU0433,CRS01,4,39.9,67.5,0,8
STU0433,CRS01,5,125.22,87.33,0,8
STU0433,CRS01,6,57.95,73.29,0,8
STU0433,CRS01,7,91.48,69.22,0,8
STU0433,CRS02,1,114.98,55.13,0,9
STU0433,CRS02,2,95.56,69.64,0,9
STU0433,CRS02,3,238.05,69.03,0,9
STU0433,CRS02,4,254.99,99.78,0,9
STU0433,CRS02,5,91.4,80.18,0,9
STU0433,CRS02,6,274.18,76.2,0,9
STU0433,CRS02,7,233.28,85.29,0,9
STU0433,CRS02,8,251.23,72.86,0,9
STU0433,CRS02,9,84.86,81.38,1,9
STU0433,CRS03,1,251.55,77.89,0,8
STU0433,CRS03,2,35.01,45.07,0,8
STU0433,CRS03,3,162.35,83.6,0,8
STU0433,CRS03,4,91.78,74.49,0,8
STU0433,CRS03,5,194.99,50.96,0,8
STU0433,CRS04,1,214.41,88.09,0,9
STU0433,CRS04,2,210.48,77.75,0,9
STU0433,CRS04,3,114.8,70.7,0,9
STU0433,CRS04,4,160.6,76.11,0,9
STU0433,CRS04,5,212.09,86.48,0,9
STU0433,CRS04,6,190.57,58.3,0,9
STU0433,CRS04,7,259.51,83.37,0,9
STU0433,CRS04,8,154.01,48.62,0,9
STU0433,CRS04,9,200.89,82.51,1,9
STU0433,CRS05,1,98.26,64.6,0,11
STU0433,CRS05,2,131.9,81.58,0,11
STU0433,CRS05,3,80.72,91.81,0,11
STU0433,CRS05,4,20.55,69.76,0,11
STU0433,CRS05,5,68.7,59.23,0,11
STU0434,CRS01,1,42.63,54.2,0,10
STU0434,CRS01,2,138.91,69.52,0,10
STU0434,CRS01,3,112.51,58.09,0,10
STU0434,CRS02,1,158.11,67.83,0,10
STU0434,CRS02,2,131.6,46.32,0,10
STU0434,CRS02,3,133.67,37.76,0,10
STU0434,CRS02,4,53.79,19.53,0,10
STU0434,CRS02,5,166.95,53.71,0,10
STU0434,CRS02,6,170.52,57.72,0,10
STU0434,CRS02,7,132.16,44.19,0,10
STU0434,CRS03,1,60.83,76.18,0,9
STU0434,CRS03,2,169.21,100.0,0,9
STU0434,CRS03,3,90.54,80.46,0,9
STU0434,CRS03,4,113.16,60.05,0,9
STU0434,CRS03,5,157.29,74.95,0,9
STU0434,CRS03,6,154.37,73.62,0,9
STU0434,CRS03,7,161.28,69.5,0,9
STU0434,CRS03,8,134.91,52.34,0,9
STU0434,CRS03,9,51.17,58.35,1,9
STU0434,CRS04,1,25.21,87.3,0,11
STU0434,CRS04,2,48.32,82.95,0,11
STU0434,CRS04,3,77.41,94.24,0,11
STU0434,CRS04,4,29.71,96.87,0,11
STU0434,CRS05,1,23.95,44.12,0,12
STU0434,CRS05,2,41.95,59.44,0,12
STU0434,CRS05,3,97.56,42.81,0,12
STU0434,CRS05,4,158.22,55.27,0,12
STU0434,CRS05,5,21.74,48.05,0,12
STU0434,CRS05,6,131.67,59.03,0,12
STU0434,CRS05,7,91.69,52.8,0,12
STU0434,CRS05,8,142.87,76.82,0,12
STU0434,CRS05,9,177.75,73.03,0,12
STU0434,CRS05,10,135.78,75.96,0,12
STU0434,CRS05,11,63.44,56.38,0,12
STU0434,CRS05,12,108.17,57.49,1,12
STU0435,CRS01,1,241.38,58.81,0,9
STU0435,CRS01,2,179.23,45.94,0,9
STU0435,CRS01,3,52.24,43.82,0,9
STU0435,CRS01,4,225.86,65.03,0,9
STU0435,CRS01,5,189.4,52.51,0,9
STU0435,CRS01,6,208.9,65.64,0,9
STU0435,CRS01,7,272.46,53.52,0,9
STU0435,CRS01,8,179.43,41.88,0,9
STU0435,CRS01,9,164.37,54.12,1,9
STU0435,CRS02,1,108.88,91.25,0,11
STU0435,CRS02,2,36.26,74.91,0,11
STU0435,CRS02,3,40.03,68.85,0,11
STU0435,CRS02,4,128.5,67.82,0,11
STU0435,CRS02,5,57.97,58.59,0,11
STU0435,CRS02,6,85.94,70.51,0,11
STU0435,CRS02,7,135.11,80.16,0,11
STU0435,CRS02,8,71.12,75.67,0,11
STU0435,CRS02,9,81.83,67.81,0,11
STU0435,CRS02,10,42.42,60.06,0,11
STU0435,CRS02,11,124.07,78.33,1,11
STU0435,CRS03,1,65.2,89.46,0,10
STU0435,CRS03,2,250.94,100.0,0,10
STU0435,CRS03,3,66.14,89.25,0,10
STU0435,CRS03,4,262.23,93.77,0,10
STU0435,CRS03,5,151.66,88.04,0,10
STU0435,CRS03,6,128.35,94.72,0,10
STU0435,CRS03,7,155.72,89.63,0,10
STU0435,CRS03,8,156.16,86.37,0,10
STU0435,CRS03,9,89.98,91.29,0,10
STU0435,CRS03,10,164.07,97.84,1,10
STU0435,CRS04,1,104.56,75.18,0,8
STU0435,CRS04,2,189.51,100.0,0,8
STU0435,CRS04,3,57.65,48.17,0,8
STU0435,CRS04,4,238.42,91.95,0,8
STU0435,CRS04,5,226.21,89.14,0,8
STU0435,CRS04,6,74.82,82.52,0,8
STU0435,CRS04,7,270.63,93.49,0,8
STU0435,CRS05,1,165.25,70.45,0,12
STU0435,CRS05,2,25.33,41.3,0,12
STU0435,CRS05,3,136.25,41.01,0,12
STU0435,CRS05,4,35.42,33.12,0,12
STU0435,CRS05,5,176.65,48.02,0,12
STU0435,CRS05,6,90.93,35.5,0,12
STU0435,CRS05,7,70.11,26.15,0,12
STU0435,CRS05,8,69.26,29.63,0,12
STU0435,CRS05,9,27.64,37.92,0,12
STU0435,CRS05,10,139.45,48.8,0,12
STU0435,CRS05,11,74.54,51.06,0,12
STU0436,CRS01,1,188.57,100.0,0,10
STU0436,CRS01,2,186.3,100.0,0,10
STU0436,CRS01,3,117.76,95.36,0,10
STU0436,CRS01,4,68.39,74.1,0,10
STU0436,CRS01,5,178.66,93.99,0,10
STU0436,CRS01,6,232.9,87.3,0,10
STU0436,CRS01,7,29.71,100.0,0,10
STU0436,CRS01,8,146.41,100.0,0,10
STU0436,CRS01,9,180.17,100.0,0,10
STU0436,CRS01,10,143.23,94.46,1,10
STU0436,CRS02,1,29.53,66.83,0,10
STU0436,CRS03,1,70.33,55.88,0,8
STU0436,CRS03,2,28.74,55.4,0,8
STU0436,CRS03,3,104.23,49.94,0,8
STU0436,CRS03,4,99.44,54.89,0,8
STU0436,CRS04,1,44.8,74.94,0,12
STU0436,CRS04,2,15.12,66.04,0,12
STU0436,CRS04,3,81.24,66.72,0,12
STU0436,CRS04,4,66.22,57.68,0,12
STU0436,CRS04,5,17.17,78.33,0,12
STU0436,CRS05,1,173.05,96.4,0,10
STU0436,CRS05,2,33.04,78.9,0,10
STU0436,CRS05,3,62.43,87.54,0,10
STU0436,CRS05,4,104.65,72.39,0,10
STU0436,CRS05,5,51.27,79.57,0,10
STU0436,CRS05,6,51.83,60.53,0,10
STU0436,CRS05,7,141.11,75.22,0,10
STU0436,CRS05,8,32.07,61.05,0,10
STU0436,CRS05,9,88.66,58.94,0,10
STU0436,CRS05,10,57.55,50.67,1,10
STU0437,CRS01,1,187.44,67.29,0,8
STU0437,CRS01,2,146.17,54.23,0,8
STU0437,CRS01,3,31.22,25.07,0,8
STU0437,CRS01,4,188.49,46.01,0,8
STU0437,CRS01,5,121.21,39.43,0,8
STU0437,CRS01,6,111.1,56.51,0,8
STU0437,CRS02,1,69.8,60.19,0,12
STU0437,CRS02,2,79.03,44.28,0,12
STU0437,CRS02,3,41.68,60.59,0,12
STU0437,CRS03,1,247.14,75.11,0,10
STU0437,CRS03,2,245.15,62.94,0,10
STU0437,CRS03,3,165.16,73.66,0,10
STU0437,CRS03,4,172.05,62.78,0,10
STU0437,CRS03,5,128.79,45.74,0,10
STU0437,CRS03,6,110.79,49.64,0,10
STU0437,CRS03,7,46.01,45.03,0,10
STU0437,CRS03,8,178.6,73.9,0,10
STU0437,CRS03,9,136.58,60.2,0,10
STU0437,CRS03,10,100.26,57.15,1,10
STU0437,CRS04,1,54.73,23.54,0,8
STU0437,CRS04,2,88.37,27.84,0,8
STU0437,CRS04,3,69.01,37.25,0,8
STU0437,CRS04,4,71.85,37.66,0,8
STU0437,CRS04,5,16.84,20.83,0,8
STU0437,CRS04,6,90.24,45.61,0,8
STU0437,CRS04,7,101.11,37.02,0,8
STU0437,CRS05,1,191.27,89.31,0,8
STU0437,CRS05,2,60.77,67.14,0,8
STU0437,CRS05,3,87.82,57.08,0,8
STU0437,CRS05,4,31.08,55.33,0,8
STU0437,CRS05,5,171.25,78.19,0,8
STU0437,CRS05,6,100.64,74.6,0,8
STU0437,CRS05,7,181.37,77.4,0,8
STU0438,CRS01,1,147.12,92.43,0,9
STU0438,CRS01,2,63.25,74.78,0,9
STU0438,CRS01,3,180.45,88.21,0,9
STU0438,CRS01,4,138.59,87.58,0,9
STU0438,CRS01,5,134.64,52.46,0,9
STU0438,CRS01,6,182.0,79.39,0,9
STU0438,CRS02,1,107.88,46.27,0,8
STU0438,CRS02,2,54.89,38.02,0,8
STU0438,CRS02,3,188.18,69.82,0,8
STU0438,CRS02,4,138.95,54.66,0,8
STU0438,CRS02,5,229.27,65.12,0,8
STU0438,CRS02,6,46.45,35.37,0,8
STU0438,CRS02,7,219.04,64.98,0,8
STU0438,CRS02,8,102.9,60.82,1,8
STU0438,CRS03,1,83.49,31.58,0,12
STU0438,CRS03,2,42.61,24.91,0,12
STU0438,CRS03,3,69.88,44.99,0,12
STU0438,CRS03,4,31.56,25.94,0,12
STU0438,CRS03,5,23.57,51.6,0,12
STU0438,CRS03,6,54.17,49.12,0,12
STU0438,CRS03,7,96.29,70.25,0,12
STU0438,CRS04,1,50.38,99.99,0,9
STU0438,CRS04,2,139.46,94.36,0,9
STU0438,CRS04,3,81.8,75.07,0,9
STU0438,CRS05,1,193.78,67.82,0,11
STU0438,CRS05,2,74.42,15.58,0,11
STU0438,CRS05,3,44.39,45.24,0,11
STU0438,CRS05,4,192.75,56.54,0,11
STU0438,CRS05,5,203.76,51.31,0,11
STU0438,CRS05,6,81.97,39.42,0,11
STU0438,CRS05,7,73.4,44.75,0,11
STU0438,CRS05,8,137.33,22.45,0,11
STU0438,CRS05,9,54.13,34.57,0,11
STU0438,CRS05,10,236.84,53.93,0,11
STU0438,CRS05,11,134.71,44.02,1,11
STU0439,CRS01,1,182.52,73.54,0,10
STU0439,CRS01,2,35.98,60.4,0,10
STU0439,CRS01,3,131.02,44.96,0,10
STU0439,CRS01,4,182.49,75.42,0,10
STU0439,CRS02,1,154.78,64.64,0,11
STU0439,CRS02,2,157.64,75.25,0,11
STU0439,CRS02,3,93.95,76.53,0,11
STU0439,CRS02,4,38.27,57.37,0,11
STU0439,CRS02,5,159.97,81.28,0,11
STU0439,CRS02,6,31.66,88.08,0,11
STU0439,CRS02,7,32.14,78.17,0,11
STU0439,CRS02,8,116.67,73.08,0,11
STU0439,CRS02,9,80.1,68.98,0,11
STU0439,CRS02,10,178.34,98.45,0,11
STU0439,CRS03,1,99.07,76.02,0,12
STU0439,CRS03,2,33.9,49.19,0,12
STU0439,CRS03,3,258.47,78.67,0,12
STU0439,CRS03,4,57.02,77.54,0,12
STU0439,CRS03,5,185.81,91.94,0,12
STU0439,CRS03,6,237.2,59.64,0,12
STU0439,CRS03,7,152.89,88.86,0,12
STU0439,CRS03,8,98.04,55.08,0,12
STU0439,CRS03,9,260.5,71.88,0,12
STU0439,CRS03,10,285.33,64.1,0,12
STU0439,CRS03,11,80.07,69.26,0,12
STU0439,CRS03,12,135.25,75.7,1,12
STU0439,CRS04,1,118.47,48.83,0,8
STU0439,CRS04,2,121.15,59.57,0,8
STU0439,CRS04,3,118.66,48.38,0,8
STU0439,CRS04,4,33.24,42.24,0,8
STU0439,CRS05,1,56.66,41.72,0,10
STU0439,CRS05,2,38.74,38.57,0,10
STU0439,CRS05,3,128.17,74.69,0,10
STU0439,CRS05,4,50.74,32.93,0,10
STU0439,CRS05,5,20.54,44.59,0,10
STU0439,CRS05,6,94.74,31.54,0,10
STU0439,CRS05,7,126.18,41.48,0,10
STU0439,CRS05,8,76.21,58.05,0,10
STU0439,CRS05,9,56.92,53.1,0,10
STU0440,CRS01,1,192.23,65.55,0,9
STU0440,CRS01,2,61.57,67.17,0,9
STU0440,CRS01,3,198.88,56.31,0,9
STU0440,CRS01,4,189.49,50.05,0,9
STU0440,CRS01,5,216.68,41.45,0,9
STU0440,CRS01,6,27.9,24.43,0,9
STU0440,CRS01,7,58.92,47.24,0,9
STU0440,CRS01,8,28.66,42.92,0,9
STU0440,CRS01,9,29.28,43.15,1,9
STU0440,CRS02,1,136.93,99.97,0,8
STU0440,CRS02,2,55.12,97.81,0,8
STU0440,CRS02,3,229.35,99.8,0,8
STU0440,CRS02,4,113.98,98.03,0,8
STU0440,CRS02,5,237.36,90.12,0,8
STU0440,CRS02,6,223.71,89.58,0,8
STU0440,CRS02,7,180.69,100.0,0,8
STU0440,CRS02,8,238.0,92.2,1,8
STU0440,CRS03,1,31.36,44.88,0,10
STU0440,CRS03,2,140.98,61.31,0,10
STU0440,CRS03,3,100.58,45.62,0,10
STU0440,CRS03,4,87.82,66.48,0,10
STU0440,CRS03,5,82.99,41.23,0,10
STU0440,CRS04,1,61.33,42.05,0,12
STU0440,CRS04,2,20.33,40.84,0,12
STU0440,CRS04,3,32.14,50.48,0,12
STU0440,CRS04,4,59.88,60.62,0,12
STU0440,CRS04,5,71.6,67.12,0,12
STU0440,CRS04,6,96.1,67.32,0,12
STU0440,CRS04,7,28.87,48.11,0,12
STU0440,CRS04,8,14.4,65.71,0,12
STU0440,CRS05,1,21.12,50.85,0,10
STU0441,CRS01,1,49.37,96.96,0,11
STU0441,CRS02,1,76.57,76.0,0,12
STU0441,CRS02,2,13.6,60.53,0,12
STU0441,CRS02,3,55.15,75.46,0,12
STU0441,CRS02,4,42.95,77.53,0,12
STU0441,CRS03,1,56.74,87.84,0,11
STU0441,CRS03,2,57.49,84.6,0,11
STU0441,CRS03,3,149.18,100.0,0,11
STU0441,CRS04,1,73.17,41.36,0,11
STU0441,CRS04,2,49.75,28.6,0,11
STU0441,CRS05,1,61.14,81.65,0,9
STU0441,CRS05,2,84.36,79.54,0,9
STU0441,CRS05,3,42.83,86.29,0,9
STU0441,CRS05,4,97.3,84.85,0,9
STU0442,CRS01,1,178.09,74.74,0,8
STU0442,CRS01,2,80.05,81.61,0,8
STU0442,CRS01,3,166.56,86.15,0,8
STU0442,CRS01,4,135.07,64.76,0,8
STU0442,CRS01,5,159.3,85.12,0,8
STU0442,CRS01,6,114.73,49.91,0,8
STU0442,CRS01,7,122.18,62.69,0,8
STU0442,CRS01,8,69.07,52.24,1,8
STU0442,CRS02,1,18.99,39.6,0,8
STU0442,CRS03,1,162.52,83.24,0,9
STU0442,CRS03,2,139.87,76.3,0,9
STU0442,CRS03,3,201.18,75.81,0,9
STU0442,CRS03,4,120.5,74.63,0,9
STU0442,CRS03,5,215.37,91.61,0,9
STU0442,CRS03,6,94.57,77.14,0,9
STU0442,CRS03,7,178.36,63.77,0,9
STU0442,CRS03,8,127.02,78.88,0,9
STU0442,CRS04,1,67.26,69.2,0,11
STU0442,CRS04,2,101.73,81.52,0,11
STU0442,CRS04,3,205.51,91.38,0,11
STU0442,CRS04,4,132.37,63.98,0,11
STU0442,CRS04,5,229.82,72.11,0,11
STU0442,CRS04,6,117.93,80.92,0,11
STU0442,CRS04,7,121.35,77.42,0,11
STU0442,CRS04,8,108.33,65.48,0,11
STU0442,CRS04,9,147.05,69.09,0,11
STU0442,CRS04,10,148.06,75.93,0,11
STU0442,CRS04,11,197.38,74.59,1,11
STU0442,CRS05,1,43.53,94.06,0,9
STU0442,CRS05,2,128.42,95.69,0,9
STU0442,CRS05,3,198.93,100.0,0,9
STU0442,CRS05,4,166.35,96.66,0,9
STU0442,CRS05,5,23.91,85.48,0,9
STU0442,CRS05,6,129.83,100.0,0,9
STU0442,CRS05,7,142.97,96.57,0,9
STU0442,CRS05,8,171.06,100.0,0,9
STU0442,CRS05,9,49.93,97.76,1,9
STU0443,CRS01,1,100.5,18.34,0,10
STU0443,CRS01,2,70.96,47.71,0,10
STU0443,CRS01,3,129.09,58.94,0,10
STU0443,CRS01,4,19.1,33.55,0,10
STU0443,CRS01,5,128.97,44.33,0,10
STU0443,CRS01,6,137.76,14.59,0,10
STU0443,CRS01,7,20.76,35.64,0,10
STU0443,CRS02,1,20.61,54.03,0,10
STU0443,CRS02,2,162.63,55.88,0,10
STU0443,CRS02,3,167.84,50.4,0,10
STU0443,CRS02,4,129.84,60.13,0,10
STU0443,CRS02,5,171.14,49.28,0,10
STU0443,CRS02,6,92.73,35.48,0,10
STU0443,CRS03,1,134.68,89.31,0,11
STU0443,CRS03,2,163.03,100.0,0,11
STU0443,CRS03,3,152.52,94.45,0,11
STU0443,CRS03,4,22.71,74.68,0,11
STU0443,CRS03,5,116.55,92.7,0,11
STU0443,CRS03,6,63.87,86.12,0,11
STU0443,CRS03,7,142.3,85.58,0,11
STU0443,CRS03,8,39.97,74.92,0,11
STU0443,CRS04,1,38.93,18.82,0,11
STU0443,CRS04,2,200.99,58.69,0,11
STU0443,CRS04,3,118.87,32.1,0,11
STU0443,CRS04,4,30.85,24.3,0,11
STU0443,CRS04,5,116.85,40.07,0,11
STU0443,CRS04,6,125.22,51.33,0,11
STU0443,CRS04,7,33.87,34.99,0,11
STU0443,CRS04,8,167.16,38.28,0,11
STU0443,CRS04,9,153.26,43.31,0,11
STU0443,CRS05,1,120.03,98.21,0,9
STU0443,CRS05,2,30.07,80.8,0,9
STU0443,CRS05,3,200.45,96.36,0,9
STU0443,CRS05,4,150.8,100.0,0,9
STU0443,CRS05,5,120.14,76.27,0,9
STU0443,CRS05,6,191.23,87.25,0,9
STU0443,CRS05,7,112.24,79.22,0,9
STU0443,CRS05,8,185.62,93.07,0,9
STU0443,CRS05,9,188.17,89.99,1,9
STU0444,CRS01,1,112.15,39.37,0,8
STU0444,CRS01,2,78.15,46.85,0,8
STU0444,CRS01,3,97.33,41.8,0,8
STU0444,CRS01,4,68.78,46.54,0,8
STU0444,CRS01,5,104.33,52.27,0,8
STU0444,CRS01,6,55.56,44.46,0,8
STU0444,CRS01,7,107.88,40.92,0,8
STU0444,CRS02,1,182.13,100.0,0,8
STU0444,CRS02,2,44.34,75.29,0,8
STU0444,CRS02,3,96.89,99.05,0,8
STU0444,CRS02,4,168.45,76.7,0,8
STU0444,CRS02,5,69.29,88.98,0,8
STU0444,CRS02,6,140.29,100.0,0,8
STU0444,CRS02,7,142.21,100.0,0,8
STU0444,CRS02,8,36.58,97.38,1,8
STU0444,CRS03,1,93.74,73.15,0,11
STU0444,CRS03,2,94.89,59.12,0,11
STU0444,CRS03,3,57.46,73.19,0,11
STU0444,CRS03,4,66.76,70.04,0,11
STU0444,CRS03,5,100.72,76.71,0,11
STU0444,CRS03,6,100.33,74.21,0,11
STU0444,CRS04,1,64.71,51.94,0,8
STU0444,CRS04,2,59.69,66.07,0,8
STU0444,CRS04,3,39.63,52.05,0,8
STU0444,CRS05,1,88.17,84.4,0,9
STU0444,CRS05,2,184.63,96.15,0,9
STU0444,CRS05,3,145.5,100.0,0,9
STU0444,CRS05,4,96.03,78.71,0,9
STU0444,CRS05,5,100.93,100.0,0,9
STU0445,CRS01,1,47.15,49.94,0,11
STU0445,CRS01,2,27.97,42.46,0,11
STU0445,CRS01,3,30.37,43.98,0,11
STU0445,CRS01,4,107.02,67.6,0,11
STU0445,CRS01,5,60.07,28.31,0,11
STU0445,CRS01,6,21.42,31.43,0,11
STU0445,CRS02,1,105.04,52.99,0,9
STU0445,CRS02,2,84.29,44.2,0,9
STU0445,CRS02,3,23.05,40.51,0,9
STU0445,CRS02,4,98.4,40.14,0,9
STU0445,CRS02,5,105.08,45.49,0,9
STU0445,CRS02,6,24.55,18.6,0,9
STU0445,CRS02,7,98.13,32.03,0,9
STU0445,CRS02,8,67.15,36.02,0,9
STU0445,CRS02,9,19.29,14.96,1,9
STU0445,CRS03,1,155.21,73.6,0,10
STU0445,CRS03,2,69.45,40.58,0,10
STU0445,CRS03,3,51.95,50.81,0,10
STU0445,CRS03,4,66.88,37.12,0,10
STU0445,CRS03,5,38.48,43.3,0,10
STU0445,CRS03,6,189.95,68.24,0,10
STU0445,CRS03,7,31.94,31.6,0,10
STU0445,CRS03,8,91.03,38.05,0,10
STU0445,CRS03,9,175.25,45.41,0,10
STU0445,CRS03,10,203.18,48.3,1,10
STU0445,CRS04,1,123.73,62.71,0,9
STU0445,CRS04,2,74.13,69.21,0,9
STU0445,CRS04,3,221.9,75.01,0,9
STU0445,CRS04,4,133.07,64.78,0,9
STU0445,CRS04,5,163.99,63.89,0,9
STU0445,CRS04,6,214.45,85.84,0,9
STU0445,CRS04,7,179.31,67.77,0,9
STU0445,CRS04,8,276.56,87.36,0,9
STU0445,CRS04,9,215.03,65.59,1,9
STU0445,CRS05,1,143.2,85.28,0,12
STU0445,CRS05,2,55.88,89.69,0,12
STU0445,CRS05,3,164.47,89.3,0,12
STU0445,CRS05,4,127.99,92.58,0,12
STU0445,CRS05,5,192.65,88.41,0,12
STU0445,CRS05,6,131.15,81.38,0,12
STU0445,CRS05,7,81.22,73.16,0,12
STU0445,CRS05,8,131.28,81.62,0,12
STU0445,CRS05,9,186.06,76.96,0,12
STU0445,CRS05,10,181.52,77.65,0,12
STU0446,CRS01,1,56.61,90.24,0,8
STU0446,CRS01,2,212.15,100.0,0,8
STU0446,CRS01,3,36.81,85.01,0,8
STU0446,CRS01,4,90.44,99.95,0,8
STU0446,CRS01,5,90.46,86.17,0,8
STU0446,CRS01,6,46.05,98.18,0,8
STU0446,CRS01,7,215.19,100.0,0,8
STU0446,CRS01,8,101.64,86.57,1,8
STU0446,CRS02,1,127.59,76.26,0,11
STU0446,CRS02,2,71.93,54.82,0,11
STU0446,CRS02,3,79.44,53.75,0,11
STU0446,CRS02,4,215.88,86.38,0,11
STU0446,CRS02,5,158.38,55.12,0,11
STU0446,CRS02,6,37.87,63.87,0,11
STU0446,CRS02,7,147.98,56.95,0,11
STU0446,CRS02,8,238.26,82.2,0,11
STU0446,CRS02,9,212.79,65.11,0,11
STU0446,CRS02,10,102.71,61.44,0,11
STU0446,CRS02,11,241.46,83.29,1,11
STU0446,CRS03,1,162.27,86.29,0,10
STU0446,CRS03,2,53.13,93.89,0,10
STU0446,CRS03,3,134.11,82.88,0,10
STU0446,CRS03,4,197.36,91.43,0,10
STU0446,CRS03,5,116.19,96.18,0,10
STU0446,CRS03,6,77.16,83.54,0,10
STU0446,CRS03,7,40.35,84.98,0,10
STU0446,CRS03,8,151.64,94.88,0,10
STU0446,CRS03,9,220.65,100.0,0,10
STU0446,CRS03,10,81.48,100.0,1,10
STU0446,CRS04,1,31.19,92.73,0,8
STU0446,CRS04,2,223.64,100.0,0,8
STU0446,CRS04,3,159.05,81.6,0,8
STU0446,CRS04,4,127.44,87.94,0,8
STU0446,CRS04,5,84.36,88.81,0,8
STU0446,CRS04,6,72.84,85.48,0,8
STU0446,CRS04,7,128.7,74.6,0,8
STU0446,CRS04,8,154.54,100.0,1,8
STU0446,CRS05,1,74.8,32.13,0,10
STU0446,CRS05,2,105.25,54.24,0,10
STU0446,CRS05,3,128.64,47.41,0,10
STU0446,CRS05,4,115.28,32.67,0,10
STU0446,CRS05,5,133.5,54.1,0,10
STU0446,CRS05,6,158.96,55.32,0,10
STU0446,CRS05,7,44.39,23.44,0,10
STU0446,CRS05,8,193.08,53.13,0,10
STU0446,CRS05,9,167.1,40.8,0,10
STU0446,CRS05,10,145.41,39.74,1,10
STU0447,CRS01,1,142.88,79.34,0,8
STU0447,CRS01,2,101.62,66.25,0,8
STU0447,CRS01,3,119.9,64.4,0,8
STU0447,CRS01,4,164.61,84.33,0,8
STU0447,CRS01,5,107.34,66.7,0,8
STU0447,CRS01,6,28.03,52.19,0,8
STU0447,CRS02,1,71.69,74.55,0,11
STU0447,CRS02,2,70.41,62.41,0,11
STU0447,CRS02,3,54.43,81.97,0,11
STU0447,CRS02,4,69.91,72.25,0,11
STU0447,CRS02,5,38.74,60.04,0,11
STU0447,CRS02,6,28.89,77.66,0,11
STU0447,CRS02,7,24.01,57.96,0,11
STU0447,CRS02,8,79.98,90.71,0,11
STU0447,CRS02,9,59.27,79.41,0,11
STU0447,CRS02,10,81.02,89.4,0,11
STU0447,CRS02,11,84.62,73.72,1,11
STU0447,CRS03,1,127.76,67.69,0,8
STU0447,CRS03,2,156.12,98.7,0,8
STU0447,CRS04,1,39.6,45.78,0,11
STU0447,CRS04,2,170.96,57.93,0,11
STU0447,CRS04,3,223.84,67.08,0,11
STU0447,CRS04,4,90.58,55.59,0,11
STU0447,CRS04,5,192.44,78.93,0,11
STU0447,CRS04,6,226.98,63.64,0,11
STU0447,CRS04,7,189.59,71.72,0,11
STU0447,CRS04,8,164.68,60.36,0,11
STU0447,CRS04,9,237.09,65.37,0,11
STU0447,CRS04,10,91.0,60.83,0,11
STU0447,CRS04,11,42.5,55.77,1,11
STU0447,CRS05,1,67.91,99.81,0,11
STU0447,CRS05,2,70.48,96.79,0,11
STU0447,CRS05,3,98.63,81.14,0,11
STU0447,CRS05,4,49.74,79.04,0,11
STU0447,CRS05,5,81.1,68.93,0,11
STU0447,CRS05,6,73.25,73.15,0,11
STU0447,CRS05,7,26.11,60.17,0,11
STU0447,CRS05,8,179.84,100.0,0,11
STU0447,CRS05,9,83.64,71.57,0,11
STU0448,CRS01,1,73.42,33.09,0,8
STU0448,CRS01,2,49.65,46.37,0,8
STU0448,CRS01,3,77.12,37.73,0,8
STU0448,CRS01,4,69.03,43.49,0,8
STU0448,CRS01,5,41.57,32.76,0,8
STU0448,CRS01,6,33.16,4.98,0,8
STU0448,CRS01,7,100.72,47.32,0,8
STU0448,CRS01,8,77.11,13.57,1,8
STU0448,CRS02,1,177.2,100.0,0,10
STU0448,CRS02,2,144.2,100.0,0,10
STU0448,CRS02,3,141.42,100.0,0,10
STU0448,CRS02,4,119.48,97.95,0,10
STU0448,CRS02,5,189.61,100.0,0,10
STU0448,CRS02,6,121.58,100.0,0,10
STU0448,CRS02,7,260.35,89.56,0,10
STU0448,CRS02,8,99.84,94.47,0,10
STU0448,CRS02,9,42.45,71.67,0,10
STU0448,CRS02,10,87.56,88.24,1,10
STU0448,CRS03,1,171.79,89.4,0,12
STU0448,CRS03,2,138.14,69.38,0,12
STU0448,CRS03,3,200.0,92.01,0,12
STU0448,CRS03,4,92.38,59.75,0,12
STU0448,CRS04,1,179.31,95.91,0,11
STU0448,CRS04,2,141.62,83.69,0,11
STU0448,CRS04,3,148.49,100.0,0,11
STU0448,CRS04,4,67.24,75.01,0,11
STU0448,CRS04,5,26.17,89.54,0,11
STU0448,CRS04,6,163.54,94.61,0,11
STU0448,CRS04,7,177.86,100.0,0,11
STU0448,CRS04,8,167.21,100.0,0,11
STU0448,CRS04,9,91.95,100.0,0,11
STU0448,CRS04,10,215.8,100.0,0,11
STU0448,CRS04,11,54.72,78.7,1,11
STU0448,CRS05,1,122.99,76.9,0,12
STU0448,CRS05,2,30.42,75.71,0,12
STU0448,CRS05,3,193.17,98.3,0,12
STU0448,CRS05,4,99.32,66.68,0,12
STU0448,CRS05,5,93.78,81.7,0,12
STU0448,CRS05,6,113.51,71.46,0,12
STU0448,CRS05,7,182.92,82.1,0,12
STU0448,CRS05,8,124.95,81.56,0,12
STU0448,CRS05,9,155.32,98.58,0,12
STU0448,CRS05,10,53.73,86.81,0,12
STU0448,CRS05,11,222.32,95.91,0,12
STU0448,CRS05,12,101.48,84.56,1,12
STU0449,CRS01,1,87.08,40.93,0,8
STU0449,CRS01,2,60.09,41.04,0,8
STU0449,CRS02,1,25.74,43.43,0,12
STU0449,CRS02,2,41.21,60.56,0,12
STU0449,CRS02,3,46.48,58.93,0,12
STU0449,CRS02,4,12.54,51.26,0,12
STU0449,CRS02,5,59.39,50.05,0,12
STU0449,CRS02,6,73.85,44.25,0,12
STU0449,CRS02,7,21.94,54.65,0,12
STU0449,CRS03,1,12.54,90.33,0,10
STU0449,CRS03,2,68.9,82.13,0,10
STU0449,CRS03,3,21.17,83.77,0,10
STU0449,CRS04,1,54.9,82.66,0,12
STU0449,CRS04,2,33.13,83.82,0,12
STU0449,CRS04,3,51.96,74.43,0,12
STU0449,CRS04,4,55.9,87.75,0,12
STU0449,CRS04,5,122.8,100.0,0,12
STU0449,CRS04,6,152.1,98.81,0,12
STU0449,CRS04,7,137.87,100.0,0,12
STU0449,CRS04,8,88.53,82.63,0,12
STU0449,CRS04,9,51.94,88.09,0,12
STU0449,CRS05,1,68.43,70.1,0,11
STU0449,CRS05,2,239.99,91.63,0,11
STU0449,CRS05,3,32.07,35.84,0,11
STU0449,CRS05,4,87.32,49.18,0,11
STU0449,CRS05,5,74.11,65.24,0,11
STU0449,CRS05,6,234.99,57.85,0,11
STU0449,CRS05,7,261.11,72.85,0,11
STU0449,CRS05,8,266.3,42.95,0,11
STU0450,CRS01,1,77.77,98.72,0,11
STU0450,CRS01,2,138.54,98.1,0,11
STU0450,CRS01,3,136.35,100.0,0,11
STU0450,CRS02,1,67.93,50.71,0,10
STU0450,CRS02,2,48.4,45.39,0,10
STU0450,CRS03,1,38.54,66.64,0,10
STU0450,CRS03,2,127.25,90.41,0,10
STU0450,CRS03,3,171.3,93.82,0,10
STU0450,CRS03,4,121.63,100.0,0,10
STU0450,CRS03,5,122.62,100.0,0,10
STU0450,CRS03,6,63.31,73.04,0,10
STU0450,CRS03,7,64.25,69.54,0,10
STU0450,CRS03,8,135.49,81.55,0,10
STU0450,CRS03,9,83.57,87.95,0,10
STU0450,CRS03,10,166.96,88.4,1,10
STU0450,CRS04,1,162.86,88.92,0,12
STU0450,CRS04,2,126.96,79.58,0,12
STU0450,CRS04,3,185.37,100.0,0,12
STU0450,CRS04,4,79.26,79.81,0,12
STU0450,CRS04,5,66.6,95.78,0,12
STU0450,CRS04,6,95.63,100.0,0,12
STU0450,CRS04,7,114.26,90.39,0,12
STU0450,CRS05,1,215.39,69.56,0,9
STU0450,CRS05,2,240.29,48.34,0,9
STU0450,CRS05,3,59.79,59.38,0,9
STU0450,CRS05,4,135.1,51.12,0,9
STU0450,CRS05,5,112.15,57.78,0,9
STU0450,CRS05,6,231.14,41.19,0,9
STU0450,CRS05,7,83.54,35.95,0,9
STU0450,CRS05,8,267.38,38.8,0,9
STU0450,CRS05,9,273.16,43.23,1,9
STU0451,CRS01,1,15.15,31.7,0,8
STU0451,CRS01,2,86.61,39.47,0,8
STU0451,CRS01,3,77.41,48.27,0,8
STU0451,CRS02,1,127.27,100.0,0,10
STU0451,CRS02,2,94.87,86.13,0,10
STU0451,CRS02,3,174.43,100.0,0,10
STU0451,CRS02,4,32.92,88.11,0,10
STU0451,CRS03,1,206.99,54.48,0,9
STU0451,CRS03,2,50.94,73.58,0,9
STU0451,CRS03,3,62.89,66.46,0,9
STU0451,CRS03,4,256.84,58.75,0,9
STU0451,CRS03,5,126.9,57.34,0,9
STU0451,CRS03,6,57.27,52.53,0,9
STU0451,CRS03,7,151.39,53.0,0,9
STU0451,CRS03,8,100.09,62.47,0,9
STU0451,CRS03,9,251.22,50.16,1,9
STU0451,CRS04,1,100.75,79.4,0,11
STU0451,CRS04,2,69.25,51.62,0,11
STU0451,CRS04,3,56.4,36.82,0,11
STU0451,CRS04,4,143.67,58.33,0,11
STU0451,CRS04,5,35.67,46.82,0,11
STU0451,CRS04,6,63.41,51.06,0,11
STU0451,CRS04,7,44.31,43.39,0,11
STU0451,CRS04,8,164.44,61.06,0,11
STU0451,CRS05,1,115.66,55.83,0,9
STU0451,CRS05,2,36.47,50.18,0,9
STU0451,CRS05,3,68.97,56.97,0,9
STU0452,CRS01,1,32.48,63.94,0,10
STU0452,CRS01,2,139.62,62.65,0,10
STU0452,CRS02,1,48.03,56.01,0,8
STU0452,CRS02,2,58.76,78.8,0,8
STU0452,CRS02,3,32.24,67.04,0,8
STU0452,CRS02,4,72.75,63.95,0,8
STU0452,CRS03,1,120.68,42.77,0,8
STU0452,CRS03,2,77.74,27.26,0,8
STU0452,CRS03,3,183.81,43.48,0,8
STU0452,CRS03,4,51.26,3.67,0,8
STU0452,CRS03,5,202.02,33.58,0,8
STU0452,CRS03,6,49.58,33.03,0,8
STU0452,CRS03,7,95.67,38.49,0,8
STU0452,CRS03,8,204.88,43.37,1,8
STU0452,CRS04,1,47.98,46.19,0,8
STU0452,CRS04,2,53.89,50.11,0,8
STU0452,CRS05,1,132.57,91.98,0,8
STU0452,CRS05,2,38.45,84.36,0,8
STU0452,CRS05,3,21.88,95.69,0,8
STU0452,CRS05,4,45.72,100.0,0,8
STU0452,CRS05,5,130.79,100.0,0,8
STU0452,CRS05,6,33.49,87.41,0,8
STU0452,CRS05,7,126.82,83.05,0,8
STU0453,CRS01,1,34.5,100.0,0,10
STU0453,CRS01,2,54.33,88.4,0,10
STU0453,CRS01,3,47.69,72.09,0,10
STU0453,CRS01,4,50.17,79.71,0,10
STU0453,CRS01,5,40.61,88.93,0,10
STU0453,CRS01,6,51.1,81.21,0,10
STU0453,CRS01,7,144.86,100.0,0,10
STU0453,CRS01,8,29.33,70.65,0,10
STU0453,CRS01,9,103.47,92.13,0,10
STU0453,CRS01,10,122.11,93.49,1,10
STU0453,CRS02,1,31.9,46.83,0,11
STU0453,CRS02,2,45.2,27.39,0,11
STU0453,CRS02,3,233.51,47.67,0,11
STU0453,CRS02,4,196.71,43.38,0,11
STU0453,CRS02,5,165.62,53.11,0,11
STU0453,CRS02,6,208.23,58.39,0,11
STU0453,CRS02,7,96.12,43.56,0,11
STU0453,CRS02,8,207.33,60.17,0,11
STU0453,CRS02,9,124.01,56.58,0,11
STU0453,CRS02,10,205.01,59.06,0,11
STU0453,CRS02,11,106.62,60.46,1,11
STU0453,CRS03,1,47.05,80.28,0,10
STU0453,CRS03,2,142.03,81.63,0,10
STU0453,CRS03,3,40.71,82.03,0,10
STU0453,CRS03,4,97.28,67.33,0,10
STU0453,CRS03,5,90.35,80.77,0,10
STU0453,CRS04,1,39.07,55.68,0,8
STU0453,CRS04,2,39.27,79.61,0,8
STU0453,CRS04,3,162.19,73.37,0,8
STU0453,CRS04,4,167.27,55.63,0,8
STU0453,CRS04,5,91.37,60.49,0,8
STU0453,CRS04,6,53.31,46.32,0,8
STU0453,CRS05,1,26.86,39.15,0,11
STU0453,CRS05,2,93.5,45.02,0,11
STU0453,CRS05,3,37.93,39.73,0,11
STU0453,CRS05,4,152.06,73.8,0,11
STU0453,CRS05,5,155.62,70.73,0,11
STU0453,CRS05,6,63.31,39.69,0,11
STU0454,CRS01,1,41.91,87.2,0,11
STU0454,CRS01,2,99.78,91.46,0,11
STU0454,CRS01,3,36.82,62.07,0,11
STU0454,CRS01,4,65.48,93.39,0,11
STU0454,CRS02,1,29.74,33.08,0,10
STU0454,CRS02,2,203.41,35.24,0,10
STU0454,CRS02,3,193.64,33.62,0,10
STU0454,CRS02,4,182.28,49.05,0,10
STU0454,CRS02,5,189.79,45.59,0,10
STU0454,CRS02,6,185.8,47.96,0,10
STU0454,CRS02,7,39.59,44.48,0,10
STU0454,CRS02,8,32.38,32.8,0,10
STU0454,CRS02,9,99.25,29.75,0,10
STU0454,CRS02,10,53.99,36.15,1,10
STU0454,CRS03,1,61.29,42.0,0,9
STU0454,CRS03,2,54.38,54.83,0,9
STU0454,CRS03,3,82.42,66.97,0,9
STU0454,CRS03,4,189.54,68.37,0,9
STU0454,CRS03,5,67.34,63.13,0,9
STU0454,CRS03,6,191.56,58.34,0,9
STU0454,CRS04,1,67.38,23.91,0,8
STU0454,CRS04,2,141.96,64.19,0,8
STU0454,CRS04,3,47.61,33.18,0,8
STU0454,CRS04,4,235.59,55.2,0,8
STU0454,CRS04,5,32.86,46.46,0,8
STU0454,CRS04,6,277.15,60.81,0,8
STU0454,CRS04,7,189.26,59.37,0,8
STU0454,CRS04,8,150.1,55.48,1,8
STU0454,CRS05,1,209.17,97.99,0,9
STU0454,CRS05,2,128.22,95.45,0,9
STU0454,CRS05,3,171.72,83.65,0,9
STU0454,CRS05,4,231.79,79.8,0,9
STU0454,CRS05,5,170.92,100.0,0,9
STU0454,CRS05,6,108.12,83.19,0,9
STU0454,CRS05,7,52.89,79.32,0,9
STU0454,CRS05,8,150.38,92.62,0,9
STU0455,CRS01,1,261.27,51.07,0,11
STU0455,CRS01,2,34.28,39.23,0,11
STU0455,CRS01,3,117.95,43.42,0,11
STU0455,CRS01,4,93.66,50.47,0,11
STU0455,CRS01,5,72.02,29.11,0,11
STU0455,CRS01,6,188.54,41.28,0,11
STU0455,CRS01,7,198.28,43.12,0,11
STU0455,CRS01,8,92.67,33.36,0,11
STU0455,CRS01,9,88.25,39.58,0,11
STU0455,CRS01,10,288.32,30.23,0,11
STU0455,CRS01,11,220.36,44.48,1,11
STU0455,CRS02,1,67.22,100.0,0,9
STU0455,CRS02,2,163.59,86.1,0,9
STU0455,CRS02,3,136.68,97.74,0,9
STU0455,CRS02,4,60.78,91.32,0,9
STU0455,CRS03,1,171.84,72.73,0,10
STU0455,CRS03,2,95.92,39.77,0,10
STU0455,CRS03,3,93.43,54.34,0,10
STU0455,CRS03,4,188.46,60.0,0,10
STU0455,CRS03,5,85.39,40.94,0,10
STU0455,CRS03,6,155.9,53.48,0,10
STU0455,CRS03,7,113.55,65.48,0,10
STU0455,CRS04,1,35.36,53.1,0,8
STU0455,CRS04,2,89.1,91.81,0,8
STU0455,CRS04,3,66.55,65.28,0,8
STU0455,CRS05,1,87.27,97.96,0,11
STU0455,CRS05,2,32.33,94.42,0,11
STU0455,CRS05,3,57.21,78.85,0,11
STU0455,CRS05,4,32.74,76.15,0,11
STU0456,CRS01,1,135.91,94.73,0,12
STU0456,CRS01,2,122.66,92.68,0,12
STU0456,CRS01,3,33.97,78.18,0,12
STU0456,CRS01,4,34.88,80.71,0,12
STU0456,CRS01,5,155.31,100.0,0,12
STU0456,CRS01,6,85.24,97.8,0,12
STU0456,CRS01,7,89.93,71.9,0,12
STU0456,CRS01,8,101.13,88.67,0,12
STU0456,CRS01,9,156.38,85.0,0,12
STU0456,CRS01,10,185.03,100.0,0,12
STU0456,CRS01,11,58.04,75.02,0,12
STU0456,CRS01,12,76.35,78.39,1,12
STU0456,CRS02,1,74.29,83.42,0,10
STU0456,CRS02,2,57.45,95.18,0,10
STU0456,CRS02,3,129.6,92.68,0,10
STU0456,CRS02,4,111.68,76.19,0,10
STU0456,CRS02,5,155.15,100.0,0,10
STU0456,CRS02,6,171.52,87.4,0,10
STU0456,CRS02,7,197.32,100.0,0,10
STU0456,CRS02,8,71.17,84.76,0,10
STU0456,CRS02,9,65.43,89.16,0,10
STU0456,CRS03,1,123.23,92.03,0,10
STU0456,CRS03,2,62.46,76.7,0,10
STU0456,CRS04,1,24.17,54.26,0,11
STU0456,CRS04,2,70.23,72.72,0,11
STU0456,CRS04,3,57.76,59.11,0,11
STU0456,CRS04,4,32.48,66.86,0,11
STU0456,CRS04,5,137.36,72.31,0,11
STU0456,CRS04,6,28.14,43.29,0,11
STU0456,CRS04,7,132.97,72.33,0,11
STU0456,CRS04,8,72.21,49.08,0,11
STU0456,CRS05,1,159.53,43.64,0,8
STU0456,CRS05,2,130.09,37.88,0,8
STU0456,CRS05,3,125.59,49.43,0,8
STU0456,CRS05,4,161.22,51.19,0,8
STU0456,CRS05,5,144.56,46.91,0,8
STU0456,CRS05,6,151.62,50.5,0,8
STU0456,CRS05,7,212.36,39.32,0,8
STU0456,CRS05,8,140.94,48.52,1,8
STU0457,CRS01,1,67.52,40.56,0,11
STU0457,CRS01,2,86.31,44.03,0,11
STU0457,CRS02,1,130.72,70.42,0,10
STU0457,CRS02,2,64.41,78.17,0,10
STU0457,CRS03,1,181.49,40.95,0,11
STU0457,CRS03,2,69.33,31.86,0,11
STU0457,CRS03,3,58.09,40.84,0,11
STU0457,CRS03,4,208.48,39.38,0,11
STU0457,CRS03,5,158.85,54.37,0,11
STU0457,CRS03,6,32.2,41.8,0,11
STU0457,CRS03,7,195.16,47.95,0,11
STU0457,CRS03,8,261.91,32.96,0,11
STU0457,CRS03,9,177.08,29.6,0,11
STU0457,CRS03,10,238.72,45.09,0,11
STU0457,CRS03,11,284.84,46.52,1,11
STU0457,CRS04,1,213.23,100.0,0,10
STU0457,CRS04,2,105.57,100.0,0,10
STU0457,CRS04,3,203.02,96.71,0,10
STU0457,CRS04,4,157.01,84.87,0,10
STU0457,CRS04,5,213.14,82.77,0,10
STU0457,CRS04,6,144.67,92.99,0,10
STU0457,CRS04,7,136.18,99.48,0,10
STU0457,CRS04,8,129.85,98.45,0,10
STU0457,CRS04,9,170.49,93.53,0,10
STU0457,CRS04,10,177.38,100.0,1,10
STU0457,CRS05,1,82.45,55.07,0,10
STU0457,CRS05,2,168.86,53.35,0,10
STU0457,CRS05,3,42.32,73.0,0,10
STU0457,CRS05,4,52.53,40.61,0,10
STU0457,CRS05,5,97.06,51.09,0,10
STU0457,CRS05,6,149.17,54.78,0,10
STU0458,CRS01,1,131.0,65.88,0,9
STU0458,CRS01,2,58.75,77.43,0,9
STU0458,CRS01,3,49.01,74.95,0,9
STU0458,CRS01,4,25.54,66.38,0,9
STU0458,CRS01,5,20.25,56.14,0,9
STU0458,CRS01,6,95.57,78.09,0,9
STU0458,CRS01,7,148.89,70.85,0,9
STU0458,CRS01,8,87.71,66.17,0,9
STU0458,CRS02,1,186.96,80.68,0,10
STU0458,CRS02,2,42.8,73.25,0,10
STU0458,CRS02,3,190.24,90.87,0,10
STU0458,CRS02,4,116.8,88.61,0,10
STU0458,CRS02,5,160.37,74.22,0,10
STU0458,CRS02,6,97.79,73.74,0,10
STU0458,CRS02,7,110.63,60.7,0,10
STU0458,CRS02,8,106.65,50.38,0,10
STU0458,CRS02,9,178.1,61.11,0,10
STU0458,CRS02,10,205.29,70.11,1,10
STU0458,CRS03,1,78.15,35.13,0,10
STU0458,CRS03,2,159.07,80.16,0,10
STU0458,CRS03,3,90.9,56.06,0,10
STU0458,CRS03,4,32.53,50.92,0,10
STU0458,CRS03,5,44.81,35.5,0,10
STU0458,CRS03,6,167.15,70.09,0,10
STU0458,CRS03,7,207.45,47.49,0,10
STU0458,CRS03,8,169.78,59.84,0,10
STU0458,CRS03,9,152.79,53.6,0,10
STU0458,CRS03,10,139.77,59.08,1,10
STU0458,CRS04,1,59.91,66.81,0,12
STU0458,CRS04,2,22.05,61.8,0,12
STU0458,CRS05,1,57.77,44.71,0,9
STU0458,CRS05,2,21.47,34.7,0,9
STU0458,CRS05,3,100.32,54.87,0,9
STU0458,CRS05,4,71.03,59.47,0,9
STU0458,CRS05,5,80.49,55.52,0,9
STU0458,CRS05,6,119.41,64.79,0,9
STU0458,CRS05,7,126.37,52.38,0,9
STU0458,CRS05,8,112.13,42.07,0,9
STU0459,CRS01,1,105.95,54.71,0,9
STU0459,CRS01,2,129.77,50.17,0,9
STU0459,CRS01,3,79.29,80.93,0,9
STU0459,CRS01,4,115.35,49.57,0,9
STU0459,CRS01,5,108.81,46.84,0,9
STU0459,CRS01,6,106.62,58.95,0,9
STU0459,CRS01,7,67.02,64.86,0,9
STU0459,CRS01,8,90.2,48.08,0,9
STU0459,CRS01,9,232.68,75.77,1,9
STU0459,CRS02,1,26.67,43.06,0,8
STU0459,CRS02,2,28.68,51.71,0,8
STU0459,CRS02,3,56.02,53.8,0,8
STU0459,CRS02,4,124.24,34.23,0,8
STU0459,CRS02,5,117.44,52.75,0,8
STU0459,CRS02,6,74.96,43.7,0,8
STU0459,CRS02,7,141.72,35.31,0,8
STU0459,CRS02,8,51.72,39.28,1,8
STU0459,CRS03,1,193.78,55.39,0,9
STU0459,CRS03,2,176.89,48.91,0,9
STU0459,CRS03,3,127.84,60.38,0,9
STU0459,CRS03,4,123.02,62.24,0,9
STU0459,CRS03,5,152.72,60.8,0,9
STU0459,CRS04,1,58.3,47.61,0,8
STU0459,CRS04,2,48.64,41.63,0,8
STU0459,CRS04,3,91.67,33.09,0,8
STU0459,CRS04,4,82.98,51.41,0,8
STU0459,CRS04,5,141.66,40.24,0,8
STU0459,CRS04,6,51.46,47.33,0,8
STU0459,CRS04,7,70.36,56.41,0,8
STU0459,CRS04,8,143.47,34.29,1,8
STU0459,CRS05,1,139.02,100.0,0,8
STU0459,CRS05,2,38.26,100.0,0,8
STU0459,CRS05,3,131.33,100.0,0,8
STU0459,CRS05,4,162.31,100.0,0,8
STU0459,CRS05,5,48.02,98.21,0,8
STU0459,CRS05,6,71.27,86.47,0,8
STU0459,CRS05,7,122.44,92.61,0,8
STU0459,CRS05,8,67.1,90.66,1,8
STU0460,CRS01,1,55.32,81.26,0,10
STU0460,CRS01,2,110.43,87.15,0,10
STU0460,CRS01,3,55.43,80.07,0,10
STU0460,CRS01,4,123.19,79.32,0,10
STU0460,CRS01,5,45.71,73.49,0,10
STU0460,CRS01,6,64.03,76.5,0,10
STU0460,CRS01,7,76.16,99.57,0,10
STU0460,CRS01,8,88.77,84.58,0,10
STU0460,CRS01,9,124.36,87.32,0,10
STU0460,CRS01,10,103.24,100.0,1,10
STU0460,CRS02,1,91.36,60.62,0,12
STU0460,CRS02,2,170.11,82.82,0,12
STU0460,CRS02,3,65.69,78.71,0,12
STU0460,CRS02,4,48.65,94.55,0,12
STU0460,CRS02,5,20.4,74.97,0,12
STU0460,CRS03,1,73.33,62.85,0,12
STU0460,CRS03,2,26.57,38.38,0,12
STU0460,CRS03,3,16.48,51.04,0,12
STU0460,CRS03,4,36.59,51.74,0,12
STU0460,CRS03,5,89.7,57.32,0,12
STU0460,CRS03,6,28.85,49.38,0,12
STU0460,CRS03,7,62.6,61.74,0,12
STU0460,CRS03,8,15.93,58.69,0,12
STU0460,CRS04,1,19.69,79.7,0,8
STU0460,CRS04,2,121.35,65.48,0,8
STU0460,CRS05,1,91.82,74.28,0,10
STU0460,CRS05,2,39.42,88.47,0,10
STU0460,CRS05,3,84.74,99.23,0,10
STU0460,CRS05,4,88.24,82.13,0,10
STU0460,CRS05,5,85.43,100.0,0,10
STU0460,CRS05,6,84.31,95.73,0,10
STU0460,CRS05,7,71.2,86.55,0,10
STU0460,CRS05,8,74.9,95.88,0,10
STU0460,CRS05,9,108.8,100.0,0,10
STU0460,CRS05,10,125.08,77.81,1,10
STU0461,CRS01,1,89.37,32.66,0,8
STU0461,CRS01,2,64.96,38.68,0,8
STU0461,CRS01,3,89.97,48.37,0,8
STU0461,CRS01,4,78.11,49.08,0,8
STU0461,CRS02,1,82.66,87.91,0,8
STU0461,CRS02,2,58.01,79.61,0,8
STU0461,CRS02,3,170.24,97.65,0,8
STU0461,CRS02,4,241.6,100.0,0,8
STU0461,CRS02,5,213.84,88.26,0,8
STU0461,CRS02,6,277.07,86.56,0,8
STU0461,CRS02,7,229.71,94.81,0,8
STU0461,CRS02,8,222.92,83.78,1,8
STU0461,CRS03,1,84.07,53.05,0,9
STU0461,CRS03,2,21.89,59.6,0,9
STU0461,CRS03,3,121.15,67.15,0,9
STU0461,CRS03,4,100.79,51.71,0,9
STU0461,CRS03,5,18.87,39.1,0,9
STU0461,CRS03,6,35.88,63.43,0,9
STU0461,CRS03,7,16.71,42.87,0,9
STU0461,CRS04,1,79.83,76.4,0,8
STU0461,CRS04,2,55.99,87.39,0,8
STU0461,CRS04,3,64.23,75.82,0,8
STU0461,CRS04,4,60.67,74.78,0,8
STU0461,CRS05,1,23.16,57.7,0,8
STU0461,CRS05,2,148.7,54.41,0,8
STU0461,CRS05,3,87.88,56.74,0,8
STU0461,CRS05,4,19.23,69.96,0,8
STU0462,CRS01,1,26.04,85.85,0,8
STU0462,CRS01,2,96.15,88.48,0,8
STU0462,CRS01,3,57.24,59.75,0,8
STU0462,CRS01,4,28.97,69.93,0,8
STU0462,CRS01,5,60.42,69.33,0,8
STU0462,CRS01,6,57.2,71.91,0,8
STU0462,CRS01,7,40.35,66.0,0,8
STU0462,CRS01,8,137.37,85.92,1,8
STU0462,CRS02,1,84.98,88.06,0,8
STU0462,CRS02,2,186.28,80.88,0,8
STU0462,CRS02,3,52.88,68.72,0,8
STU0462,CRS02,4,106.47,67.09,0,8
STU0462,CRS02,5,157.88,64.25,0,8
STU0462,CRS02,6,191.81,78.78,0,8
STU0462,CRS02,7,100.08,77.36,0,8
STU0462,CRS02,8,245.94,86.29,1,8
STU0462,CRS03,1,127.64,58.76,0,12
STU0462,CRS03,2,75.71,55.64,0,12
STU0462,CRS03,3,84.49,48.01,0,12
STU0462,CRS03,4,134.55,62.03,0,12
STU0462,CRS03,5,36.93,54.69,0,12
STU0462,CRS03,6,136.48,50.74,0,12
STU0462,CRS03,7,37.72,54.68,0,12
STU0462,CRS03,8,99.56,68.94,0,12
STU0462,CRS03,9,105.62,55.62,0,12
STU0462,CRS03,10,157.18,64.1,0,12
STU0462,CRS03,11,157.06,67.48,0,12
STU0462,CRS04,1,74.05,71.76,0,11
STU0462,CRS04,2,46.35,76.06,0,11
STU0462,CRS04,3,144.72,81.79,0,11
STU0462,CRS04,4,135.21,100.0,0,11
STU0462,CRS04,5,99.74,86.23,0,11
STU0462,CRS04,6,196.29,82.96,0,11
STU0462,CRS04,7,119.93,89.06,0,11
STU0462,CRS04,8,46.29,68.05,0,11
STU0462,CRS04,9,191.82,79.02,0,11
STU0462,CRS04,10,123.02,66.88,0,11
STU0462,CRS04,11,122.7,75.33,1,11
STU0462,CRS05,1,125.75,62.57,0,12
STU0462,CRS05,2,166.14,55.48,0,12
STU0462,CRS05,3,38.77,53.73,0,12
STU0462,CRS05,4,73.97,70.12,0,12
STU0462,CRS05,5,92.07,46.93,0,12
STU0462,CRS05,6,50.23,47.69,0,12
STU0462,CRS05,7,235.37,61.63,0,12
STU0462,CRS05,8,161.32,49.11,0,12
STU0462,CRS05,9,255.73,51.8,0,12
STU0462,CRS05,10,162.7,82.04,0,12
STU0462,CRS05,11,256.6,57.77,0,12
STU0462,CRS05,12,206.15,52.34,1,12
STU0463,CRS01,1,187.06,92.13,0,12
STU0463,CRS01,2,271.35,50.6,0,12
STU0463,CRS01,3,247.24,80.49,0,12
STU0463,CRS01,4,66.58,64.79,0,12
STU0463,CRS01,5,233.31,85.98,0,12
STU0463,CRS01,6,126.55,62.57,0,12
STU0463,CRS01,7,294.24,68.79,0,12
STU0463,CRS01,8,173.62,54.24,0,12
STU0463,CRS01,9,45.82,60.04,0,12
STU0463,CRS01,10,152.91,46.8,0,12
STU0463,CRS01,11,315.82,58.78,0,12
STU0463,CRS01,12,251.54,60.93,1,12
STU0463,CRS02,1,47.92,31.47,0,10
STU0463,CRS02,2,116.24,43.72,0,10
STU0463,CRS02,3,16.12,30.77,0,10
STU0463,CRS02,4,83.03,54.95,0,10
STU0463,CRS02,5,62.09,61.23,0,10
STU0463,CRS02,6,100.61,50.53,0,10
STU0463,CRS02,7,112.45,51.91,0,10
STU0463,CRS02,8,55.3,35.61,0,10
STU0463,CRS03,1,191.59,74.28,0,11
STU0463,CRS03,2,86.55,46.07,0,11
STU0463,CRS03,3,144.19,71.11,0,11
STU0463,CRS03,4,173.74,73.32,0,11
STU0463,CRS03,5,65.24,61.98,0,11
STU0463,CRS03,6,24.56,57.13,0,11
STU0463,CRS03,7,155.42,61.43,0,11
STU0463,CRS03,8,155.96,63.33,0,11
STU0463,CRS03,9,195.39,64.29,0,11
STU0463,CRS04,1,123.47,45.37,0,11
STU0463,CRS04,2,63.88,27.5,0,11
STU0463,CRS04,3,227.6,56.24,0,11
STU0463,CRS04,4,115.57,38.56,0,11
STU0463,CRS04,5,270.6,42.05,0,11
STU0463,CRS04,6,283.26,55.7,0,11
STU0463,CRS04,7,246.81,27.54,0,11
STU0463,CRS04,8,220.48,60.48,0,11
STU0463,CRS04,9,228.13,27.86,0,11
STU0463,CRS04,10,181.96,27.39,0,11
STU0463,CRS04,11,303.15,39.76,1,11
STU0463,CRS05,1,45.51,96.91,0,9
STU0463,CRS05,2,61.41,90.53,0,9
STU0463,CRS05,3,37.7,88.04,0,9
STU0464,CRS01,1,43.48,47.96,0,11
STU0464,CRS01,2,48.81,49.76,0,11
STU0464,CRS01,3,93.09,53.66,0,11
STU0464,CRS01,4,95.36,46.91,0,11
STU0464,CRS01,5,220.29,71.49,0,11
STU0464,CRS01,6,109.68,56.39,0,11
STU0464,CRS01,7,211.02,62.03,0,11
STU0464,CRS01,8,166.59,57.99,0,11
STU0464,CRS01,9,266.56,66.8,0,11
STU0464,CRS01,10,136.61,57.84,0,11
STU0464,CRS01,11,67.14,44.44,1,11
STU0464,CRS02,1,85.26,96.97,0,12
STU0464,CRS02,2,59.44,81.58,0,12
STU0464,CRS02,3,17.44,100.0,0,12
STU0464,CRS02,4,63.81,96.24,0,12
STU0464,CRS02,5,90.63,79.24,0,12
STU0464,CRS02,6,32.17,79.58,0,12
STU0464,CRS02,7,46.15,71.75,0,12
STU0464,CRS02,8,62.47,99.85,0,12
STU0464,CRS03,1,39.94,72.92,0,8
STU0464,CRS03,2,48.85,84.03,0,8
STU0464,CRS03,3,70.13,80.34,0,8
STU0464,CRS03,4,103.44,63.4,0,8
STU0464,CRS03,5,46.19,54.21,0,8
STU0464,CRS03,6,83.71,59.62,0,8
STU0464,CRS04,1,23.5,43.34,0,8
STU0464,CRS04,2,131.49,62.23,0,8
STU0464,CRS04,3,70.77,30.53,0,8
STU0464,CRS04,4,59.45,37.9,0,8
STU0464,CRS04,5,105.33,28.21,0,8
STU0464,CRS05,1,87.89,78.1,0,9
STU0464,CRS05,2,224.34,100.0,0,9
STU0464,CRS05,3,107.52,88.72,0,9
STU0464,CRS05,4,182.53,86.46,0,9
STU0464,CRS05,5,102.0,74.67,0,9
STU0464,CRS05,6,137.51,72.27,0,9
STU0464,CRS05,7,204.79,89.76,0,9
STU0464,CRS05,8,219.7,100.0,0,9
STU0465,CRS01,1,61.91,65.03,0,11
STU0465,CRS01,2,106.98,81.91,0,11
STU0465,CRS01,3,31.78,61.91,0,11
STU0465,CRS01,4,31.33,76.58,0,11
STU0465,CRS01,5,31.12,88.35,0,11
STU0465,CRS01,6,87.95,76.18,0,11
STU0465,CRS01,7,50.46,80.22,0,11
STU0465,CRS01,8,88.59,67.6,0,11
STU0465,CRS02,1,18.94,59.74,0,8
STU0465,CRS02,2,42.65,48.97,0,8
STU0465,CRS02,3,12.15,36.81,0,8
STU0465,CRS02,4,18.47,52.79,0,8
STU0465,CRS02,5,98.73,65.05,0,8
STU0465,CRS02,6,24.99,54.95,0,8
STU0465,CRS02,7,12.99,56.8,0,8
STU0465,CRS03,1,118.98,78.89,0,12
STU0465,CRS03,2,71.43,67.56,0,12
STU0465,CRS03,3,36.69,61.6,0,12
STU0465,CRS03,4,94.35,50.93,0,12
STU0465,CRS03,5,149.6,62.32,0,12
STU0465,CRS03,6,145.19,80.48,0,12
STU0465,CRS03,7,99.89,63.3,0,12
STU0465,CRS03,8,116.23,62.62,0,12
STU0465,CRS03,9,162.42,78.82,0,12
STU0465,CRS03,10,146.8,63.03,0,12
STU0465,CRS03,11,48.47,47.43,0,12
STU0465,CRS03,12,150.81,69.01,1,12
STU0465,CRS04,1,54.91,52.56,0,9
STU0465,CRS04,2,161.24,57.01,0,9
STU0465,CRS04,3,90.31,42.24,0,9
STU0465,CRS04,4,114.26,33.84,0,9
STU0465,CRS04,5,116.07,57.23,0,9
STU0465,CRS04,6,111.49,48.65,0,9
STU0465,CRS04,7,173.66,70.63,0,9
STU0465,CRS05,1,51.96,33.26,0,10
STU0465,CRS05,2,33.35,29.54,0,10
STU0465,CRS05,3,88.71,54.04,0,10
STU0465,CRS05,4,115.0,35.64,0,10
STU0466,CRS01,1,188.64,100.0,0,12
STU0466,CRS01,2,161.68,91.15,0,12
STU0466,CRS01,3,162.67,100.0,0,12
STU0466,CRS01,4,201.65,96.06,0,12
STU0466,CRS01,5,213.9,85.02,0,12
STU0466,CRS01,6,188.12,100.0,0,12
STU0466,CRS01,7,125.07,95.92,0,12
STU0466,CRS01,8,173.48,74.79,0,12
STU0466,CRS01,9,150.53,98.22,0,12
STU0466,CRS01,10,32.46,85.63,0,12
STU0466,CRS01,11,171.41,100.0,0,12
STU0466,CRS01,12,77.44,89.06,1,12
STU0466,CRS02,1,49.26,86.09,0,9
STU0466,CRS02,2,136.05,84.2,0,9
STU0466,CRS02,3,236.19,89.99,0,9
STU0466,CRS02,4,213.94,89.84,0,9
STU0466,CRS02,5,129.63,95.93,0,9
STU0466,CRS02,6,150.97,88.1,0,9
STU0466,CRS02,7,84.61,83.14,0,9
STU0466,CRS02,8,234.56,98.46,0,9
STU0466,CRS02,9,243.43,92.69,1,9
STU0466,CRS03,1,48.09,77.34,0,8
STU0466,CRS03,2,87.17,60.85,0,8
STU0466,CRS03,3,42.52,62.36,0,8
STU0466,CRS03,4,148.61,92.79,0,8
STU0466,CRS03,5,64.39,93.17,0,8
STU0466,CRS04,1,74.34,59.51,0,12
STU0466,CRS04,2,32.28,69.78,0,12
STU0466,CRS04,3,25.87,60.64,0,12
STU0466,CRS04,4,65.79,60.22,0,12
STU0466,CRS04,5,46.95,57.76,0,12
STU0466,CRS05,1,83.45,35.3,0,8
STU0466,CRS05,2,252.7,59.07,0,8
STU0466,CRS05,3,239.25,48.02,0,8
STU0466,CRS05,4,72.19,24.61,0,8
STU0466,CRS05,5,195.33,58.71,0,8
STU0466,CRS05,6,199.99,50.68,0,8
STU0466,CRS05,7,254.18,48.05,0,8
STU0466,CRS05,8,78.47,43.92,1,8
STU0467,CRS01,1,121.11,95.49,0,11
STU0467,CRS02,1,125.48,90.83,0,10
STU0467,CRS02,2,109.91,73.84,0,10
STU0467,CRS02,3,29.88,57.78,0,10
STU0467,CRS02,4,132.0,79.09,0,10
STU0467,CRS02,5,29.84,68.75,0,10
STU0467,CRS02,6,78.14,79.3,0,10
STU0467,CRS03,1,121.24,54.56,0,9
STU0467,CRS03,2,63.53,78.77,0,9
STU0467,CRS03,3,139.71,85.57,0,9
STU0467,CRS03,4,108.33,48.8,0,9
STU0467,CRS03,5,163.64,81.63,0,9
STU0467,CRS03,6,139.47,65.22,0,9
STU0467,CRS03,7,171.98,67.39,0,9
STU0467,CRS03,8,137.76,66.81,0,9
STU0467,CRS03,9,68.85,48.84,1,9
STU0467,CRS04,1,16.12,40.75,0,9
STU0467,CRS04,2,11.91,33.05,0,9
STU0467,CRS04,3,58.21,46.98,0,9
STU0467,CRS04,4,74.63,33.64,0,9
STU0467,CRS05,1,86.98,34.43,0,9
STU0467,CRS05,2,151.41,58.65,0,9
STU0467,CRS05,3,239.33,76.24,0,9
STU0467,CRS05,4,137.2,45.39,0,9
STU0467,CRS05,5,220.8,77.51,0,9
STU0467,CRS05,6,41.44,62.8,0,9
STU0467,CRS05,7,46.86,53.71,0,9
STU0467,CRS05,8,67.48,59.76,0,9
STU0467,CRS05,9,166.71,56.05,1,9
STU0468,CRS01,1,59.27,48.2,0,9
STU0468,CRS01,2,91.97,71.56,0,9
STU0468,CRS01,3,52.72,58.12,0,9
STU0468,CRS01,4,57.34,33.57,0,9
STU0468,CRS01,5,175.45,66.86,0,9
STU0468,CRS02,1,173.19,99.7,0,8
STU0468,CRS02,2,201.74,100.0,0,8
STU0468,CRS02,3,48.62,78.87,0,8
STU0468,CRS02,4,205.89,97.66,0,8
STU0468,CRS02,5,142.19,83.71,0,8
STU0468,CRS02,6,88.96,85.74,0,8
STU0468,CRS03,1,217.62,72.34,0,9
STU0468,CRS03,2,60.96,49.82,0,9
STU0468,CRS03,3,207.83,61.17,0,9
STU0468,CRS03,4,36.82,43.13,0,9
STU0468,CRS03,5,102.98,45.72,0,9
STU0468,CRS04,1,141.54,50.52,0,9
STU0468,CRS04,2,115.95,45.06,0,9
STU0468,CRS04,3,37.94,52.15,0,9
STU0468,CRS04,4,58.22,51.12,0,9
STU0468,CRS04,5,177.83,48.31,0,9
STU0468,CRS04,6,134.54,58.3,0,9
STU0468,CRS04,7,151.58,31.53,0,9
STU0468,CRS04,8,178.15,52.01,0,9
STU0468,CRS04,9,70.25,27.26,1,9
STU0468,CRS05,1,17.83,87.9,0,12
STU0468,CRS05,2,109.92,92.98,0,12
STU0468,CRS05,3,73.7,94.49,0,12
STU0468,CRS05,4,113.7,100.0,0,12
STU0468,CRS05,5,20.92,100.0,0,12
STU0468,CRS05,6,92.1,70.95,0,12
STU0468,CRS05,7,67.68,88.47,0,12
STU0469,CRS01,1,101.45,29.13,0,12
STU0469,CRS01,2,23.39,48.63,0,12
STU0469,CRS01,3,42.19,14.89,0,12
STU0469,CRS02,1,32.89,61.28,0,8
STU0469,CRS02,2,84.64,74.22,0,8
STU0469,CRS02,3,64.29,52.69,0,8
STU0469,CRS03,1,182.6,100.0,0,10
STU0469,CRS03,2,247.45,100.0,0,10
STU0469,CRS03,3,89.21,84.76,0,10
STU0469,CRS03,4,181.39,100.0,0,10
STU0469,CRS03,5,141.8,99.85,0,10
STU0469,CRS03,6,173.32,95.15,0,10
STU0469,CRS03,7,117.44,75.31,0,10
STU0469,CRS03,8,141.11,88.91,0,10
STU0469,CRS03,9,166.37,96.43,0,10
STU0469,CRS03,10,84.95,76.68,1,10
STU0469,CRS04,1,66.55,76.4,0,11
STU0469,CRS04,2,29.72,99.51,0,11
STU0469,CRS04,3,109.46,68.55,0,11
STU0469,CRS04,4,53.29,60.78,0,11
STU0469,CRS04,5,105.49,80.29,0,11
STU0469,CRS04,6,105.45,75.24,0,11
STU0469,CRS04,7,88.89,62.72,0,11
STU0469,CRS04,8,83.98,67.63,0,11
STU0469,CRS05,1,25.88,67.27,0,9
STU0469,CRS05,2,113.88,67.1,0,9
STU0469,CRS05,3,30.98,74.25,0,9
STU0469,CRS05,4,117.27,64.75,0,9
STU0470,CRS01,1,95.63,81.87,0,9
STU0470,CRS01,2,65.62,94.38,0,9
STU0470,CRS01,3,94.09,93.67,0,9
STU0470,CRS02,1,55.8,58.4,0,8
STU0470,CRS02,2,101.63,65.26,0,8
STU0470,CRS03,1,25.51,43.51,0,9
STU0470,CRS03,2,149.27,61.24,0,9
STU0470,CRS03,3,217.59,43.2,0,9
STU0470,CRS03,4,103.3,57.63,0,9
STU0470,CRS03,5,171.19,72.77,0,9
STU0470,CRS03,6,115.32,52.69,0,9
STU0470,CRS03,7,147.88,29.03,0,9
STU0470,CRS03,8,194.48,42.17,0,9
STU0470,CRS03,9,76.12,67.45,1,9
STU0470,CRS04,1,82.49,63.21,0,12
STU0470,CRS04,2,110.21,69.13,0,12
STU0470,CRS04,3,110.02,47.51,0,12
STU0470,CRS04,4,37.83,29.36,0,12
STU0470,CRS04,5,27.57,50.6,0,12
STU0470,CRS04,6,107.84,30.48,0,12
STU0470,CRS04,7,109.42,55.54,0,12
STU0470,CRS04,8,28.38,48.92,0,12
STU0470,CRS04,9,135.09,43.57,0,12
STU0470,CRS05,1,232.99,59.69,0,10
STU0470,CRS05,2,248.86,67.6,0,10
STU0470,CRS05,3,91.8,27.67,0,10
STU0470,CRS05,4,38.92,31.02,0,10
STU0470,CRS05,5,107.86,47.83,0,10
STU0470,CRS05,6,245.22,50.57,0,10
STU0470,CRS05,7,79.69,36.69,0,10
STU0470,CRS05,8,274.8,23.2,0,10
STU0470,CRS05,9,239.1,58.41,0,10
STU0470,CRS05,10,131.64,30.96,1,10
STU0471,CRS01,1,61.83,71.64,0,10
STU0471,CRS01,2,95.06,99.39,0,10
STU0471,CRS01,3,111.79,81.69,0,10
STU0471,CRS01,4,191.09,77.49,0,10
STU0471,CRS01,5,28.9,72.76,0,10
STU0471,CRS01,6,152.0,69.64,0,10
STU0471,CRS01,7,46.8,64.88,0,10
STU0471,CRS01,8,265.06,77.98,0,10
STU0471,CRS01,9,144.36,86.75,0,10
STU0471,CRS01,10,228.92,83.56,1,10
STU0471,CRS02,1,58.21,86.11,0,12
STU0471,CRS02,2,23.77,90.36,0,12
STU0471,CRS02,3,164.07,84.68,0,12
STU0471,CRS02,4,99.77,79.07,0,12
STU0471,CRS02,5,172.75,86.15,0,12
STU0471,CRS02,6,167.89,100.0,0,12
STU0471,CRS02,7,85.42,59.32,0,12
STU0471,CRS02,8,80.31,77.45,0,12
STU0471,CRS02,9,62.11,63.02,0,12
STU0471,CRS02,10,164.7,71.28,0,12
STU0471,CRS02,11,155.3,69.48,0,12
STU0471,CRS02,12,119.44,75.68,1,12
STU0471,CRS03,1,27.27,38.08,0,9
STU0471,CRS03,2,75.56,41.98,0,9
STU0471,CRS03,3,70.07,56.64,0,9
STU0471,CRS03,4,88.66,45.13,0,9
STU0471,CRS03,5,20.77,28.39,0,9
STU0471,CRS03,6,39.93,39.98,0,9
STU0471,CRS03,7,52.7,36.07,0,9
STU0471,CRS04,1,45.71,81.86,0,9
STU0471,CRS04,2,137.41,99.19,0,9
STU0471,CRS04,3,223.71,100.0,0,9
STU0471,CRS04,4,45.47,75.61,0,9
STU0471,CRS05,1,47.36,98.14,0,11
STU0471,CRS05,2,45.57,90.74,0,11
STU0471,CRS05,3,50.07,84.21,0,11
STU0471,CRS05,4,71.25,88.75,0,11
STU0471,CRS05,5,97.07,100.0,0,11
STU0471,CRS05,6,68.95,87.84,0,11
STU0471,CRS05,7,56.08,100.0,0,11
STU0471,CRS05,8,35.85,89.41,0,11
STU0472,CRS01,1,82.58,46.31,0,9
STU0472,CRS01,2,169.64,28.41,0,9
STU0472,CRS01,3,77.96,31.19,0,9
STU0472,CRS01,4,113.11,41.22,0,9
STU0472,CRS01,5,126.11,38.11,0,9
STU0472,CRS01,6,68.5,33.65,0,9
STU0472,CRS01,7,128.3,25.7,0,9
STU0472,CRS01,8,89.06,23.5,0,9
STU0472,CRS01,9,70.49,28.42,1,9
STU0472,CRS02,1,84.36,81.89,0,9
STU0472,CRS02,2,233.13,88.23,0,9
STU0472,CRS02,3,214.18,91.97,0,9
STU0472,CRS02,4,242.25,88.28,0,9
STU0472,CRS02,5,117.84,99.32,0,9
STU0472,CRS02,6,65.69,65.37,0,9
STU0472,CRS02,7,81.18,70.37,0,9
STU0472,CRS02,8,259.12,98.01,0,9
STU0472,CRS02,9,188.1,100.0,1,9
STU0472,CRS03,1,126.08,70.7,0,12
STU0472,CRS03,2,29.06,76.23,0,12
STU0472,CRS03,3,39.6,91.66,0,12
STU0472,CRS04,1,208.18,100.0,0,12
STU0472,CRS04,2,209.78,100.0,0,12
STU0472,CRS04,3,189.58,100.0,0,12
STU0472,CRS04,4,67.37,100.0,0,12
STU0472,CRS04,5,238.57,97.79,0,12
STU0472,CRS04,6,213.22,100.0,0,12
STU0472,CRS04,7,66.3,98.43,0,12
STU0472,CRS04,8,217.82,100.0,0,12
STU0472,CRS04,9,136.06,98.37,0,12
STU0472,CRS04,10,93.99,96.89,0,12
STU0472,CRS04,11,254.95,98.87,0,12
STU0472,CRS04,12,95.23,76.5,1,12
STU0472,CRS05,1,88.44,65.33,0,12
STU0472,CRS05,2,101.57,36.2,0,12
STU0472,CRS05,3,92.39,41.15,0,12
STU0473,CRS01,1,97.15,61.81,0,10
STU0473,CRS01,2,166.35,81.15,0,10
STU0473,CRS01,3,28.17,84.8,0,10
STU0473,CRS01,4,178.33,87.85,0,10
STU0473,CRS01,5,38.21,77.62,0,10
STU0473,CRS01,6,157.07,84.57,0,10
STU0473,CRS01,7,92.44,76.57,0,10
STU0473,CRS01,8,229.32,85.34,0,10
STU0473,CRS01,9,74.62,61.56,0,10
STU0473,CRS01,10,63.2,62.06,1,10
STU0473,CRS02,1,259.99,100.0,0,9
STU0473,CRS02,2,184.86,98.33,0,9
STU0473,CRS02,3,36.04,97.25,0,9
STU0473,CRS02,4,51.57,100.0,0,9
STU0473,CRS02,5,74.06,89.28,0,9
STU0473,CRS02,6,113.37,100.0,0,9
STU0473,CRS02,7,57.74,94.38,0,9
STU0473,CRS02,8,116.35,85.09,0,9
STU0473,CRS02,9,275.88,94.75,1,9
STU0473,CRS03,1,77.94,84.25,0,12
STU0473,CRS03,2,130.33,55.94,0,12
STU0473,CRS03,3,84.67,65.79,0,12
STU0473,CRS03,4,220.83,64.39,0,12
STU0473,CRS03,5,172.92,79.85,0,12
STU0473,CRS03,6,240.24,76.57,0,12
STU0473,CRS03,7,136.03,60.02,0,12
STU0473,CRS03,8,97.37,69.97,0,12
STU0473,CRS03,9,105.6,81.38,0,12
STU0473,CRS03,10,122.18,68.29,0,12
STU0473,CRS03,11,49.75,77.23,0,12
STU0473,CRS03,12,145.84,74.18,1,12
STU0473,CRS04,1,21.43,45.47,0,10
STU0473,CRS04,2,56.97,33.46,0,10
STU0473,CRS04,3,74.59,71.33,0,10
STU0473,CRS04,4,30.92,58.34,0,10
STU0473,CRS04,5,45.48,59.08,0,10
STU0473,CRS04,6,66.26,53.61,0,10
STU0473,CRS04,7,121.9,58.29,0,10
STU0473,CRS04,8,79.7,52.35,0,10
STU0473,CRS04,9,51.92,32.35,0,10
STU0473,CRS04,10,129.22,49.16,1,10
STU0473,CRS05,1,48.1,59.32,0,11
STU0474,CRS01,1,34.89,75.78,0,9
STU0474,CRS01,2,117.26,71.04,0,9
STU0474,CRS01,3,140.7,71.92,0,9
STU0474,CRS01,4,127.42,65.87,0,9
STU0474,CRS01,5,152.88,60.5,0,9
STU0474,CRS01,6,67.13,65.73,0,9
STU0474,CRS02,1,149.86,94.96,0,8
STU0474,CRS02,2,80.13,100.0,0,8
STU0474,CRS02,3,188.21,100.0,0,8
STU0474,CRS02,4,154.11,95.81,0,8
STU0474,CRS02,5,140.63,83.44,0,8
STU0474,CRS02,6,38.37,83.22,0,8
STU0474,CRS02,7,189.13,100.0,0,8
STU0474,CRS02,8,231.63,100.0,1,8
STU0474,CRS03,1,74.69,51.63,0,8
STU0474,CRS03,2,81.4,56.58,0,8
STU0474,CRS03,3,134.91,58.6,0,8
STU0474,CRS03,4,77.94,53.87,0,8
STU0474,CRS03,5,28.26,29.52,0,8
STU0474,CRS04,1,125.93,85.28,0,11
STU0474,CRS04,2,102.77,52.95,0,11
STU0474,CRS04,3,46.12,65.25,0,11
STU0474,CRS04,4,81.09,63.81,0,11
STU0474,CRS04,5,103.27,78.36,0,11
STU0474,CRS05,1,102.78,73.74,0,10
STU0474,CRS05,2,153.39,79.31,0,10
STU0474,CRS05,3,236.15,93.72,0,10
STU0474,CRS05,4,213.02,96.63,0,10
STU0474,CRS05,5,161.01,66.33,0,10
STU0474,CRS05,6,206.15,76.11,0,10
STU0474,CRS05,7,215.66,90.84,0,10
STU0474,CRS05,8,251.99,76.34,0,10
STU0474,CRS05,9,167.73,75.5,0,10
STU0474,CRS05,10,97.33,74.29,1,10
STU0475,CRS01,1,80.62,31.11,0,10
STU0475,CRS01,2,24.1,34.81,0,10
STU0475,CRS01,3,166.06,45.06,0,10
STU0475,CRS01,4,141.23,47.98,0,10
STU0475,CRS01,5,96.87,52.77,0,10
STU0475,CRS01,6,21.77,53.13,0,10
STU0475,CRS01,7,101.42,43.4,0,10
STU0475,CRS01,8,123.41,34.98,0,10
STU0475,CRS01,9,67.23,53.38,0,10
STU0475,CRS01,10,53.57,33.02,1,10
STU0475,CRS02,1,43.19,53.91,0,8
STU0475,CRS02,2,163.71,84.17,0,8
STU0475,CRS02,3,78.26,62.18,0,8
STU0475,CRS02,4,128.88,69.39,0,8
STU0475,CRS03,1,153.01,91.28,0,9
STU0475,CRS03,2,112.65,83.47,0,9
STU0475,CRS03,3,49.15,100.0,0,9
STU0475,CRS03,4,146.78,100.0,0,9
STU0475,CRS03,5,103.64,86.52,0,9
STU0475,CRS03,6,233.16,88.12,0,9
STU0475,CRS03,7,262.74,85.06,0,9
STU0475,CRS03,8,222.68,80.9,0,9
STU0475,CRS03,9,145.89,90.55,1,9
STU0475,CRS04,1,33.86,64.9,0,9
STU0475,CRS04,2,79.55,100.0,0,9
STU0475,CRS04,3,61.34,88.48,0,9
STU0475,CRS04,4,92.12,78.43,0,9
STU0475,CRS04,5,38.94,80.42,0,9
STU0475,CRS04,6,29.14,97.4,0,9
STU0475,CRS04,7,88.53,96.79,0,9
STU0475,CRS05,1,41.71,69.1,0,11
STU0475,CRS05,2,48.28,74.09,0,11
STU0475,CRS05,3,79.55,72.55,0,11
STU0475,CRS05,4,33.18,67.78,0,11
STU0475,CRS05,5,32.56,70.94,0,11
STU0475,CRS05,6,94.77,70.74,0,11
STU0475,CRS05,7,126.33,79.24,0,11
STU0475,CRS05,8,68.46,76.26,0,11
STU0475,CRS05,9,90.48,67.08,0,11
STU0476,CRS01,1,34.37,97.87,0,12
STU0476,CRS01,2,175.44,100.0,0,12
STU0476,CRS01,3,142.51,91.07,0,12
STU0476,CRS01,4,148.41,100.0,0,12
STU0476,CRS01,5,60.46,83.23,0,12
STU0476,CRS01,6,134.86,99.4,0,12
STU0476,CRS01,7,27.88,89.06,0,12
STU0476,CRS01,8,144.84,100.0,0,12
STU0476,CRS02,1,104.53,95.1,0,9
STU0476,CRS02,2,64.64,68.93,0,9
STU0476,CRS02,3,51.3,75.69,0,9
STU0476,CRS02,4,20.15,76.23,0,9
STU0476,CRS03,1,146.24,96.16,0,10
STU0476,CRS03,2,128.54,73.76,0,10
STU0476,CRS03,3,29.31,56.46,0,10
STU0476,CRS03,4,166.88,91.98,0,10
STU0476,CRS03,5,68.82,62.92,0,10
STU0476,CRS03,6,80.85,69.15,0,10
STU0476,CRS03,7,65.42,68.78,0,10
STU0476,CRS04,1,57.58,45.04,0,11
STU0476,CRS04,2,146.62,51.66,0,11
STU0476,CRS04,3,23.84,45.5,0,11
STU0476,CRS04,4,147.18,43.21,0,11
STU0476,CRS04,5,37.47,41.93,0,11
STU0476,CRS04,6,173.95,64.65,0,11
STU0476,CRS05,1,205.25,100.0,0,10
STU0476,CRS05,2,236.64,93.17,0,10
STU0476,CRS05,3,225.83,86.06,0,10
STU0476,CRS05,4,134.15,91.74,0,10
STU0476,CRS05,5,140.94,96.97,0,10
STU0476,CRS05,6,204.45,88.12,0,10
STU0476,CRS05,7,124.03,90.32,0,10
STU0476,CRS05,8,78.18,74.41,0,10
STU0476,CRS05,9,49.28,91.77,0,10
STU0476,CRS05,10,147.71,100.0,1,10
STU0477,CRS01,1,161.38,69.26,0,12
STU0477,CRS01,2,113.52,70.36,0,12
STU0477,CRS01,3,124.23,65.81,0,12
STU0477,CRS01,4,106.69,69.16,0,12
STU0477,CRS01,5,166.43,62.74,0,12
STU0477,CRS01,6,117.05,48.28,0,12
STU0477,CRS01,7,124.89,73.45,0,12
STU0477,CRS01,8,24.48,18.77,0,12
STU0477,CRS01,9,46.39,33.45,0,12
STU0477,CRS01,10,116.78,69.37,0,12
STU0477,CRS01,11,184.09,78.56,0,12
STU0477,CRS01,12,101.4,52.62,1,12
STU0477,CRS02,1,122.99,89.87,0,12
STU0477,CRS02,2,103.67,98.49,0,12
STU0477,CRS02,3,104.71,100.0,0,12
STU0477,CRS02,4,19.52,89.27,0,12
STU0477,CRS02,5,33.91,92.1,0,12
STU0477,CRS02,6,156.03,94.98,0,12
STU0477,CRS02,7,85.29,77.85,0,12
STU0477,CRS03,1,157.28,53.59,0,12
STU0477,CRS03,2,123.59,61.53,0,12
STU0477,CRS03,3,23.96,46.95,0,12
STU0477,CRS03,4,22.73,36.44,0,12
STU0477,CRS03,5,131.95,51.56,0,12
STU0477,CRS03,6,54.79,38.79,0,12
STU0477,CRS03,7,51.52,55.77,0,12
STU0477,CRS04,1,86.83,77.77,0,8
STU0477,CRS04,2,203.0,100.0,0,8
STU0477,CRS04,3,168.69,84.7,0,8
STU0477,CRS04,4,143.96,92.85,0,8
STU0477,CRS04,5,43.29,94.83,0,8
STU0477,CRS04,6,106.94,97.35,0,8
STU0477,CRS05,1,102.84,14.82,0,9
STU0477,CRS05,2,94.79,36.99,0,9
STU0477,CRS05,3,61.66,34.07,0,9
STU0478,CRS01,1,58.74,88.94,0,11
STU0478,CRS01,2,44.94,84.37,0,11
STU0478,CRS01,3,248.43,100.0,0,11
STU0478,CRS01,4,225.19,100.0,0,11
STU0478,CRS01,5,216.81,100.0,0,11
STU0478,CRS01,6,32.35,91.29,0,11
STU0478,CRS01,7,241.1,100.0,0,11
STU0478,CRS01,8,273.02,100.0,0,11
STU0478,CRS01,9,183.92,80.85,0,11
STU0478,CRS01,10,166.19,83.9,0,11
STU0478,CRS01,11,252.93,99.26,1,11
STU0478,CRS02,1,100.83,65.91,0,9
STU0478,CRS02,2,73.07,72.53,0,9
STU0478,CRS02,3,172.73,71.71,0,9
STU0478,CRS02,4,140.37,73.83,0,9
STU0478,CRS02,5,24.85,64.18,0,9
STU0478,CRS02,6,141.9,67.51,0,9
STU0478,CRS02,7,175.04,81.04,0,9
STU0478,CRS02,8,84.57,57.52,0,9
STU0478,CRS03,1,18.63,65.11,0,9
STU0478,CRS03,2,83.42,83.6,0,9
STU0478,CRS03,3,77.84,78.73,0,9
STU0478,CRS04,1,51.56,65.87,0,9
STU0478,CRS04,2,118.27,70.65,0,9
STU0478,CRS04,3,144.46,71.63,0,9
STU0478,CRS04,4,231.96,68.68,0,9
STU0478,CRS04,5,104.03,48.78,0,9
STU0478,CRS04,6,151.0,74.64,0,9
STU0478,CRS04,7,69.61,58.53,0,9
STU0478,CRS04,8,200.46,70.29,0,9
STU0478,CRS04,9,149.51,64.06,1,9
STU0478,CRS05,1,150.47,79.52,0,8
STU0478,CRS05,2,76.37,65.72,0,8
STU0478,CRS05,3,30.2,38.16,0,8
STU0478,CRS05,4,235.72,57.88,0,8
STU0478,CRS05,5,88.96,44.84,0,8
STU0478,CRS05,6,101.28,71.75,0,8
STU0478,CRS05,7,68.02,52.37,0,8
STU0478,CRS05,8,116.71,47.36,1,8
STU0479,CRS01,1,35.57,69.53,0,8
STU0479,CRS01,2,201.68,66.87,0,8
STU0479,CRS01,3,170.77,61.41,0,8
STU0479,CRS01,4,185.45,76.32,0,8
STU0479,CRS01,5,146.41,63.14,0,8
STU0479,CRS01,6,90.07,60.12,0,8
STU0479,CRS01,7,182.14,46.51,0,8
STU0479,CRS01,8,85.65,76.87,1,8
STU0479,CRS02,1,65.97,50.99,0,12
STU0479,CRS02,2,102.46,65.99,0,12
STU0479,CRS02,3,13.63,28.35,0,12
STU0479,CRS02,4,90.59,62.71,0,12
STU0479,CRS02,5,27.99,51.59,0,12
STU0479,CRS02,6,26.72,56.21,0,12
STU0479,CRS02,7,52.04,43.52,0,12
STU0479,CRS02,8,51.79,63.11,0,12
STU0479,CRS02,9,110.16,65.37,0,12
STU0479,CRS02,10,82.58,44.9,0,12
STU0479,CRS03,1,32.12,45.36,0,11
STU0479,CRS03,2,163.5,62.38,0,11
STU0479,CRS03,3,80.24,58.81,0,11
STU0479,CRS03,4,66.64,34.21,0,11
STU0479,CRS03,5,183.31,43.74,0,11
STU0479,CRS03,6,246.78,49.47,0,11
STU0479,CRS03,7,126.48,45.9,0,11
STU0479,CRS03,8,222.31,68.46,0,11
STU0479,CRS03,9,74.64,47.32,0,11
STU0479,CRS03,10,180.7,52.43,0,11
STU0479,CRS03,11,262.45,54.09,1,11
STU0479,CRS04,1,144.18,100.0,0,12
STU0479,CRS04,2,134.97,79.09,0,12
STU0479,CRS04,3,116.87,90.34,0,12
STU0479,CRS04,4,42.19,81.01,0,12
STU0479,CRS04,5,97.5,90.83,0,12
STU0479,CRS04,6,107.86,79.95,0,12
STU0479,CRS04,7,118.6,78.23,0,12
STU0479,CRS04,8,54.03,81.78,0,12
STU0479,CRS04,9,154.29,74.65,0,12
STU0479,CRS04,10,40.97,81.59,0,12
STU0479,CRS04,11,93.31,81.68,0,12
STU0479,CRS04,12,43.98,71.7,1,12
STU0479,CRS05,1,161.33,100.0,0,11
STU0479,CRS05,2,128.58,91.75,0,11
STU0479,CRS05,3,102.95,84.9,0,11
STU0479,CRS05,4,114.57,94.43,0,11
STU0479,CRS05,5,180.48,97.77,0,11
STU0479,CRS05,6,189.67,100.0,0,11
STU0479,CRS05,7,198.94,100.0,0,11
STU0479,CRS05,8,105.56,100.0,0,11
STU0480,CRS01,1,122.08,91.47,0,12
STU0480,CRS01,2,67.13,100.0,0,12
STU0480,CRS01,3,150.09,90.17,0,12
STU0480,CRS01,4,63.64,82.0,0,12
STU0480,CRS01,5,115.91,78.7,0,12
STU0480,CRS01,6,58.83,79.17,0,12
STU0480,CRS01,7,91.49,81.41,0,12
STU0480,CRS01,8,171.91,100.0,0,12
STU0480,CRS01,9,88.45,90.86,0,12
STU0480,CRS01,10,167.3,100.0,0,12
STU0480,CRS01,11,71.34,87.23,0,12
STU0480,CRS01,12,124.93,98.16,1,12
STU0480,CRS02,1,108.65,66.54,0,8
STU0480,CRS02,2,87.38,69.48,0,8
STU0480,CRS02,3,21.72,61.69,0,8
STU0480,CRS02,4,15.3,50.71,0,8
STU0480,CRS02,5,124.47,65.98,0,8
STU0480,CRS02,6,29.57,56.63,0,8
STU0480,CRS03,1,96.51,60.7,0,11
STU0480,CRS03,2,40.78,76.53,0,11
STU0480,CRS03,3,166.46,79.69,0,11
STU0480,CRS03,4,76.01,63.16,0,11
STU0480,CRS03,5,154.8,65.43,0,11
STU0480,CRS03,6,125.93,48.98,0,11
STU0480,CRS04,1,128.79,100.0,0,11
STU0480,CRS04,2,60.48,77.72,0,11
STU0480,CRS04,3,78.0,89.09,0,11
STU0480,CRS04,4,105.23,87.91,0,11
STU0480,CRS04,5,21.45,68.81,0,11
STU0480,CRS04,6,55.69,73.28,0,11
STU0480,CRS04,7,35.18,80.98,0,11
STU0480,CRS05,1,60.04,62.36,0,9
STU0480,CRS05,2,54.59,72.02,0,9
STU0480,CRS05,3,229.65,76.85,0,9
STU0480,CRS05,4,189.57,80.79,0,9
STU0480,CRS05,5,43.36,79.21,0,9
STU0480,CRS05,6,192.19,96.53,0,9
STU0481,CRS01,1,109.16,86.9,0,11
STU0481,CRS01,2,72.5,93.51,0,11
STU0481,CRS01,3,57.3,90.0,0,11
STU0481,CRS01,4,107.16,100.0,0,11
STU0481,CRS01,5,78.21,87.37,0,11
STU0481,CRS02,1,24.87,67.09,0,10
STU0481,CRS02,2,76.69,63.62,0,10
STU0481,CRS02,3,82.47,59.69,0,10
STU0481,CRS03,1,19.24,40.4,0,12
STU0481,CRS03,2,58.51,37.91,0,12
STU0481,CRS03,3,76.93,48.06,0,12
STU0481,CRS03,4,66.56,44.74,0,12
STU0481,CRS03,5,25.71,38.39,0,12
STU0481,CRS03,6,41.52,39.47,0,12
STU0481,CRS04,1,201.46,87.77,0,10
STU0481,CRS04,2,56.05,71.53,0,10
STU0481,CRS04,3,195.14,74.0,0,10
STU0481,CRS04,4,199.19,81.15,0,10
STU0481,CRS04,5,61.19,68.76,0,10
STU0481,CRS04,6,162.72,89.71,0,10
STU0481,CRS04,7,66.45,51.98,0,10
STU0481,CRS05,1,81.57,43.74,0,11
STU0481,CRS05,2,57.89,41.72,0,11
STU0481,CRS05,3,88.71,50.58,0,11
STU0482,CRS01,1,171.63,88.48,0,8
STU0482,CRS01,2,128.86,94.06,0,8
STU0482,CRS01,3,105.02,71.34,0,8
STU0482,CRS01,4,232.84,79.45,0,8
STU0482,CRS01,5,125.65,88.08,0,8
STU0482,CRS01,6,198.75,78.64,0,8
STU0482,CRS01,7,129.27,69.69,0,8
STU0482,CRS01,8,212.43,67.37,1,8
STU0482,CRS02,1,62.57,50.22,0,8
STU0482,CRS02,2,17.55,38.72,0,8
STU0482,CRS02,3,61.01,43.48,0,8
STU0482,CRS03,1,63.27,71.08,0,11
STU0482,CRS03,2,145.14,76.78,0,11
STU0482,CRS03,3,229.03,64.45,0,11
STU0482,CRS03,4,41.75,56.95,0,11
STU0482,CRS03,5,143.61,66.93,0,11
STU0482,CRS04,1,109.02,50.94,0,11
STU0482,CRS04,2,33.77,38.87,0,11
STU0482,CRS04,3,57.01,42.39,0,11
STU0482,CRS05,1,138.04,90.55,0,10
STU0482,CRS05,2,117.88,100.0,0,10
STU0482,CRS05,3,152.2,92.08,0,10
STU0482,CRS05,4,251.7,100.0,0,10
STU0482,CRS05,5,81.54,75.1,0,10
STU0482,CRS05,6,73.15,83.08,0,10
STU0482,CRS05,7,169.34,72.06,0,10
STU0482,CRS05,8,182.41,97.53,0,10
STU0482,CRS05,9,154.97,100.0,0,10
STU0482,CRS05,10,125.45,84.8,1,10
STU0483,CRS01,1,33.11,72.91,0,12
STU0483,CRS01,2,112.91,69.89,0,12
STU0483,CRS01,3,137.34,61.3,0,12
STU0483,CRS01,4,167.95,65.54,0,12
STU0483,CRS01,5,163.2,75.3,0,12
STU0483,CRS01,6,174.27,73.53,0,12
STU0483,CRS01,7,149.47,52.63,0,12
STU0483,CRS01,8,126.59,69.34,0,12
STU0483,CRS01,9,133.9,32.16,0,12
STU0483,CRS01,10,44.44,46.15,0,12
STU0483,CRS01,11,80.44,51.17,0,12
STU0483,CRS01,12,38.99,55.3,1,12
STU0483,CRS02,1,38.5,63.84,0,10
STU0483,CRS02,2,92.65,81.82,0,10
STU0483,CRS02,3,61.25,47.76,0,10
STU0483,CRS03,1,70.42,70.95,0,12
STU0483,CRS03,2,136.41,85.65,0,12
STU0483,CRS03,3,87.94,75.63,0,12
STU0483,CRS03,4,132.93,88.92,0,12
STU0483,CRS03,5,138.89,80.84,0,12
STU0483,CRS03,6,250.32,100.0,0,12
STU0483,CRS03,7,264.5,83.2,0,12
STU0483,CRS03,8,249.56,100.0,0,12
STU0483,CRS03,9,261.23,91.92,0,12
STU0483,CRS03,10,36.84,77.64,0,12
STU0483,CRS03,11,171.18,81.03,0,12
STU0483,CRS03,12,97.06,98.28,1,12
STU0483,CRS04,1,104.33,44.84,0,8
STU0483,CRS04,2,63.08,52.66,0,8
STU0483,CRS04,3,66.06,29.95,0,8
STU0483,CRS04,4,102.54,43.55,0,8
STU0483,CRS04,5,94.16,58.92,0,8
STU0483,CRS04,6,114.54,44.14,0,8
STU0483,CRS04,7,115.18,67.74,0,8
STU0483,CRS04,8,59.75,21.4,1,8
STU0483,CRS05,1,13.03,51.23,0,8
STU0483,CRS05,2,60.33,70.81,0,8
STU0483,CRS05,3,84.94,31.78,0,8
STU0483,CRS05,4,72.35,55.84,0,8
STU0484,CRS01,1,36.58,26.25,0,12
STU0484,CRS01,2,47.07,38.77,0,12
STU0484,CRS01,3,71.62,30.31,0,12
STU0484,CRS01,4,39.52,31.46,0,12
STU0484,CRS01,5,73.14,51.27,0,12
STU0484,CRS01,6,103.07,30.53,0,12
STU0484,CRS01,7,72.32,46.37,0,12
STU0484,CRS01,8,113.04,54.99,0,12
STU0484,CRS01,9,63.85,31.82,0,12
STU0484,CRS01,10,27.02,23.53,0,12
STU0484,CRS02,1,135.57,62.47,0,11
STU0484,CRS02,2,87.93,60.31,0,11
STU0484,CRS02,3,175.1,74.06,0,11
STU0484,CRS02,4,85.57,63.54,0,11
STU0484,CRS02,5,103.03,60.37,0,11
STU0484,CRS02,6,81.5,41.85,0,11
STU0484,CRS02,7,26.02,42.76,0,11
STU0484,CRS02,8,85.33,50.66,0,11
STU0484,CRS02,9,185.6,56.77,0,11
STU0484,CRS03,1,44.27,36.0,0,8
STU0484,CRS03,2,124.25,37.24,0,8
STU0484,CRS03,3,55.68,45.67,0,8
STU0484,CRS03,4,99.55,63.16,0,8
STU0484,CRS03,5,33.49,34.53,0,8
STU0484,CRS03,6,46.97,29.2,0,8
STU0484,CRS03,7,243.91,46.68,0,8
STU0484,CRS03,8,79.58,41.02,1,8
STU0484,CRS04,1,62.13,34.26,0,11
STU0484,CRS04,2,140.74,48.02,0,11
STU0484,CRS04,3,29.62,13.76,0,11
STU0484,CRS04,4,165.13,65.53,0,11
STU0484,CRS04,5,31.13,27.45,0,11
STU0484,CRS04,6,126.21,42.6,0,11
STU0484,CRS04,7,90.36,13.18,0,11
STU0484,CRS05,1,207.6,100.0,0,12
STU0484,CRS05,2,163.08,90.45,0,12
STU0484,CRS05,3,112.49,100.0,0,12
STU0484,CRS05,4,156.1,100.0,0,12
STU0484,CRS05,5,84.07,83.29,0,12
STU0484,CRS05,6,112.12,93.87,0,12
STU0484,CRS05,7,57.87,87.51,0,12
STU0484,CRS05,8,222.83,100.0,0,12
STU0484,CRS05,9,227.14,100.0,0,12
STU0484,CRS05,10,220.02,100.0,0,12
STU0484,CRS05,11,242.8,88.87,0,12
STU0485,CRS01,1,233.5,42.68,0,10
STU0485,CRS01,2,214.27,48.59,0,10
STU0485,CRS01,3,95.04,55.87,0,10
STU0485,CRS01,4,115.1,41.95,0,10
STU0485,CRS01,5,167.74,63.82,0,10
STU0485,CRS01,6,60.46,43.86,0,10
STU0485,CRS01,7,229.44,35.36,0,10
STU0485,CRS01,8,112.06,33.51,0,10
STU0485,CRS01,9,113.58,48.51,0,10
STU0485,CRS01,10,297.67,46.97,1,10
STU0485,CRS02,1,88.93,86.86,0,12
STU0485,CRS02,2,70.92,80.31,0,12
STU0485,CRS02,3,77.6,100.0,0,12
STU0485,CRS02,4,40.43,89.65,0,12
STU0485,CRS02,5,117.87,87.35,0,12
STU0485,CRS02,6,108.27,90.26,0,12
STU0485,CRS03,1,61.62,90.25,0,11
STU0485,CRS03,2,104.95,63.84,0,11
STU0485,CRS03,3,91.68,84.22,0,11
STU0485,CRS03,4,36.71,72.92,0,11
STU0485,CRS03,5,147.66,74.36,0,11
STU0485,CRS03,6,48.91,74.42,0,11
STU0485,CRS03,7,213.82,100.0,0,11
STU0485,CRS03,8,74.89,82.68,0,11
STU0485,CRS03,9,182.27,96.52,0,11
STU0485,CRS03,10,127.76,70.22,0,11
STU0485,CRS03,11,269.97,73.74,1,11
STU0485,CRS04,1,117.66,56.49,0,9
STU0485,CRS04,2,174.83,79.17,0,9
STU0485,CRS04,3,171.3,57.03,0,9
STU0485,CRS04,4,200.67,67.88,0,9
STU0485,CRS05,1,221.24,59.5,0,11
STU0485,CRS05,2,194.11,49.33,0,11
STU0485,CRS05,3,142.85,44.7,0,11
STU0485,CRS05,4,56.73,27.82,0,11
STU0485,CRS05,5,224.03,40.13,0,11
STU0485,CRS05,6,153.15,31.37,0,11
STU0485,CRS05,7,208.74,64.11,0,11
STU0485,CRS05,8,47.78,37.46,0,11
STU0485,CRS05,9,286.21,72.03,0,11
STU0485,CRS05,10,153.27,38.63,0,11
STU0485,CRS05,11,305.57,46.67,1,11
STU0486,CRS01,1,42.94,48.41,0,10
STU0486,CRS01,2,17.9,29.73,0,10
STU0486,CRS01,3,56.65,23.89,0,10
STU0486,CRS01,4,58.17,30.99,0,10
STU0486,CRS01,5,55.89,28.95,0,10
STU0486,CRS02,1,48.24,86.98,0,12
STU0486,CRS02,2,157.56,84.73,0,12
STU0486,CRS02,3,87.84,83.94,0,12
STU0486,CRS02,4,118.95,73.72,0,12
STU0486,CRS02,5,86.36,70.49,0,12
STU0486,CRS02,6,124.53,96.65,0,12
STU0486,CRS02,7,74.14,82.43,0,12
STU0486,CRS02,8,190.33,100.0,0,12
STU0486,CRS02,9,104.68,91.9,0,12
STU0486,CRS02,10,189.1,100.0,0,12
STU0486,CRS02,11,115.74,100.0,0,12
STU0486,CRS02,12,25.85,64.58,1,12
STU0486,CRS03,1,54.59,79.06,0,10
STU0486,CRS03,2,14.59,57.2,0,10
STU0486,CRS04,1,160.53,59.89,0,11
STU0486,CRS04,2,146.39,64.13,0,11
STU0486,CRS04,3,104.75,55.31,0,11
STU0486,CRS04,4,21.56,53.47,0,11
STU0486,CRS04,5,169.51,56.17,0,11
STU0486,CRS04,6,141.21,47.2,0,11
STU0486,CRS04,7,155.93,73.95,0,11
STU0486,CRS05,1,181.59,53.73,0,12
STU0486,CRS05,2,143.63,52.78,0,12
STU0486,CRS05,3,108.85,55.62,0,12
STU0486,CRS05,4,108.2,36.69,0,12
STU0487,CRS01,1,157.03,82.19,0,12
STU0487,CRS01,2,109.94,64.23,0,12
STU0487,CRS01,3,64.38,74.34,0,12
STU0487,CRS01,4,208.76,86.84,0,12
STU0487,CRS01,5,85.82,51.08,0,12
STU0487,CRS01,6,161.29,73.18,0,12
STU0487,CRS01,7,61.09,79.77,0,12
STU0487,CRS01,8,77.01,75.25,0,12
STU0487,CRS01,9,154.49,61.14,0,12
STU0487,CRS01,10,184.68,68.62,0,12
STU0487,CRS01,11,237.37,87.89,0,12
STU0487,CRS01,12,71.27,90.56,1,12
STU0487,CRS02,1,132.44,53.95,0,10
STU0487,CRS02,2,20.96,49.14,0,10
STU0487,CRS02,3,31.35,53.71,0,10
STU0487,CRS02,4,80.38,70.93,0,10
STU0487,CRS03,1,122.72,95.2,0,8
STU0487,CRS03,2,73.62,96.57,0,8
STU0487,CRS03,3,70.55,85.4,0,8
STU0487,CRS03,4,133.59,98.17,0,8
STU0487,CRS03,5,84.05,100.0,0,8
STU0487,CRS04,1,83.53,72.05,0,10
STU0487,CRS04,2,226.22,71.84,0,10
STU0487,CRS04,3,100.17,56.26,0,10
STU0487,CRS04,4,188.94,58.0,0,10
STU0487,CRS04,5,194.65,68.41,0,10
STU0487,CRS04,6,104.26,74.52,0,10
STU0487,CRS04,7,69.3,55.28,0,10
STU0487,CRS05,1,39.92,74.48,0,10
STU0487,CRS05,2,55.88,40.14,0,10
STU0487,CRS05,3,122.59,78.98,0,10
STU0487,CRS05,4,141.18,75.19,0,10
STU0487,CRS05,5,137.87,65.73,0,10
STU0488,CRS01,1,62.43,84.33,0,12
STU0488,CRS01,2,15.16,74.11,0,12
STU0488,CRS01,3,28.13,68.41,0,12
STU0488,CRS01,4,117.95,89.67,0,12
STU0488,CRS01,5,64.31,83.25,0,12
STU0488,CRS01,6,33.61,78.59,0,12
STU0488,CRS01,7,30.44,77.63,0,12
STU0488,CRS01,8,40.83,82.53,0,12
STU0488,CRS02,1,140.94,97.04,0,10
STU0488,CRS02,2,184.97,100.0,0,10
STU0488,CRS02,3,226.09,91.94,0,10
STU0488,CRS02,4,62.69,94.9,0,10
STU0488,CRS02,5,45.17,94.12,0,10
STU0488,CRS02,6,113.18,71.47,0,10
STU0488,CRS02,7,110.93,89.07,0,10
STU0488,CRS02,8,95.71,81.34,0,10
STU0488,CRS02,9,92.91,93.05,0,10
STU0488,CRS02,10,222.48,98.58,1,10
STU0488,CRS03,1,32.46,100.0,0,11
STU0488,CRS03,2,89.98,99.23,0,11
STU0488,CRS03,3,125.48,100.0,0,11
STU0488,CRS03,4,200.79,100.0,0,11
STU0488,CRS03,5,212.51,100.0,0,11
STU0488,CRS03,6,217.85,100.0,0,11
STU0488,CRS03,7,150.78,100.0,0,11
STU0488,CRS03,8,227.05,100.0,0,11
STU0488,CRS03,9,76.54,91.83,0,11
STU0488,CRS03,10,213.47,100.0,0,11
STU0488,CRS03,11,74.19,88.43,1,11
STU0488,CRS04,1,83.09,48.73,0,12
STU0488,CRS04,2,35.22,31.84,0,12
STU0488,CRS04,3,21.69,34.9,0,12
STU0488,CRS05,1,239.08,73.52,0,11
STU0488,CRS05,2,121.91,67.62,0,11
STU0488,CRS05,3,251.42,98.2,0,11
STU0488,CRS05,4,175.84,88.09,0,11
STU0488,CRS05,5,210.33,74.48,0,11
STU0488,CRS05,6,39.57,61.28,0,11
STU0488,CRS05,7,267.58,72.68,0,11
STU0488,CRS05,8,113.53,63.87,0,11
STU0489,CRS01,1,153.87,39.12,0,10
STU0489,CRS01,2,42.05,36.18,0,10
STU0489,CRS01,3,154.09,63.08,0,10
STU0489,CRS01,4,58.07,47.51,0,10
STU0489,CRS01,5,142.17,46.21,0,10
STU0489,CRS01,6,152.19,27.14,0,10
STU0489,CRS01,7,209.36,42.08,0,10
STU0489,CRS01,8,53.41,25.36,0,10
STU0489,CRS02,1,54.96,59.01,0,8
STU0489,CRS02,2,12.0,60.09,0,8
STU0489,CRS02,3,15.24,94.05,0,8
STU0489,CRS02,4,31.17,44.92,0,8
STU0489,CRS03,1,153.0,50.86,0,8
STU0489,CRS03,2,32.08,30.29,0,8
STU0489,CRS03,3,121.99,52.25,0,8
STU0489,CRS03,4,137.85,47.77,0,8
STU0489,CRS03,5,94.34,34.14,0,8
STU0489,CRS04,1,78.49,64.76,0,9
STU0489,CRS04,2,38.4,49.98,0,9
STU0489,CRS04,3,163.13,71.4,0,9
STU0489,CRS04,4,139.3,61.07,0,9
STU0489,CRS04,5,216.28,55.87,0,9
STU0489,CRS04,6,32.99,47.24,0,9
STU0489,CRS04,7,47.43,68.43,0,9
STU0489,CRS04,8,199.01,71.71,0,9
STU0489,CRS04,9,108.76,48.98,1,9
STU0489,CRS05,1,141.81,59.37,0,8
STU0489,CRS05,2,101.62,61.44,0,8
STU0489,CRS05,3,79.35,46.88,0,8
STU0489,CRS05,4,61.51,44.37,0,8
STU0489,CRS05,5,70.07,46.61,0,8
STU0489,CRS05,6,138.69,50.31,0,8
STU0489,CRS05,7,143.09,53.04,0,8
STU0489,CRS05,8,165.91,68.0,1,8
STU0490,CRS01,1,39.75,42.2,0,9
STU0490,CRS01,2,90.35,66.68,0,9
STU0490,CRS01,3,60.0,47.16,0,9
STU0490,CRS01,4,66.92,50.06,0,9
STU0490,CRS01,5,53.97,23.44,0,9
STU0490,CRS01,6,85.61,49.5,0,9
STU0490,CRS02,1,125.51,100.0,0,11
STU0490,CRS02,2,98.66,82.73,0,11
STU0490,CRS02,3,97.77,86.81,0,11
STU0490,CRS02,4,54.83,100.0,0,11
STU0490,CRS02,5,65.5,85.97,0,11
STU0490,CRS02,6,245.03,81.33,0,11
STU0490,CRS02,7,115.33,99.25,0,11
STU0490,CRS02,8,211.21,88.92,0,11
STU0490,CRS02,9,189.02,86.77,0,11
STU0490,CRS02,10,82.42,86.7,0,11
STU0490,CRS03,1,114.52,52.03,0,9
STU0490,CRS03,2,188.91,86.97,0,9
STU0490,CRS03,3,82.94,62.33,0,9
STU0490,CRS03,4,131.28,78.58,0,9
STU0490,CRS03,5,92.24,66.66,0,9
STU0490,CRS03,6,70.86,64.73,0,9
STU0490,CRS03,7,96.73,72.03,0,9
STU0490,CRS03,8,134.13,60.04,0,9
STU0490,CRS03,9,190.22,71.72,1,9
STU0490,CRS04,1,117.88,94.95,0,11
STU0490,CRS04,2,220.85,100.0,0,11
STU0490,CRS04,3,248.59,100.0,0,11
STU0490,CRS04,4,61.67,78.96,0,11
STU0490,CRS04,5,57.04,72.6,0,11
STU0490,CRS04,6,257.64,98.67,0,11
STU0490,CRS04,7,115.55,92.38,0,11
STU0490,CRS04,8,69.35,72.38,0,11
STU0490,CRS04,9,192.17,94.42,0,11
STU0490,CRS04,10,98.16,71.56,0,11
STU0490,CRS04,11,267.09,97.3,1,11
STU0490,CRS05,1,112.7,83.08,0,12
STU0490,CRS05,2,83.08,89.52,0,12
STU0490,CRS05,3,32.93,77.78,0,12
STU0490,CRS05,4,35.35,57.67,0,12
STU0490,CRS05,5,20.87,49.29,0,12
STU0490,CRS05,6,123.05,80.53,0,12
STU0490,CRS05,7,125.9,83.87,0,12
STU0491,CRS01,1,56.71,64.28,0,9
STU0491,CRS01,2,59.03,100.0,0,9
STU0491,CRS01,3,57.64,83.33,0,9
STU0491,CRS01,4,107.94,88.22,0,9
STU0491,CRS01,5,52.92,92.94,0,9
STU0491,CRS01,6,62.04,100.0,0,9
STU0491,CRS01,7,92.18,87.38,0,9
STU0491,CRS02,1,89.82,53.19,0,11
STU0491,CRS02,2,87.02,70.42,0,11
STU0491,CRS02,3,132.99,66.18,0,11
STU0491,CRS02,4,125.95,54.89,0,11
STU0491,CRS02,5,131.48,52.9,0,11
STU0491,CRS02,6,102.99,69.54,0,11
STU0491,CRS02,7,99.99,51.92,0,11
STU0491,CRS02,8,74.67,48.72,0,11
STU0491,CRS02,9,61.76,61.12,0,11
STU0491,CRS03,1,60.3,76.5,0,8
STU0491,CRS03,2,58.64,94.4,0,8
STU0491,CRS03,3,41.94,69.96,0,8
STU0491,CRS03,4,21.28,93.83,0,8
STU0491,CRS03,5,22.98,65.67,0,8
STU0491,CRS03,6,60.14,64.05,0,8
STU0491,CRS03,7,63.18,86.33,0,8
STU0491,CRS04,1,73.07,48.93,0,9
STU0491,CRS04,2,279.19,57.62,0,9
STU0491,CRS04,3,263.97,57.57,0,9
STU0491,CRS04,4,275.08,54.69,0,9
STU0491,CRS04,5,109.7,50.41,0,9
STU0491,CRS04,6,140.07,77.9,0,9
STU0491,CRS04,7,273.39,59.6,0,9
STU0491,CRS04,8,314.75,50.13,0,9
STU0491,CRS04,9,108.23,53.55,1,9
STU0491,CRS05,1,18.52,63.72,0,9
STU0492,CRS01,1,78.51,40.73,0,9
STU0492,CRS01,2,87.24,45.34,0,9
STU0492,CRS01,3,84.9,51.5,0,9
STU0492,CRS01,4,44.82,39.82,0,9
STU0492,CRS01,5,95.7,47.9,0,9
STU0492,CRS01,6,80.18,39.01,0,9
STU0492,CRS01,7,68.51,39.2,0,9
STU0492,CRS02,1,151.22,72.48,0,10
STU0492,CRS02,2,116.74,61.77,0,10
STU0492,CRS02,3,141.13,55.29,0,10
STU0492,CRS02,4,46.95,56.27,0,10
STU0492,CRS02,5,121.39,60.52,0,10
STU0492,CRS02,6,29.61,52.57,0,10
STU0492,CRS02,7,163.18,62.01,0,10
STU0492,CRS02,8,28.02,63.02,0,10
STU0492,CRS03,1,22.07,64.17,0,8
STU0492,CRS03,2,32.96,64.89,0,8
STU0492,CRS03,3,36.89,49.23,0,8
STU0492,CRS03,4,36.49,64.87,0,8
STU0492,CRS03,5,44.5,62.94,0,8
STU0492,CRS03,6,162.92,70.74,0,8
STU0492,CRS03,7,106.64,66.49,0,8
STU0492,CRS03,8,26.08,65.81,1,8
STU0492,CRS04,1,137.04,56.62,0,9
STU0492,CRS04,2,140.91,30.07,0,9
STU0492,CRS04,3,167.34,51.36,0,9
STU0492,CRS04,4,91.73,45.51,0,9
STU0492,CRS04,5,61.36,41.82,0,9
STU0492,CRS04,6,142.01,59.47,0,9
STU0492,CRS04,7,157.66,48.49,0,9
STU0492,CRS04,8,198.73,52.57,0,9
STU0492,CRS04,9,82.47,22.44,1,9
STU0492,CRS05,1,122.43,100.0,0,8
STU0492,CRS05,2,82.33,94.64,0,8
STU0492,CRS05,3,90.68,97.18,0,8
STU0492,CRS05,4,93.85,88.77,0,8
STU0492,CRS05,5,89.17,97.95,0,8
STU0492,CRS05,6,32.36,81.27,0,8
STU0492,CRS05,7,50.85,73.87,0,8
STU0492,CRS05,8,77.3,83.26,1,8
STU0493,CRS01,1,49.82,48.02,0,12
STU0493,CRS01,2,33.34,48.98,0,12
STU0493,CRS01,3,173.54,72.95,0,12
STU0493,CRS01,4,180.04,62.55,0,12
STU0493,CRS01,5,233.22,68.53,0,12
STU0493,CRS01,6,71.76,64.07,0,12
STU0493,CRS01,7,44.15,43.52,0,12
STU0493,CRS01,8,50.49,60.8,0,12
STU0493,CRS01,9,197.2,85.94,0,12
STU0493,CRS01,10,60.65,49.66,0,12
STU0493,CRS01,11,82.06,62.42,0,12
STU0493,CRS01,12,100.52,55.52,1,12
STU0493,CRS02,1,82.03,34.0,0,12
STU0493,CRS02,2,161.73,38.67,0,12
STU0493,CRS03,1,63.62,80.83,0,11
STU0493,CRS03,2,79.46,100.0,0,11
STU0493,CRS03,3,95.02,76.94,0,11
STU0493,CRS03,4,17.87,79.61,0,11
STU0493,CRS03,5,39.17,71.84,0,11
STU0493,CRS03,6,85.33,54.84,0,11
STU0493,CRS03,7,54.93,66.73,0,11
STU0493,CRS03,8,62.08,64.31,0,11
STU0493,CRS04,1,45.73,61.19,0,9
STU0493,CRS04,2,81.56,78.62,0,9
STU0493,CRS04,3,45.03,82.21,0,9
STU0493,CRS04,4,145.55,68.6,0,9
STU0493,CRS05,1,222.11,99.38,0,9
STU0493,CRS05,2,191.16,85.89,0,9
STU0493,CRS05,3,233.51,89.71,0,9
STU0493,CRS05,4,193.01,85.52,0,9
STU0493,CRS05,5,65.66,67.59,0,9
STU0493,CRS05,6,276.89,70.59,0,9
STU0493,CRS05,7,64.5,52.35,0,9
STU0493,CRS05,8,222.08,69.96,0,9
STU0494,CRS01,1,70.93,77.58,0,8
STU0494,CRS01,2,65.6,85.18,0,8
STU0494,CRS01,3,73.77,87.15,0,8
STU0494,CRS01,4,22.16,77.95,0,8
STU0494,CRS01,5,87.35,84.57,0,8
STU0494,CRS01,6,63.54,82.4,0,8
STU0494,CRS01,7,49.18,83.24,0,8
STU0494,CRS01,8,47.66,87.91,1,8
STU0494,CRS02,1,56.62,78.94,0,8
STU0494,CRS02,2,225.86,73.5,0,8
STU0494,CRS02,3,272.56,80.24,0,8
STU0494,CRS02,4,218.13,80.74,0,8
STU0494,CRS02,5,286.04,80.44,0,8
STU0494,CRS02,6,275.85,79.54,0,8
STU0494,CRS02,7,52.94,71.37,0,8
STU0494,CRS02,8,125.92,72.88,1,8
STU0494,CRS03,1,20.72,53.18,0,8
STU0494,CRS03,2,113.74,62.77,0,8
STU0494,CRS03,3,116.29,57.46,0,8
STU0494,CRS03,4,52.41,53.2,0,8
STU0494,CRS03,5,30.69,54.25,0,8
STU0494,CRS04,1,189.25,100.0,0,12
STU0494,CRS04,2,50.79,84.85,0,12
STU0494,CRS04,3,203.72,76.73,0,12
STU0494,CRS04,4,53.07,100.0,0,12
STU0494,CRS05,1,139.22,77.73,0,10
STU0494,CRS05,2,67.54,65.3,0,10
STU0494,CRS05,3,144.64,50.48,0,10
STU0494,CRS05,4,30.31,52.21,0,10
STU0494,CRS05,5,79.57,44.19,0,10
STU0494,CRS05,6,32.2,34.06,0,10
STU0494,CRS05,7,86.47,51.99,0,10
STU0494,CRS05,8,78.25,37.68,0,10
STU0495,CRS01,1,159.19,100.0,0,12
STU0495,CRS01,2,184.14,97.57,0,12
STU0495,CRS01,3,131.44,89.15,0,12
STU0495,CRS01,4,27.55,98.72,0,12
STU0495,CRS01,5,201.44,100.0,0,12
STU0495,CRS01,6,147.38,91.18,0,12
STU0495,CRS01,7,28.61,99.46,0,12
STU0495,CRS01,8,223.49,100.0,0,12
STU0495,CRS02,1,61.39,45.22,0,10
STU0495,CRS02,2,41.34,41.63,0,10
STU0495,CRS02,3,48.94,35.0,0,10
STU0495,CRS02,4,55.5,31.49,0,10
STU0495,CRS02,5,95.54,46.47,0,10
STU0495,CRS02,6,59.81,46.44,0,10
STU0495,CRS02,7,63.09,46.68,0,10
STU0495,CRS03,1,132.63,60.36,0,10
STU0495,CRS03,2,207.39,87.19,0,10
STU0495,CRS03,3,111.36,64.9,0,10
STU0495,CRS03,4,133.12,75.23,0,10
STU0495,CRS03,5,62.09,88.2,0,10
STU0495,CRS03,6,220.17,74.43,0,10
STU0495,CRS03,7,150.44,72.94,0,10
STU0495,CRS03,8,79.6,75.07,0,10
STU0495,CRS03,9,126.78,87.06,0,10
STU0495,CRS03,10,235.6,75.21,1,10
STU0495,CRS04,1,74.92,46.28,0,11
STU0495,CRS04,2,74.68,49.94,0,11
STU0495,CRS04,3,38.64,37.72,0,11
STU0495,CRS04,4,86.95,28.93,0,11
STU0495,CRS04,5,20.55,34.58,0,11
STU0495,CRS04,6,111.54,41.6,0,11
STU0495,CRS04,7,63.42,29.77,0,11
STU0495,CRS04,8,95.47,46.91,0,11
STU0495,CRS04,9,22.85,30.43,0,11
STU0495,CRS04,10,32.05,32.54,0,11
STU0495,CRS04,11,76.44,49.91,1,11
STU0495,CRS05,1,92.92,71.95,0,11
STU0495,CRS05,2,103.67,59.53,0,11
STU0496,CRS01,1,174.43,76.72,0,8
STU0496,CRS01,2,31.6,53.0,0,8
STU0496,CRS01,3,58.18,60.12,0,8
STU0496,CRS01,4,36.16,48.57,0,8
STU0496,CRS01,5,77.54,63.29,0,8
STU0496,CRS01,6,32.59,59.36,0,8
STU0496,CRS01,7,164.65,72.06,0,8
STU0496,CRS01,8,154.06,64.6,1,8
STU0496,CRS02,1,24.12,58.63,0,9
STU0496,CRS02,2,47.87,60.48,0,9
STU0496,CRS02,3,217.96,83.85,0,9
STU0496,CRS02,4,201.69,75.16,0,9
STU0496,CRS02,5,188.8,63.85,0,9
STU0496,CRS02,6,80.84,47.28,0,9
STU0496,CRS02,7,162.98,66.76,0,9
STU0496,CRS02,8,98.59,61.7,0,9
STU0496,CRS02,9,137.5,68.51,1,9
STU0496,CRS03,1,80.57,84.08,0,9
STU0496,CRS03,2,113.94,100.0,0,9
STU0496,CRS03,3,92.74,100.0,0,9
STU0496,CRS04,1,38.01,69.98,0,8
STU0496,CRS04,2,114.65,72.48,0,8
STU0496,CRS04,3,106.22,69.17,0,8
STU0496,CRS04,4,168.94,97.57,0,8
STU0496,CRS04,5,189.02,82.01,0,8
STU0496,CRS04,6,218.01,78.82,0,8
STU0496,CRS04,7,201.88,92.2,0,8
STU0496,CRS04,8,284.26,92.09,1,8
STU0496,CRS05,1,29.58,38.27,0,8
STU0496,CRS05,2,38.12,34.83,0,8
STU0496,CRS05,3,76.68,48.66,0,8
STU0497,CRS01,1,64.06,81.9,0,8
STU0497,CRS01,2,57.56,68.7,0,8
STU0497,CRS01,3,22.0,64.1,0,8
STU0497,CRS01,4,19.03,56.8,0,8
STU0497,CRS02,1,43.61,100.0,0,11
STU0497,CRS02,2,54.35,100.0,0,11
STU0497,CRS02,3,84.56,100.0,0,11
STU0497,CRS03,1,53.45,62.93,0,12
STU0497,CRS03,2,178.11,92.68,0,12
STU0497,CRS03,3,41.05,62.01,0,12
STU0497,CRS03,4,39.81,76.84,0,12
STU0497,CRS03,5,21.54,67.5,0,12
STU0497,CRS03,6,95.72,56.49,0,12
STU0497,CRS03,7,147.32,77.86,0,12
STU0497,CRS03,8,100.6,61.14,0,12
STU0497,CRS03,9,136.13,71.53,0,12
STU0497,CRS03,10,202.01,88.12,0,12
STU0497,CRS03,11,29.54,29.17,0,12
STU0497,CRS03,12,83.24,64.88,1,12
STU0497,CRS04,1,13.78,93.04,0,10
STU0497,CRS04,2,33.34,79.53,0,10
STU0497,CRS04,3,69.45,70.67,0,10
STU0497,CRS04,4,63.07,63.58,0,10
STU0497,CRS04,5,55.52,77.69,0,10
STU0497,CRS04,6,87.61,92.07,0,10
STU0497,CRS05,1,94.26,98.8,0,9
STU0497,CRS05,2,73.08,96.79,0,9
STU0497,CRS05,3,42.92,87.21,0,9
STU0497,CRS05,4,16.88,70.25,0,9
STU0497,CRS05,5,72.39,74.87,0,9
STU0497,CRS05,6,43.62,71.39,0,9
STU0497,CRS05,7,61.39,94.21,0,9
STU0498,CRS01,1,46.01,33.23,0,10
STU0498,CRS01,2,32.94,37.82,0,10
STU0498,CRS01,3,37.97,25.88,0,10
STU0498,CRS01,4,62.79,31.27,0,10
STU0498,CRS01,5,85.31,32.05,0,10
STU0498,CRS02,1,101.34,67.13,0,9
STU0498,CRS02,2,124.04,74.73,0,9
STU0498,CRS02,3,69.77,54.08,0,9
STU0498,CRS02,4,110.26,80.58,0,9
STU0498,CRS03,1,215.67,82.47,0,8
STU0498,CRS03,2,92.1,88.15,0,8
STU0498,CRS03,3,195.65,71.37,0,8
STU0498,CRS03,4,52.89,60.77,0,8
STU0498,CRS03,5,60.95,77.85,0,8
STU0498,CRS03,6,169.53,70.09,0,8
STU0498,CRS04,1,57.38,92.78,0,12
STU0498,CRS04,2,234.13,97.49,0,12
STU0498,CRS04,3,236.99,100.0,0,12
STU0498,CRS04,4,45.57,83.89,0,12
STU0498,CRS04,5,243.73,100.0,0,12
STU0498,CRS04,6,135.66,94.73,0,12
STU0498,CRS04,7,134.77,86.52,0,12
STU0498,CRS04,8,163.96,91.98,0,12
STU0498,CRS04,9,151.81,89.79,0,12
STU0498,CRS04,10,252.68,100.0,0,12
STU0498,CRS04,11,244.28,94.13,0,12
STU0498,CRS04,12,235.33,100.0,1,12
STU0498,CRS05,1,162.19,46.32,0,12
STU0498,CRS05,2,154.89,62.25,0,12
STU0498,CRS05,3,155.97,57.68,0,12
STU0498,CRS05,4,36.42,39.21,0,12
STU0498,CRS05,5,174.07,38.25,0,12
STU0498,CRS05,6,87.18,55.68,0,12
STU0499,CRS01,1,34.52,52.63,0,8
STU0499,CRS01,2,15.59,33.83,0,8
STU0499,CRS01,3,64.44,41.31,0,8
STU0499,CRS01,4,36.36,11.53,0,8
STU0499,CRS01,5,34.06,46.8,0,8
STU0499,CRS01,6,67.79,30.87,0,8
STU0499,CRS01,7,104.26,44.78,0,8
STU0499,CRS02,1,24.28,71.23,0,10
STU0499,CRS02,2,116.65,81.48,0,10
STU0499,CRS02,3,152.77,65.03,0,10
STU0499,CRS02,4,124.15,84.71,0,10
STU0499,CRS02,5,96.16,94.84,0,10
STU0499,CRS02,6,142.5,60.0,0,10
STU0499,CRS02,7,140.06,57.43,0,10
STU0499,CRS03,1,179.77,39.96,0,12
STU0499,CRS03,2,84.1,50.61,0,12
STU0499,CRS03,3,198.46,52.13,0,12
STU0499,CRS03,4,133.66,61.51,0,12
STU0499,CRS03,5,206.11,70.46,0,12
STU0499,CRS03,6,219.65,69.53,0,12
STU0499,CRS03,7,65.98,34.23,0,12
STU0499,CRS03,8,179.01,50.97,0,12
STU0499,CRS03,9,81.11,59.93,0,12
STU0499,CRS04,1,209.95,43.52,0,11
STU0499,CRS04,2,209.95,76.79,0,11
STU0499,CRS04,3,216.92,62.34,0,11
STU0499,CRS04,4,91.16,39.09,0,11
STU0499,CRS04,5,58.25,48.22,0,11
STU0499,CRS04,6,229.84,57.72,0,11
STU0499,CRS04,7,125.9,40.81,0,11
STU0499,CRS04,8,40.99,27.62,0,11
STU0499,CRS04,9,175.94,48.81,0,11
STU0499,CRS04,10,72.9,32.21,0,11
STU0499,CRS04,11,196.42,62.87,1,11
STU0499,CRS05,1,28.35,66.13,0,12
STU0499,CRS05,2,24.01,71.27,0,12
STU0499,CRS05,3,32.44,66.48,0,12
STU0500,CRS01,1,101.29,76.31,0,9
STU0500,CRS01,2,107.38,68.68,0,9
STU0500,CRS01,3,160.09,81.38,0,9
STU0500,CRS01,4,186.07,70.54,0,9
STU0500,CRS01,5,64.78,65.61,0,9
STU0500,CRS01,6,192.27,66.63,0,9
STU0500,CRS01,7,176.26,71.49,0,9
STU0500,CRS01,8,156.62,50.23,0,9
STU0500,CRS01,9,81.32,61.87,1,9
STU0500,CRS02,1,152.58,54.54,0,9
STU0500,CRS02,2,175.57,62.37,0,9
STU0500,CRS02,3,36.14,24.47,0,9
STU0500,CRS02,4,101.17,45.42,0,9
STU0500,CRS02,5,168.34,53.26,0,9
STU0500,CRS03,1,119.72,78.12,0,11
STU0500,CRS03,2,50.23,62.67,0,11
STU0500,CRS03,3,67.6,74.01,0,11
STU0500,CRS03,4,206.11,72.74,0,11
STU0500,CRS03,5,147.3,67.0,0,11
STU0500,CRS03,6,64.28,70.14,0,11
STU0500,CRS03,7,173.59,77.43,0,11
STU0500,CRS03,8,100.35,54.13,0,11
STU0500,CRS03,9,33.06,64.68,0,11
STU0500,CRS03,10,101.22,65.79,0,11
STU0500,CRS03,11,242.89,85.55,1,11
STU0500,CRS04,1,208.81,74.91,0,11
STU0500,CRS04,2,116.95,74.51,0,11
STU0500,CRS04,3,128.85,81.87,0,11
STU0500,CRS04,4,68.33,90.45,0,11
STU0500,CRS04,5,162.14,86.49,0,11
STU0500,CRS04,6,215.11,80.63,0,11
STU0500,CRS04,7,269.22,99.77,0,11
STU0500,CRS04,8,187.0,77.5,0,11
STU0500,CRS04,9,77.61,63.23,0,11
STU0500,CRS04,10,173.18,97.01,0,11
STU0500,CRS04,11,89.35,77.53,1,11
STU0500,CRS05,1,105.24,96.6,0,12
STU0500,CRS05,2,150.44,93.51,0,12
STU0500,CRS05,3,118.95,100.0,0,12
STU0500,CRS05,4,31.26,86.33,0,12
STU0500,CRS05,5,177.0,96.99,0,12
STU0500,CRS05,6,201.22,100.0,0,12
STU0500,CRS05,7,176.97,88.95,0,12
STU0500,CRS05,8,79.86,86.09,0,12
STU0500,CRS05,9,54.57,100.0,0,12
STU0500,CRS05,10,261.23,100.0,0,12
STU0500,CRS05,11,243.36,100.0,0,12
STU0500,CRS05,12,96.14,91.08,1,12
